tmdb_id,title,cast,director,writers
19995,Avatar,Sam Worthington|Zoe Saldana|Sigourney Weaver|Stephen Lang|Michelle Rodriguez|Giovanni Ribisi|Joel David Moore|CCH Pounder|Wes Studi|Laz Alonso,James Cameron,James Cameron
285,Pirates of the Caribbean: At World's End,Johnny Depp|Orlando Bloom|Keira Knightley|Stellan Skarsgård|Chow Yun-fat|Bill Nighy|Geoffrey Rush|Jack Davenport|Kevin McNally|Tom Hollander,Gore Verbinski,Ted Elliott|Terry Rossio
206647,Spectre,Daniel Craig|Christoph Waltz|Léa Seydoux|Ralph Fiennes|Monica Bellucci|Ben Whishaw|Naomie Harris|Dave Bautista|Andrew Scott|Rory Kinnear,Sam Mendes,John Logan|Ian Fleming|Robert Wade|Neal Purvis|Jez Butterworth
49026,The Dark Knight Rises,Christian Bale|Michael Caine|Gary Oldman|Anne Hathaway|Tom Hardy|Marion Cotillard|Joseph Gordon-Levitt|Morgan Freeman|Cillian Murphy|Juno Temple,Christopher Nolan,Christopher Nolan|Jonathan Nolan|David S. Goyer|Bob Kane
49529,John Carter,Taylor Kitsch|Lynn Collins|Samantha Morton|Willem Dafoe|Thomas Haden Church|Mark Strong|Ciarán Hinds|Dominic West|James Purefoy|Bryan Cranston,Andrew Stanton,Andrew Stanton|Edgar Rice Burroughs|Michael Chabon|Mark Andrews
559,Spider-Man 3,Tobey Maguire|Kirsten Dunst|James Franco|Thomas Haden Church|Topher Grace|Bryce Dallas Howard|Rosemary Harris|James Cromwell|J.K. Simmons|Theresa Russell,Sam Raimi,Sam Raimi|Stan Lee|Steve Ditko|Alvin Sargent|Ivan Raimi
38757,Tangled,Zachary Levi|Mandy Moore|Donna Murphy|Ron Perlman|M.C. Gainey|Jeffrey Tambor|Brad Garrett|Paul F. Tompkins|Richard Kiel|Delaney Rose Stein,Byron Howard|Nathan Greno,Jacob Grimm|Wilhelm Grimm|Dan Fogelman|Mark Kennedy|Glen Keane|Bill Schwab|Shiyoon Kim|Jin Kim
99861,Avengers: Age of Ultron,Robert Downey Jr.|Chris Hemsworth|Mark Ruffalo|Chris Evans|Scarlett Johansson|Jeremy Renner|James Spader|Samuel L. Jackson|Don Cheadle|Aaron Taylor-Johnson,Joss Whedon,Stan Lee|Joss Whedon|Jack Kirby|Jane Wu
767,Harry Potter and the Half-Blood Prince,Daniel Radcliffe|Rupert Grint|Emma Watson|Tom Felton|Michael Gambon|Jim Broadbent|Helena Bonham Carter|Robbie Coltrane|Maggie Smith|Alan Rickman,David Yates,J.K. Rowling|Steve Kloves
209112,Batman v Superman: Dawn of Justice,Ben Affleck|Henry Cavill|Gal Gadot|Amy Adams|Jesse Eisenberg|Diane Lane|Jeremy Irons|Laurence Fishburne|Holly Hunter|Scoot McNairy,Zack Snyder,David S. Goyer|Frank Miller|Bob Kane|Jerry Siegel|Joe Shuster|Jay Oliva|Chris Terrio|Bill Finger
1452,Superman Returns,Brandon Routh|Kevin Spacey|Kate Bosworth|James Marsden|Parker Posey|Frank Langella|Sam Huntington|Eva Marie Saint|Marlon Brando|Kal Penn,Bryan Singer,Bryan Singer|Michael Dougherty|Jerry Siegel|Joe Shuster|Dan Harris
10764,Quantum of Solace,Daniel Craig|Olga Kurylenko|Mathieu Amalric|Judi Dench|Giancarlo Giannini|Gemma Arterton|Jeffrey Wright|David Harbour|Jesper Christensen|Anatole Taubman,Marc Forster,Paul Haggis|Ian Fleming|Robert Wade|Neal Purvis
58,Pirates of the Caribbean: Dead Man's Chest,Johnny Depp|Orlando Bloom|Keira Knightley|Stellan Skarsgård|Bill Nighy|Jack Davenport|Kevin McNally|Jonathan Pryce|Lee Arenberg|Mackenzie Crook,Gore Verbinski,Ted Elliott|Terry Rossio
57201,The Lone Ranger,Johnny Depp|Armie Hammer|William Fichtner|Helena Bonham Carter|James Badge Dale|Tom Wilkinson|Ruth Wilson|Barry Pepper|James Frain|Mason Cook,Gore Verbinski,Ted Elliott|Terry Rossio|Justin Haythe
49521,Man of Steel,Henry Cavill|Amy Adams|Michael Shannon|Kevin Costner|Diane Lane|Russell Crowe|Laurence Fishburne|Antje Traue|Christopher Meloni|Jadin Gould,Zack Snyder,Christopher Nolan|David S. Goyer|Jerry Siegel|Joe Shuster|Jay Oliva
2454,The Chronicles of Narnia: Prince Caspian,Ben Barnes|William Moseley|Anna Popplewell|Skandar Keynes|Georgie Henley|Sergio Castellitto|Alicia Borrachero|Peter Dinklage|Warwick Davis|Vincent Grass,Andrew Adamson,Andrew Adamson|C. S. Lewis|Christopher Markus|Stephen McFeely
24428,The Avengers,Robert Downey Jr.|Chris Evans|Mark Ruffalo|Chris Hemsworth|Scarlett Johansson|Jeremy Renner|Tom Hiddleston|Clark Gregg|Cobie Smulders|Stellan Skarsgård,Joss Whedon,Stan Lee|Joss Whedon|Zak Penn|Jack Kirby|Jane Wu
1865,Pirates of the Caribbean: On Stranger Tides,Johnny Depp|Penélope Cruz|Ian McShane|Kevin McNally|Geoffrey Rush|Sam Claflin|Astrid Bergès-Frisbey|Stephen Graham|Greg Ellis|Damian O'Hare,Rob Marshall,Ted Elliott|Terry Rossio
41154,Men in Black 3,Will Smith|Tommy Lee Jones|Josh Brolin|Michael Stuhlbarg|Emma Thompson|Jemaine Clement|Nicole Scherzinger|Alice Eve|Bill Hader|Michael Chernus,Barry Sonnenfeld,Lowell Cunningham|Etan Cohen
122917,The Hobbit: The Battle of the Five Armies,Martin Freeman|Ian McKellen|Richard Armitage|Ken Stott|Graham McTavish|William Kircher|James Nesbitt|Stephen Hunter|Dean O'Gorman|Aidan Turner,Peter Jackson,Peter Jackson|J.R.R. Tolkien|Fran Walsh|Philippa Boyens|Guillermo del Toro
1930,The Amazing Spider-Man,Andrew Garfield|Emma Stone|Rhys Ifans|Denis Leary|Campbell Scott|Irrfan Khan|Martin Sheen|Sally Field|Max Charles|Chris Zylka,Marc Webb,Stan Lee|Steve Ditko|Alvin Sargent|Steve Kloves|James Vanderbilt
20662,Robin Hood,Russell Crowe|Cate Blanchett|Max von Sydow|William Hurt|Mark Strong|Oscar Isaac|Danny Huston|Eileen Atkins|Mark Addy|Matthew Macfadyen,Ridley Scott,Brian Helgeland
57158,The Hobbit: The Desolation of Smaug,Martin Freeman|Ian McKellen|Richard Armitage|Ken Stott|Graham McTavish|William Kircher|James Nesbitt|Stephen Hunter|Dean O'Gorman|Aidan Turner,Peter Jackson,Peter Jackson|J.R.R. Tolkien|Fran Walsh|Philippa Boyens|Guillermo del Toro
2268,The Golden Compass,Dakota Blue Richards|Nicole Kidman|Daniel Craig|Sam Elliott|Eva Green|Freddie Highmore|Ian McKellen|Ben Walker|Ian McShane|Kristin Scott Thomas,Chris Weitz,Chris Weitz|Philip Pullman
254,King Kong,Naomi Watts|Jack Black|Adrien Brody|Thomas Kretschmann|Colin Hanks|Andy Serkis|Evan Parke|Jamie Bell|Lobo Chan|John Sumner,Peter Jackson,Peter Jackson|Fran Walsh|Philippa Boyens
597,Titanic,Kate Winslet|Leonardo DiCaprio|Frances Fisher|Billy Zane|Kathy Bates|Gloria Stuart|Bill Paxton|Bernard Hill|David Warner|Victor Garber,James Cameron,James Cameron
271110,Captain America: Civil War,Chris Evans|Robert Downey Jr.|Scarlett Johansson|Sebastian Stan|Anthony Mackie|Don Cheadle|Jeremy Renner|Chadwick Boseman|Paul Bettany|Elizabeth Olsen,Anthony Russo|Joe Russo,Christopher Markus|Stephen McFeely|Jack Kirby|Joe Simon|Mark Millar
44833,Battleship,Taylor Kitsch|Alexander Skarsgård|Rihanna|Brooklyn Decker|Tadanobu Asano|Liam Neeson|Gregory D. Gadson|Hamish Linklater|Jesse Plemons|John Tui,Peter Berg,Erich Hoeber|Jon Hoeber
135397,Jurassic World,Chris Pratt|Bryce Dallas Howard|Irrfan Khan|Vincent D'Onofrio|Nick Robinson|Ty Simpkins|Jake Johnson|Omar Sy|BD Wong|Judy Greer,Colin Trevorrow,Michael Crichton|Rick Jaffa|Amanda Silver|John Coven|Colin Trevorrow|Derek Connolly|Timothy Burgard|Robert Consing|Collin Grant|Philip Keller|David Lowery|Dan Sweetman|Amy Lynn Umezu
37724,Skyfall,Daniel Craig|Judi Dench|Javier Bardem|Ralph Fiennes|Naomie Harris|Bérénice Marlohe|Albert Finney|Ben Whishaw|Rory Kinnear|Ola Rapace,Sam Mendes,John Logan|Ian Fleming|Robert Wade|Neal Purvis
558,Spider-Man 2,Tobey Maguire|Kirsten Dunst|James Franco|Alfred Molina|Rosemary Harris|Donna Murphy|J.K. Simmons|Daniel Gillies|Dylan Baker|Willem Dafoe,Sam Raimi,Stan Lee|Steve Ditko|Alvin Sargent|Miles Millar|Alfred Gough|Michael Chabon|Jerry Bingham
68721,Iron Man 3,Robert Downey Jr.|Gwyneth Paltrow|Don Cheadle|Guy Pearce|Rebecca Hall|Jon Favreau|Ben Kingsley|James Badge Dale|Stephanie Szostak|Paul Bettany,Shane Black,Shane Black|Stan Lee|Jack Kirby|Drew Pearce
12155,Alice in Wonderland,Mia Wasikowska|Johnny Depp|Anne Hathaway|Helena Bonham Carter|Crispin Glover|Marton Csokas|Lindsay Duncan|Matt Lucas|Geraldine James|Tim Pigott-Smith,Tim Burton,Linda Woolverton|Lewis Carroll|Michael Schlingmann
36668,X-Men: The Last Stand,Hugh Jackman|Halle Berry|Ian McKellen|Patrick Stewart|Famke Janssen|Anna Paquin|Kelsey Grammer|Shawn Ashmore|Aaron Stanford|Ellen Page,Brett Ratner,Simon Kinberg|Zak Penn
62211,Monsters University,Billy Crystal|John Goodman|Steve Buscemi|Helen Mirren|Noah Johnston|Peter Sohn|Joel Murray|Sean Hayes|Dave Foley|Charlie Day,Dan Scanlon,Daniel Gerson|Robert L. Baird|Dan Scanlon
8373,Transformers: Revenge of the Fallen,Shia LaBeouf|Megan Fox|Josh Duhamel|Rainn Wilson|Tyrese Gibson|John Turturro|Kevin Dunn|Julie White|Ramón Rodríguez|Isabel Lucas,Michael Bay,Ehren Kruger
91314,Transformers: Age of Extinction,Mark Wahlberg|Stanley Tucci|Kelsey Grammer|Nicola Peltz|Jack Reynor|Titus Welliver|Sophia Myles|Li Bingbing|T.J. Miller|James Bachman,Michael Bay,Ehren Kruger
68728,Oz: The Great and Powerful,James Franco|Mila Kunis|Rachel Weisz|Michelle Williams|Zach Braff|Bill Cobbs|Joey King|Tony Cox|Stephen R. Hart|Abigail Spencer,Sam Raimi,L. Frank Baum|Mitchell Kapner|David Lindsay-Abaire
102382,The Amazing Spider-Man 2,Andrew Garfield|Emma Stone|Jamie Foxx|Dane DeHaan|Campbell Scott|Embeth Davidtz|Colm Feore|Paul Giamatti|Sally Field|Max Charles,Marc Webb,Stan Lee|Steve Ditko|Alex Kurtzman|Roberto Orci|James Vanderbilt|Jeff Pinkner
20526,TRON: Legacy,Garrett Hedlund|Jeff Bridges|Olivia Wilde|Bruce Boxleitner|Yaya DaCosta|Serinda Swan|Beau Garrett|Elizabeth Mathis|James Frain|Amy Esterle,Joseph Kosinski,Steven Lisberger|Richard Jefferies|Edward Kitsis|Adam Horowitz
49013,Cars 2,Owen Wilson|Larry the Cable Guy|Michael Caine|Emily Mortimer|John Turturro|Eddie Izzard|Thomas Kretschmann|Joe Mantegna|Peter Jacobson|Bruce Campbell,John Lasseter|Brad Lewis,John Lasseter|Dan Fogelman|Brad Lewis|Ben Queen|Nick Sung|Sajan Skaria|Robert Moyer
44912,Green Lantern,Ryan Reynolds|Blake Lively|Peter Sarsgaard|Tim Robbins|Mark Strong|Temuera Morrison|Jenna Craig|Jon Tenney|Mike Doyle|NicK Jandl,Martin Campbell,Michael Goldenberg|Greg Berlanti|Marc Guggenheim|Michael Green
10193,Toy Story 3,Tom Hanks|Tim Allen|Ned Beatty|Joan Cusack|Michael Keaton|Whoopi Goldberg|Bonnie Hunt|Wallace Shawn|John Ratzenberger|Don Rickles,Lee Unkrich,Andrew Stanton|Lee Unkrich|John Lasseter|Michael Arndt|Nick Sung
534,Terminator Salvation,Christian Bale|Sam Worthington|Anton Yelchin|Moon Bloodgood|Bryce Dallas Howard|Helena Bonham Carter|Common|Roland Kickinger|Michael Ironside|Jane Alexander,McG,John D. Brancato|Michael Ferris|Steven E. Gordon
168259,Furious 7,Vin Diesel|Paul Walker|Dwayne Johnson|Michelle Rodriguez|Tyrese Gibson|Ludacris|Jordana Brewster|Djimon Hounsou|Tony Jaa|Ronda Rousey,James Wan,Gary Scott Thompson|Chris Morgan
72190,World War Z,Brad Pitt|Mireille Enos|Abigail Hargrove|Sterling Jerins|James Badge Dale|Elyes Gabel|David Andrews|Daniella Kertesz|Ludi Boeken|Fana Mokoena,Marc Forster,J. Michael Straczynski|Matthew Michael Carnahan|Drew Goddard|Damon Lindelof|Max Brooks
127585,X-Men: Days of Future Past,Hugh Jackman|James McAvoy|Michael Fassbender|Jennifer Lawrence|Halle Berry|Anna Paquin|Ellen Page|Peter Dinklage|Ian McKellen|Patrick Stewart,Bryan Singer,Matthew Vaughn|Simon Kinberg|Jane Goldman|Chris Claremont
54138,Star Trek Into Darkness,Chris Pine|Zachary Quinto|Zoe Saldana|Karl Urban|Simon Pegg|John Cho|Benedict Cumberbatch|Anton Yelchin|Bruce Greenwood|Peter Weller,J.J. Abrams,Gene Roddenberry|Alex Kurtzman|Roberto Orci|Damon Lindelof
81005,Jack the Giant Slayer,Nicholas Hoult|Eleanor Tomlinson|Ewan McGregor|Stanley Tucci|Ian McShane|Eddie Marsan|Ewen Bremner|Warwick Davis|Bill Nighy|Ralph Brown,Bryan Singer,Christopher McQuarrie|David Dobkin|Dan Studney|Darren Lemke 
64682,The Great Gatsby,Leonardo DiCaprio|Tobey Maguire|Carey Mulligan|Joel Edgerton|Elizabeth Debicki|Isla Fisher|Jason Clarke|Amitabh Bachchan|Callan McAuliffe|Adelaide Clemens,Baz Luhrmann,Baz Luhrmann|Craig Pearce|F. Scott Fitzgerald
9543,Prince of Persia: The Sands of Time,Jake Gyllenhaal|Gemma Arterton|Ben Kingsley|Alfred Molina|Steve Toussaint|Toby Kebbell|Richard Coyle|Ronald Pickup|Reece Ritchie|Gísli Örn Garðarsson,Mike Newell,Boaz Yakin|Jordan Mechner|Doug Miro|Carlo Bernard
68726,Pacific Rim,Idris Elba|Charlie Hunnam|Charlie Day|Ron Perlman|Burn Gorman|Rinko Kikuchi|Max Martini|Robert Maillet|Robert Kazinsky|Larry Joe Campbell,Guillermo del Toro,Travis Beacham|Guillermo del Toro
38356,Transformers: Dark of the Moon,Shia LaBeouf|John Malkovich|Ken Jeong|Frances McDormand|Josh Duhamel|Tyrese Gibson|Hugo Weaving|Leonard Nimoy|John Turturro|Rosie Huntington-Whiteley,Michael Bay,Ehren Kruger
217,Indiana Jones and the Kingdom of the Crystal Skull,Harrison Ford|Cate Blanchett|Shia LaBeouf|Ray Winstone|Karen Allen|John Hurt|Jim Broadbent|Andrew Divoff|Igor Jijikine|Pavel Lychnikoff,Steven Spielberg,George Lucas|David Koepp|Philip Kaufman|Jeff Nathanson
105864,The Good Dinosaur,Raymond Ochoa|Jack Bright|Jeffrey Wright|Frances McDormand|Maleah Nipay-Padilla|Ryan Teeple|Jack McGraw|Marcus Scribner|Peter Sohn|Steve Zahn,Peter Sohn,Bob Peterson|Peter Sohn|Kelsey Mann|Erik Benson|Meg LeFauve
62177,Brave,Kelly Macdonald|Julie Walters|Billy Connolly|Emma Thompson|Kevin McKidd|Craig Ferguson|Robbie Coltrane|Peigi Barker|Steven Cree|Steve Purcell,Brenda Chapman|Mark Andrews|Steve Purcell,Irene Mecchi|Brenda Chapman|Mark Andrews|Steve Purcell|Nick Sung
188927,Star Trek Beyond,Chris Pine|Zachary Quinto|Karl Urban|Simon Pegg|Zoe Saldana|John Cho|Anton Yelchin|Sofia Boutella|Idris Elba|Joe Taslim,Justin Lin,Gene Roddenberry|Simon Pegg|Doug Jung
10681,WALL·E,Ben Burtt|Elissa Knight|Jeff Garlin|Fred Willard|John Ratzenberger|Kathy Najimy|Teresa Ganzel|Laraine Newman|MacInTalk|Teddy Newton,Andrew Stanton,Andrew Stanton|Pete Docter|Jim Reardon
5174,Rush Hour 3,Chris Tucker|Jackie Chan|Hiroyuki Sanada|Max von Sydow|Yvan Attal|Roman Polanski|Zhang Jingchu|Philip Baker Hall|Noémie Lenoir|Sarah Shahi,Brett Ratner,Jeff Nathanson|Ross LaManna
14161,2012,John Cusack|Amanda Peet|Chiwetel Ejiofor|Thandie Newton|Oliver Platt|Tom McCarthy|Woody Harrelson|Danny Glover|Liam James|Morgan Lily,Roland Emmerich,Harald Kloser|Roland Emmerich
17979,A Christmas Carol,Gary Oldman|Jim Carrey|Steve Valentine|Daryl Sabara|Sage Ryan|Amber Gainey Meade|Ryan Ochoa|Bobbi Page|Ron Bottitta|Sammi Hanratty,Robert Zemeckis,Robert Zemeckis|Charles Dickens
76757,Jupiter Ascending,Mila Kunis|Channing Tatum|Sean Bean|Eddie Redmayne|Douglas Booth|Tuppence Middleton|Gugu Mbatha-Raw|Nikki Amuka-Bird|Christina Cole|Nicholas A. Newman,Lilly Wachowski|Lana Wachowski,Lilly Wachowski|Lana Wachowski
258489,The Legend of Tarzan,Alexander Skarsgård|Margot Robbie|Christoph Waltz|Samuel L. Jackson|Djimon Hounsou|Jim Broadbent|Casper Crump|Yule Masiteng|Ben Chaplin|Sidney Ralitsoele,David Yates,Stuart Beattie|Edgar Rice Burroughs|Craig Brewer|John Collee|Adam Cozad
411,"The Chronicles of Narnia: The Lion, the Witch and the Wardrobe",William Moseley|Anna Popplewell|Skandar Keynes|Georgie Henley|Liam Neeson|Tilda Swinton|James McAvoy|Jim Broadbent|Kiran Shah|James Cosmo,Andrew Adamson,Andrew Adamson|C. S. Lewis|Ann Peacock|Christopher Markus|Stephen McFeely
246655,X-Men: Apocalypse,James McAvoy|Michael Fassbender|Jennifer Lawrence|Nicholas Hoult|Oscar Isaac|Rose Byrne|Evan Peters|Josh Helman|Sophie Turner|Tye Sheridan,Bryan Singer,Stan Lee|Bryan Singer|Simon Kinberg|Michael Dougherty|Jack Kirby|Dan Harris
155,The Dark Knight,Christian Bale|Heath Ledger|Aaron Eckhart|Michael Caine|Maggie Gyllenhaal|Gary Oldman|Morgan Freeman|Monique Gabriela Curnen|Ron Dean|Cillian Murphy,Christopher Nolan,Christopher Nolan|Jonathan Nolan|David S. Goyer|Bob Kane|Bill Finger|Jerry Robinson
14160,Up,Ed Asner|Christopher Plummer|Jordan Nagai|Bob Peterson|Delroy Lindo|Jerome Ranft|John Ratzenberger|David Kaye|Elie Docter|Jeremy Leary,Pete Docter,Bob Peterson|Pete Docter|Tom McCarthy
15512,Monsters vs Aliens,Seth Rogen|Reese Witherspoon|Hugh Laurie|Paul Rudd|Kiefer Sutherland|Rainn Wilson|Will Arnett|Stephen Colbert|Jimmy Kimmel|Julie White,Conrad Vernon|Rob Letterman,Wallace Wolodarsky|Glenn Berger|Jonathan Aibel|Maya Forbes|Rob Letterman
1726,Iron Man,Robert Downey Jr.|Terrence Howard|Jeff Bridges|Shaun Toub|Gwyneth Paltrow|Faran Tahir|Paul Bettany|Leslie Bibb|Clark Gregg|Will Lyman,Jon Favreau,Stan Lee|Jack Kirby|Art Marcum|Matt Holloway|Larry Lieber|Don Heck
44826,Hugo,Ben Kingsley|Sacha Baron Cohen|Asa Butterfield|Chloë Grace Moretz|Ray Winstone|Emily Mortimer|Christopher Lee|Helen McCrory|Michael Stuhlbarg|Frances de la Tour,Martin Scorsese,John Logan|Brian Selznick
8487,Wild Wild West,Will Smith|Kevin Kline|Kenneth Branagh|Salma Hayek|M. Emmet Walsh|Ted Levine|Frederique van der Wal|Musetta Vander|Sofia Eng|Garcelle Beauvais,Barry Sonnenfeld,Jeffrey Price|Peter S. Seaman|Brent Maddock|S. S. Wilson
1735,The Mummy: Tomb of the Dragon Emperor,Brendan Fraser|Jet Li|John Hannah|Maria Bello|Luke Ford|Michelle Yeoh|Isabella Leong|Anthony Wong|Russell Wong|Liam Cunningham,Rob Cohen,Miles Millar|Alfred Gough
297761,Suicide Squad,Will Smith|Margot Robbie|Joel Kinnaman|Viola Davis|Jared Leto|Jai Courtney|Jay Hernandez|Adewale Akinnuoye-Agbaje|Cara Delevingne|Karen Fukuhara,David Ayer,David Ayer
2698,Evan Almighty,Steve Carell|Lauren Graham|John Goodman|Jimmy Bennett|John Michael Higgins|Morgan Freeman|Wanda Sykes|Graham Phillips|Johnny Simmons|Jonah Hill,Tom Shadyac,Steve Oedekerk
137113,Edge of Tomorrow,Tom Cruise|Emily Blunt|Brendan Gleeson|Bill Paxton|Jonas Armstrong|Tony Way|Kick Gurry|Franz Drameh|Dragomir Mrsic|Charlotte Riley,Doug Liman,Christopher McQuarrie|Jez Butterworth|John-Henry Butterworth|Hiroshi Sakurazaka
9804,Waterworld,Kevin Costner|Chaim Girafi|Rick Aviles|R. D. Call|Zitto Kazann|Jeanne Tripplehorn|Dennis Hopper|Jack Black|Zakes Mokae|Jack Kehler,Kevin Reynolds,David Twohy|Peter Rader
14869,G.I. Joe: The Rise of Cobra,Dennis Quaid|Channing Tatum|Marlon Wayans|Sienna Miller|Joseph Gordon-Levitt|Saïd Taghmaoui|Christopher Eccleston|Adewale Akinnuoye-Agbaje|Lee Byung-hun|Rachel Nichols,Stephen Sommers,Stuart Beattie|David Elliot|Paul Lovett
150540,Inside Out,Amy Poehler|Phyllis Smith|Richard Kind|Bill Hader|Lewis Black|Mindy Kaling|Kaitlyn Dias|Diane Lane|Kyle MacLachlan|Paula Poundstone,Pete Docter,Pete Docter|Josh Cooley|Ronnie del Carmen|Meg LeFauve
278927,The Jungle Book,Neel Sethi|Bill Murray|Ben Kingsley|Idris Elba|Scarlett Johansson|Christopher Walken|Lupita Nyong'o|Giancarlo Esposito|Garry Shandling|Jon Favreau,Jon Favreau,Rudyard Kipling|Justin Marks|Phil Langone
10138,Iron Man 2,Robert Downey Jr.|Gwyneth Paltrow|Don Cheadle|Scarlett Johansson|Mickey Rourke|Sam Rockwell|Samuel L. Jackson|Clark Gregg|John Slattery|Garry Shandling,Jon Favreau,Justin Theroux|Stan Lee|Jack Kirby|Larry Lieber|Don Heck
58595,Snow White and the Huntsman,Kristen Stewart|Charlize Theron|Chris Hemsworth|Sam Claflin|Ian McShane|Ray Winstone|Nick Frost|Toby Jones|Eddie Marsan|Bob Hoskins,Rupert Sanders,John Lee Hancock|Hossein Amini|Evan Daugherty
102651,Maleficent,Angelina Jolie|Elle Fanning|Sharlto Copley|Sam Riley|Juno Temple|Imelda Staunton|Lesley Manville|Brenton Thwaites|Isobelle Molloy|Miranda Richardson,Robert Stromberg,Linda Woolverton
119450,Dawn of the Planet of the Apes,Andy Serkis|Jason Clarke|Gary Oldman|Keri Russell|Toby Kebbell|Kodi Smit-McPhee|Kirk Acevedo|Judy Greer|Terry Notary|Karin Konoval,Matt Reeves,Pierre Boulle|Mark Bomback|Rick Jaffa|Amanda Silver
79698,The Lovers,Josh Hartnett|Simone Kessell|Tamsin Egerton|Alice Englert|Bipasha Basu|Abhay Deol|Tehmina Sunny|Shane Briant|Steve Nicolson|Atul Kulkarni,Roland Joffé,Roland Joffé|Ajey Jhankar
64686,47 Ronin,Keanu Reeves|Hiroyuki Sanada|Kou Shibasaki|Tadanobu Asano|Min Tanaka|Rinko Kikuchi|Jin Akanishi|Masayoshi Haneda|Hiroshi Sogabe|Takato Yonemoto,Carl Rinsch,Walter Hamada|Chris Morgan|Hossein Amini
100402,Captain America: The Winter Soldier,Chris Evans|Samuel L. Jackson|Scarlett Johansson|Robert Redford|Sebastian Stan|Anthony Mackie|Cobie Smulders|Frank Grillo|Maximiliano Hernández|Emily VanCamp,Anthony Russo|Joe Russo,Christopher Markus|Stephen McFeely|Ed Brubaker
10192,Shrek Forever After,Mike Myers|Eddie Murphy|Cameron Diaz|Antonio Banderas|Julie Andrews|Jon Hamm|John Cleese|Craig Robinson|Walt Dohrn|Jane Lynch,Mike Mitchell,William Steig|Josh Klausner|Darren Lemke 
158852,Tomorrowland,Britt Robertson|George Clooney|Raffey Cassidy|Thomas Robinson|Hugh Laurie|Kathryn Hahn|Keegan-Michael Key|Tim McGraw|Chris Bauer|Pierce Gagnon,Brad Bird,Brad Bird|Damon Lindelof|Jeff Jensen
177572,Big Hero 6,Scott Adsit|Ryan Potter|Daniel Henney|T.J. Miller|Jamie Chung|Damon Wayans Jr.|Génesis Rodríguez|James Cromwell|Alan Tudyk|Maya Rudolph,Chris Williams|Don Hall,Daniel Gerson|Robert L. Baird|Jordan Roberts|Duncan Rouleau|Joseph Mateo|Steven T. Seagle
82690,Wreck-It Ralph,John C. Reilly|Sarah Silverman|Jack McBrayer|Jane Lynch|Alan Tudyk|Mindy Kaling|Joe Lo Truglio|Ed O'Neill|Dennis Haysbert|Adam Carolla,Rich Moore,Jim Reardon|Rich Moore|Phil Johnston|Jennifer Lee|Nicole Mitchell
5255,The Polar Express,Tom Hanks|Michael Jeter|Nona Gaye|Peter Scolari|Eddie Deezen|Leslie Zemeckis|Steven Tyler|Julene Renee|Chris Coppola|Charles Fleischer,Robert Zemeckis,Robert Zemeckis|William Broyles Jr.|Chris van Allsburg|Enfys Dickinson|Maureen Beatty
47933,Independence Day: Resurgence,Liam Hemsworth|Jeff Goldblum|Bill Pullman|Maika Monroe|Sela Ward|William Fichtner|Vivica A. Fox|Charlotte Gainsbourg|Brent Spiner|Judd Hirsch,Roland Emmerich,Roland Emmerich|Dean Devlin|James Vanderbilt|Nicolas Wright|James A. Woods
10191,How to Train Your Dragon,Jay Baruchel|Gerard Butler|Craig Ferguson|America Ferrera|Jonah Hill|Christopher Mintz-Plasse|T.J. Miller|Kristen Wiig|Robin Atkin Downes|Philip McGrade,Chris Sanders|Dean DeBlois,Cressida Cowell|Chris Sanders|Dean DeBlois|Will Davies|Stephan Franck
296,Terminator 3: Rise of the Machines,Arnold Schwarzenegger|Nick Stahl|Claire Danes|Kristanna Loken|David Andrews|Mark Famiglietti|Earl Boen|Moira Harris|Chopper Bernet|Christopher Lawford,Jonathan Mostow,Gale Anne Hurd|James Cameron|John D. Brancato|Michael Ferris|Tedi Sarafian|Robert Consing
118340,Guardians of the Galaxy,Chris Pratt|Zoe Saldana|Dave Bautista|Vin Diesel|Bradley Cooper|Lee Pace|Michael Rooker|Karen Gillan|Djimon Hounsou|John C. Reilly,James Gunn,James Gunn|Dan Abnett|Nicole Perlman|Andy Lanning|Jane Wu
157336,Interstellar,Matthew McConaughey|Jessica Chastain|Anne Hathaway|Michael Caine|Casey Affleck|Mackenzie Foy|Timothée Chalamet|Bill Irwin|Matt Damon|Ellen Burstyn,Christopher Nolan,Christopher Nolan|Jonathan Nolan
27205,Inception,Leonardo DiCaprio|Joseph Gordon-Levitt|Ellen Page|Tom Hardy|Ken Watanabe|Cillian Murphy|Marion Cotillard|Michael Caine|Dileep Rao|Tom Berenger,Christopher Nolan,Christopher Nolan
315011,Shin Godzilla,Hiroki Hasegawa|Yutaka Takenouchi|Satomi Ishihara|Kengo Kora|Matsuo Satoru|Mikako Ichikawa|Issei Takahashi|Kanji Tsuda|Shinya Tsukamoto|Toru Nomaguchi,Hideaki Anno|Shinji Higuchi,Hideaki Anno
49051,The Hobbit: An Unexpected Journey,Ian McKellen|Martin Freeman|Richard Armitage|Andy Serkis|Cate Blanchett|Christopher Lee|Sylvester McCoy|Ian Holm|Elijah Wood|Hugo Weaving,Peter Jackson,Peter Jackson|J.R.R. Tolkien|Fran Walsh|Philippa Boyens|Guillermo del Toro|Warren Mahy 
9799,The Fast and the Furious,Paul Walker|Vin Diesel|Michelle Rodriguez|Jordana Brewster|Rick Yune|Chad Lindberg|Johnny Strong|Ted Levine|Matt Schulze|Thom Barry,Rob Cohen,Gary Scott Thompson|David Ayer|Ken Li|Erik Bergquist|John Mann
4922,The Curious Case of Benjamin Button,Cate Blanchett|Brad Pitt|Tilda Swinton|Julia Ormond|Elle Fanning|Madisen Beaty|Jason Flemyng|Elias Koteas|Taraji P. Henson|Josh Stewart,David Fincher,Eric Roth|F. Scott Fitzgerald
49538,X-Men: First Class,James McAvoy|Michael Fassbender|Jennifer Lawrence|Kevin Bacon|Rose Byrne|Nicholas Hoult|January Jones|Jason Flemyng|Lucas Till|Caleb Landry Jones,Matthew Vaughn,Matthew Vaughn|Jane Goldman|Ashley Edward Miller|Zack Stentz
131634,The Hunger Games: Mockingjay - Part 2,Jennifer Lawrence|Josh Hutcherson|Liam Hemsworth|Woody Harrelson|Elizabeth Banks|Julianne Moore|Philip Seymour Hoffman|Jeffrey Wright|Stanley Tucci|Donald Sutherland,Francis Lawrence,Danny Strong|Suzanne Collins|Peter Craig
27022,The Sorcerer's Apprentice,Nicolas Cage|Jay Baruchel|Monica Bellucci|Alfred Molina|Teresa Palmer|Ethan Peck|Alice Krige|Peyton List|Toby Kebbell|Omar Benson Miller,Jon Turteltaub,Doug Miro|Carlo Bernard
503,Poseidon,Kurt Russell|Richard Dreyfuss|Josh Lucas|Jacinda Barrett|Emmy Rossum|Mike Vogel|Mía Maestro|Jimmy Bennett|Andre Braugher|Freddy Rodríguez,Wolfgang Petersen,Mark Protosevich|Paul Gallico
241259,Alice Through the Looking Glass,Johnny Depp|Mia Wasikowska|Anne Hathaway|Helena Bonham Carter|Alan Rickman|Michael Sheen|Sacha Baron Cohen|Andrew Scott|Toby Jones|Rhys Ifans,James Bobin,Linda Woolverton|Lewis Carroll
810,Shrek the Third,Mike Myers|Eddie Murphy|Cameron Diaz|Julie Andrews|Antonio Banderas|John Cleese|Rupert Everett|Eric Idle|Amy Sedaris|Justin Timberlake,Chris Miller|Raman Hui,Jeffrey Price|Peter S. Seaman|Jon Zack
68735,Warcraft,Paula Patton|Travis Fimmel|Ben Foster|Robert Kazinsky|Dominic Cooper|Toby Kebbell|Ben Schnetzer|Daniel Wu|Clancy Brown|Ruth Negga,Duncan Jones,Charles Leavitt|Duncan Jones|Chris Metzen
87101,Terminator Genisys,Arnold Schwarzenegger|Jason Clarke|Emilia Clarke|Jai Courtney|J.K. Simmons|Dayo Okeniyi|Matt Smith|Courtney B. Vance|Lee Byung-hun|Michael Gladis,Alan Taylor,Gale Anne Hurd|James Cameron|Laeta Kalogridis|Patrick Lussier|Jane Wu
10140,The Chronicles of Narnia: The Voyage of the Dawn Treader,Skandar Keynes|Georgie Henley|Simon Pegg|Gary Sweet|Arthur Angel|Tilda Swinton|Tony Nixon|Shane Rangi|Colin Moody|Ben Barnes,Michael Apted,C. S. Lewis|Christopher Markus|Stephen McFeely|Michael Petroni
676,Pearl Harbor,Ben Affleck|Josh Hartnett|Kate Beckinsale|Cuba Gooding Jr.|Jon Voight|Alec Baldwin|Tom Sizemore|William Lee Scott|Greg Zola|Ewen Bremner,Michael Bay,Randall Wallace
1858,Transformers,Shia LaBeouf|Josh Duhamel|Megan Fox|Rachael Taylor|Tyrese Gibson|Jon Voight|John Turturro|Anthony Anderson|Peter Cullen|Mark Ryan,Michael Bay,Alex Kurtzman|Roberto Orci|John Rogers
1966,Alexander,Colin Farrell|Angelina Jolie|Val Kilmer|Jared Leto|Jonathan Rhys Meyers|Anthony Hopkins|Jessie Kamm|Christopher Plummer|Connor Paolo|Patrick Carroll,Oliver Stone,Oliver Stone|Laeta Kalogridis|Christopher Kyle|Enfys Dickinson|Martin Asbury
675,Harry Potter and the Order of the Phoenix,Daniel Radcliffe|Rupert Grint|Emma Watson|Michael Gambon|Ralph Fiennes|Tom Felton|Robbie Coltrane|Alan Rickman|Maggie Smith|Helena Bonham Carter,David Yates,Michael Goldenberg|J.K. Rowling
674,Harry Potter and the Goblet of Fire,Daniel Radcliffe|Rupert Grint|Emma Watson|Ralph Fiennes|Michael Gambon|Alan Rickman|Robbie Coltrane|Brendan Gleeson|Miranda Richardson|Gary Oldman,Mike Newell,J.K. Rowling|Steve Kloves
8960,Hancock,Will Smith|Charlize Theron|Jason Bateman|Jae Head|Eddie Marsan|David Mattey|Thomas Lennon|Johnny Galecki|Hayley Marie Norman|Trieu Tran,Peter Berg,Vincent Ngo|Vince Gilligan
6479,I Am Legend,Will Smith|Alice Braga|Charlie Tahan|Salli Richardson-Whitfield|Willow Smith|Emma Thompson|Darrell Foster|Joanna Numata|Dash Mihok|Samuel Glen,Francis Lawrence,Akiva Goldsman|Mark Protosevich|Richard Matheson
118,Charlie and the Chocolate Factory,Johnny Depp|Freddie Highmore|David Kelly|AnnaSophia Robb|Julia Winter|Jordan Fry|Philip Wiegratz|Helena Bonham Carter|Noah Taylor|Missi Pyle,Tim Burton,Roald Dahl|John August|John Greaves
2062,Ratatouille,Patton Oswalt|Ian Holm|Lou Romano|Brian Dennehy|Peter Sohn|Peter O'Toole|Brad Garrett|Janeane Garofalo|Will Arnett|Julius Callahan,Jan Pinkava|Brad Bird,Jan Pinkava|Brad Bird|Jim Capobianco
272,Batman Begins,Christian Bale|Michael Caine|Liam Neeson|Katie Holmes|Gary Oldman|Cillian Murphy|Tom Wilkinson|Morgan Freeman|Rutger Hauer|Ken Watanabe,Christopher Nolan,Christopher Nolan|David S. Goyer|Bob Kane|Martin Asbury
10527,Madagascar: Escape 2 Africa,Ben Stiller|Jada Pinkett Smith|David Schwimmer|Chris Rock|Cedric the Entertainer|Andy Richter|Bernie Mac|Alec Baldwin|Sacha Baron Cohen|Sherri Shepherd,Eric Darnell|Tom McGrath,Etan Cohen
18360,Night at the Museum: Battle of the Smithsonian,Ben Stiller|Amy Adams|Owen Wilson|Hank Azaria|Robin Williams|Christopher Guest|Steve Coogan|Ricky Gervais|Bill Hader|Jon Bernthal,Shawn Levy,Thomas Lennon|Milan Trenc
2080,X-Men Origins: Wolverine,Hugh Jackman|Liev Schreiber|Danny Huston|Lynn Collins|Ryan Reynolds|Will.i.am|Taylor Kitsch|Kevin Durand|Dominic Monaghan|Daniel Henney,Gavin Hood,David Benioff|Skip Woods
605,The Matrix Revolutions,Keanu Reeves|Laurence Fishburne|Carrie-Anne Moss|Hugo Weaving|Mary Alice|Helmut Bakaitis|Lambert Wilson|Roy Jones Jr.|Randall Duk Kim|Harry Lennix,Lilly Wachowski|Lana Wachowski,Lilly Wachowski|Lana Wachowski
109445,Frozen,Kristen Bell|Idina Menzel|Jonathan Groff|Josh Gad|Santino Fontana|Alan Tudyk|Ciarán Hinds|Chris Williams|Stephen J. Anderson|Maia Wilson,Chris Buck|Jennifer Lee,Chris Buck|Hans Christian Andersen|Shane Morris|Jennifer Lee|Nicole Mitchell
604,The Matrix Reloaded,Keanu Reeves|Carrie-Anne Moss|Laurence Fishburne|Hugo Weaving|Helmut Bakaitis|Steve Bastoni|Don Battee|Monica Bellucci|Daniel Bernhardt|Valerie Berry,Lilly Wachowski|Lana Wachowski,Lilly Wachowski|Lana Wachowski
76338,Thor: The Dark World,Chris Hemsworth|Natalie Portman|Tom Hiddleston|Anthony Hopkins|Christopher Eccleston|Jaimie Alexander|Zachary Levi|Ray Stevenson|Tadanobu Asano|Idris Elba,Alan Taylor,Christopher Markus|Stephen McFeely|Robert Rodat|Don Payne|Christopher Yost|Jane Wu
76341,Mad Max: Fury Road,Tom Hardy|Charlize Theron|Nicholas Hoult|Hugh Keays-Byrne|Josh Helman|Nathan Jones|Zoë Kravitz|Rosie Huntington-Whiteley|Riley Keough|Abbey Lee,George Miller,George Miller|Nick Lathouris|Brendan McCarthy
13448,Angels & Demons,Tom Hanks|Ewan McGregor|Ayelet Zurer|Stellan Skarsgård|Pierfrancesco Favino|Armin Mueller-Stahl|Thure Lindhardt|David Pasquesi|Cosimo Fusco|Victor Alfieri,Ron Howard,David Koepp|Akiva Goldsman|Dan Brown
10195,Thor,Chris Hemsworth|Natalie Portman|Tom Hiddleston|Anthony Hopkins|Stellan Skarsgård|Kat Dennings|Clark Gregg|Colm Feore|Idris Elba|Ray Stevenson,Kenneth Branagh,Don Payne|J. Michael Straczynski|Ashley Edward Miller|Zack Stentz|Kerry Lyn McKissick
13053,Bolt,John Travolta|Miley Cyrus|Susie Essman|Mark Walton|Malcolm McDowell|James Lipton|Greg Germann|Diedrich Bader|Nick Swardson|J.P. Manoux,Chris Williams|Byron Howard,Dan Fogelman|Chris Williams
19585,G-Force,Sam Rockwell|Penélope Cruz|Tracy Morgan|Jon Favreau|Steve Buscemi|Nicolas Cage|Edwin Louis|Jared Lavette|Micah Lavette|Bill Nighy,Hoyt Yeatman,Ted Elliott|Terry Rossio|Cormac Wibberley|Marianne Wibberley|Tim Firth
57165,Wrath of the Titans,Sam Worthington|Liam Neeson|Ralph Fiennes|Edgar Ramírez|Toby Kebbell|Rosamund Pike|Bill Nighy|Danny Huston|John Bell|Lily James,Jonathan Liebesman,David Leslie Johnson|Dan Mazeau
62213,Dark Shadows,Johnny Depp|Michelle Pfeiffer|Helena Bonham Carter|Jackie Earle Haley|Jonny Lee Miller|Eva Green|Bella Heathcote|Chloë Grace Moretz|Gulliver McGrath|Ray Shirley,Tim Burton,John August|Seth Grahame-Smith
177677,Mission: Impossible - Rogue Nation,Tom Cruise|Rebecca Ferguson|Simon Pegg|Jeremy Renner|Ving Rhames|Sean Harris|Simon McBurney|Zhang Jingchu|Tom Hollander|Jens Hultén,Christopher McQuarrie,Christopher McQuarrie|Bruce Geller|Drew Pearce
7978,The Wolfman,Benicio del Toro|Anthony Hopkins|Emily Blunt|Hugo Weaving|Cristina Contes|David Sterne|Elizabeth Croft|Simon Merrells|Art Malik|Asa Butterfield,Joe Johnston,Curt Siodmak|Andrew Kevin Walker|David Self
5559,Bee Movie,Jerry Seinfeld|Renée Zellweger|Jim Cummings|Matthew Broderick|Patrick Warburton|John Goodman|Chris Rock|Kathy Bates|Barry Levinson|Megan Mullally,Steve Hickner|Simon J. Smith,Jerry Seinfeld|Spike Feresten|Barry Marder|Andy Robin
49444,Kung Fu Panda 2,Jack Black|Angelina Jolie|Dustin Hoffman|Gary Oldman|Jackie Chan|Lucy Liu|Seth Rogen|David Cross|Michelle Yeoh|James Hong,Jennifer Yuh Nelson,Glenn Berger|Jonathan Aibel
10196,The Last Airbender,Noah Ringer|Nicola Peltz|Jackson Rathbone|Dev Patel|Shaun Toub|Aasif Mandvi|Dee Bradley Baker|Ben Cooke|Katharine Houghton|Cliff Curtis,M. Night Shyamalan,M. Night Shyamalan
956,Mission: Impossible III,Tom Cruise|Philip Seymour Hoffman|Ving Rhames|Billy Crudup|Jonathan Rhys Meyers|Michelle Monaghan|Keri Russell|Maggie Q|Simon Pegg|Aaron Paul,J.J. Abrams,Bruce Geller|J.J. Abrams|Alex Kurtzman|Roberto Orci
117251,White House Down,Channing Tatum|Jamie Foxx|Joey King|Maggie Gyllenhaal|Richard Jenkins|James Woods|Nicolas Wright|Jimmi Simpson|Michael Murphy|Rachelle Lefevre,Roland Emmerich,James Vanderbilt
50321,Mars Needs Moms,Seth Green|Joan Cusack|Dan Fogler|Breckin Meyer|Elisabeth Harnois|Tom Everett Scott|Mindy Sterling|Julene Renee|Raymond Ochoa|Robert Ochoa,Simon Wells,Simon Wells
11619,Flushed Away,Hugh Jackman|Kate Winslet|Ian McKellen|Jean Reno|Bill Nighy|Andy Serkis|Shane Richie|Kathy Burke|David Suchet|Miriam Margolyes,David Bowers|Sam Fell,Dick Clement|William Davies|Ian La Frenais|Peter Lord|Sam Fell|Joe Keenan|Christopher Lloyd|Pilar Flynn
266647,Pan,Levi Miller|Garrett Hedlund|Hugh Jackman|Rooney Mara|Amanda Seyfried|Nonso Anozie|Kathy Burke|Adeel Akhtar|Cara Delevingne|Paul Kaye,Joe Wright,J.M. Barrie|Jason Fuchs
82703,Mr. Peabody & Sherman,Ty Burrell|Max Charles|Ariel Winter|Allison Janney|Ellie Kemper|Stephen Colbert|Stephen Tobolowsky|Karan Brar|Joshua Rush|Adam Alexi-Malle,Rob Minkoff,Craig Wright|Ted Key
652,Troy,Brad Pitt|Orlando Bloom|Eric Bana|Brian Cox|Sean Bean|Brendan Gleeson|Diane Kruger|Peter O'Toole|Rose Byrne|Saffron Burrows,Wolfgang Petersen,Homer|David Benioff|Enfys Dickinson|Martin Asbury
80321,Madagascar 3: Europe's Most Wanted,Ben Stiller|Sacha Baron Cohen|David Schwimmer|Frances McDormand|Chris Rock|Jada Pinkett Smith|John DiMaggio|Cedric the Entertainer|Jessica Chastain|Bryan Cranston,Conrad Vernon|Eric Darnell|Tom McGrath,Noah Baumbach|Eric Darnell
36669,Die Another Day,Pierce Brosnan|Halle Berry|Rosamund Pike|Rick Yune|Toby Stephens|John Cleese|Lawrence Makoare|Michael Madsen|Will Yun Lee|Judi Dench,Lee Tamahori,Ian Fleming|Robert Wade|Neal Purvis
43074,Ghostbusters,Melissa McCarthy|Kristen Wiig|Kate McKinnon|Leslie Jones|Chris Hemsworth|Neil Casey|Charles Dance|Michael Kenneth Williams|Cecily Strong|Andy García,Paul Feig,Dan Aykroyd|Harold Ramis|Paul Feig|Katie Dippold
95,Armageddon,Bruce Willis|Billy Bob Thornton|Ben Affleck|Liv Tyler|Will Patton|Steve Buscemi|William Fichtner|Michael Clarke Duncan|Peter Stormare|Owen Wilson,Michael Bay,Robert Roy Pool|Jonathan Hensleigh|Shane Salerno|J.J. Abrams|Tony Gilroy
608,Men in Black II,Tommy Lee Jones|Will Smith|Rip Torn|Lara Flynn Boyle|Johnny Knoxville|Rosario Dawson|Tony Shalhoub|Patrick Warburton|Jack Kehler|David Cross,Barry Sonnenfeld,Lowell Cunningham|Barry Fanaro|Robert Gordon|Philip Keller
2310,Beowulf,Ray Winstone|Angelina Jolie|Anthony Hopkins|Robin Wright|John Malkovich|Brendan Gleeson|Crispin Glover|Alison Lohman|Greg Ellis|Sebastian Roché,Robert Zemeckis,Roger Avary|Neil Gaiman
140300,Kung Fu Panda 3,Jack Black|Bryan Cranston|Dustin Hoffman|Angelina Jolie|J.K. Simmons|Jackie Chan|Seth Rogen|Lucy Liu|David Cross|Kate Hudson,Jennifer Yuh Nelson|Alessandro Carloni,Glenn Berger|Jonathan Aibel
56292,Mission: Impossible - Ghost Protocol,Tom Cruise|Jeremy Renner|Simon Pegg|Paula Patton|Anil Kapoor|Josh Holloway|Ving Rhames|Miraj Grbic|Ivan Shvedoff|Samuli Edelmann,Brad Bird,Josh Appelbaum|André Nemec
81188,Rise of the Guardians,Chris Pine|Alec Baldwin|Jude Law|Isla Fisher|Hugh Jackman|Dakota Goyo|Khamani Griffin|Kamil McFadden|Georgie Grieve|Emily Nordwind,Peter Ramsey,David Lindsay-Abaire|William Joyce
7552,Fun with Dick and Jane,Jim Carrey|Téa Leoni|Alec Baldwin|Richard Jenkins|Angie Harmon|John Michael Higgins|Richard Burgi|Carlos Jacott|Aaron Michael Drozin|Gloria Garayua,Dean Parisot,Judd Apatow|Nicholas Stoller|Gerald Gaiser
616,The Last Samurai,Tom Cruise|Ken Watanabe|William Atherton|Chad Lindberg|Billy Connolly|Tony Goldwyn|Shichinosuke Nakamura|Koyuki|Timothy Spall|Togo Igawa,Edward Zwick,John Logan|Edward Zwick|Marshall Herskovitz
147441,Exodus: Gods and Kings,Christian Bale|Joel Edgerton|John Turturro|Aaron Paul|Ben Mendelsohn|María Valverde|Sigourney Weaver|Ben Kingsley|Hiam Abbass|Isaac Andrews,Ridley Scott,Steven Zaillian|Jeffrey Caine|Adam Cooper|Bill Collage
13475,Star Trek,Chris Pine|Zachary Quinto|Leonard Nimoy|Eric Bana|Bruce Greenwood|Karl Urban|Zoe Saldana|Simon Pegg|John Cho|Anton Yelchin,J.J. Abrams,Gene Roddenberry|Alex Kurtzman|Roberto Orci
557,Spider-Man,Tobey Maguire|Willem Dafoe|Kirsten Dunst|James Franco|Cliff Robertson|Rosemary Harris|J.K. Simmons|Joe Manganiello|Bill Nunn|Michael Papajohn,Sam Raimi,David Koepp|Stan Lee|Steve Ditko|Mark Andrews|Johnny Romita
82702,How to Train Your Dragon 2,Jay Baruchel|Gerard Butler|Kristen Wiig|Jonah Hill|Cate Blanchett|Djimon Hounsou|Kit Harington|Christopher Mintz-Plasse|T.J. Miller|America Ferrera,Dean DeBlois,Cressida Cowell|Dean DeBlois|Simon Otto
205584,Gods of Egypt,Brenton Thwaites|Nikolaj Coster-Waldau|Gerard Butler|Courtney Eaton|Elodie Yung|Chadwick Boseman|Geoffrey Rush|Abbey Lee|Bryan Brown|Emma Booth,Alex Proyas,Matt Sazama|Burk Sharpless
10048,Stealth,Josh Lucas|Jessica Biel|Jamie Foxx|Sam Shepard|Richard Roxburgh|Joe Morton|Ebon Moss-Bachrach|Michael Denkha|Clayton Adams|Rocky Helton,Rob Cohen,W.D. Richter
13183,Watchmen,Malin Åkerman|Billy Crudup|Carla Gugino|Jeffrey Dean Morgan|Patrick Wilson|Jackie Earle Haley|Matthew Goode|Matt Frewer|Stephen McHattie|Laura Mennell,Zack Snyder,Alan Moore|David Hayter|Alex Tse
944,Lethal Weapon 4,Mel Gibson|Danny Glover|Joe Pesci|Rene Russo|Jet Li|Darlene Love|Traci Wolfe|Kim Chan|Steve Kahan|Damon Hines,Richard Donner,Shane Black|Channing Gibson|Miles Millar|Alfred Gough|Jonathan Lemkin
1927,Hulk,Eric Bana|Jennifer Connelly|Sam Elliott|Josh Lucas|Nick Nolte|Paul Kersey|Cara Buono|Stan Lee|Todd Tesen|Celia Weston,Ang Lee,James Schamus|Stan Lee|Michael France|Jack Kirby|John Turman|Jerry Bingham
72559,G.I. Joe: Retaliation,Dwayne Johnson|D.J. Cotrona|Adrianne Palicki|Bruce Willis|Ray Park|Channing Tatum|Lee Byung-hun|Elodie Yung|Ray Stevenson|Luke Bracey,Jon M. Chu,Rhett Reese|Paul Wernick
7364,Sahara,Matthew McConaughey|Penélope Cruz|Steve Zahn|William H. Macy|Lennie James|Lambert Wilson|Rainn Wilson|Glynn Turman|Clint Dyer|Delroy Lindo,Breck Eisner,James V. Hart|Clive Cussler|Thomas Dean Donnelly|John C. Richards|Joshua Oppenheimer|Temple Clark
2114,Final Fantasy: The Spirits Within,Donald Sutherland|Ming-Na Wen|Alec Baldwin|Ving Rhames|Steve Buscemi|Peri Gilpin|James Woods|Jean Simmons|Keith David,Hironobu Sakaguchi|Motonori Sakakibara,Al Reinert|Jeff Vintar|Jack Fletcher|Ramin Mebdy
1771,Captain America: The First Avenger,Chris Evans|Hugo Weaving|Tommy Lee Jones|Hayley Atwell|Sebastian Stan|Dominic Cooper|Samuel L. Jackson|Stanley Tucci|Toby Jones|Natalie Dormer,Joe Johnston,Christopher Markus|Stephen McFeely|Jane Wu
36643,The World Is Not Enough,Pierce Brosnan|Sophie Marceau|Robert Carlyle|Denise Richards|Robbie Coltrane|Desmond Llewelyn|John Cleese|Maria Grazia Cucinotta|Samantha Bond|Michael Kitchen,Michael Apted,Ian Fleming|Bruce Feirstein|Robert Wade|Neal Purvis
8619,Master and Commander: The Far Side of the World,Russell Crowe|Paul Bettany|James D'Arcy|Billy Boyd|Joseph Morgan|Edward Woodall|Chris Larkin|Max Pirkis|Jack Randall|Max Benitz,Peter Weir,Peter Weir|John Collee|Patrick O'Brian|David Russell
50620,The Twilight Saga: Breaking Dawn - Part 2,Kristen Stewart|Robert Pattinson|Taylor Lautner|Peter Facinelli|Elizabeth Reaser|Ashley Greene|Jackson Rathbone|Kellan Lutz|Nikki Reed|Billy Burke,Bill Condon,Melissa Rosenberg|Stephenie Meyer
65759,Happy Feet Two,Elijah Wood|Robin Williams|Pink|E.G. Daily|Johnny A. Sanchez|Lombardo Boyar|Sofía Vergara|Common|Hugo Weaving|Brad Pitt,George Miller,George Miller|Warren Coleman|Paul Livingston|Gary Eck
1724,The Incredible Hulk,Edward Norton|Liv Tyler|Tim Roth|William Hurt|Tim Blake Nelson|Ty Burrell|Christina Cabot|Peter Mensah|Lou Ferrigno|Paul Soles,Louis Leterrier,Stan Lee|Zak Penn|Jack Kirby
267935,The BFG,Ruby Barnhill|Mark Rylance|Rebecca Hall|Jemaine Clement|Bill Hader|Penelope Wilton|Marilyn Norry|Chris Shields|Matt Frewer|Geoffrey Wade,Steven Spielberg,Roald Dahl|Melissa Mathison
281957,The Revenant,Leonardo DiCaprio|Tom Hardy|Will Poulter|Domhnall Gleeson|Paul Anderson|Brad Carter|Kristoffer Joner|Lukas Haas|Brendan Fletcher|Joshua Burge,Alejandro González Iñárritu,Alejandro González Iñárritu|Mark L. Smith|Michael Punke
77950,Turbo,Ryan Reynolds|Paul Giamatti|Michael Peña|Samuel L. Jackson|Luis Guzmán|Bill Hader|Snoop Dogg|Maya Rudolph|Ben Schwartz|Richard Jenkins,David Soren,David Soren|Robert D. Siegel|Darren Lemke |Guy Bar'ely|Andy Schuhler
44896,Rango,Johnny Depp|Isla Fisher|Ned Beatty|Bill Nighy|Alfred Molina|Abigail Breslin|Claudia Black|Timothy Olyphant|Ray Winstone|Stephen Root,Gore Verbinski,Gore Verbinski|John Logan|James Ward Byrkit
270946,Penguins of Madagascar,Tom McGrath|Chris Miller|Christopher Knights|Conrad Vernon|John Malkovich|Benedict Cumberbatch|Ken Jeong|Annet Mahendru|Peter Stormare|Andy Richter,Eric Darnell|Simon J. Smith,Michael Colton|John Aboud
2503,The Bourne Ultimatum,Matt Damon|Julia Stiles|David Strathairn|Scott Glenn|Paddy Considine|Edgar Ramírez|Albert Finney|Joan Allen|Tom Gallop|Corey Johnson,Paul Greengrass,George Nolfi|Scott Z. Burns|Tony Gilroy|Robert Ludlum
9502,Kung Fu Panda,Jack Black|Dustin Hoffman|Angelina Jolie|Jackie Chan|Lucy Liu|David Cross|Randall Duk Kim|James Hong|Dan Fogler|Ian McShane,Mark Osborne|John Stevenson,Glenn Berger|Jonathan Aibel
102899,Ant-Man,Paul Rudd|Michael Douglas|Evangeline Lilly|Corey Stoll|Bobby Cannavale|Michael Peña|T.I.|Anthony Mackie|Wood Harris|Judy Greer,Peyton Reed,Paul Rudd|Stan Lee|Edgar Wright|Jack Kirby|Larry Lieber|Adam McKay|Joe Cornish
101299,The Hunger Games: Catching Fire,Jennifer Lawrence|Josh Hutcherson|Liam Hemsworth|Woody Harrelson|Elizabeth Banks|Lenny Kravitz|Philip Seymour Hoffman|Jeffrey Wright|Stanley Tucci|Donald Sutherland,Francis Lawrence,Michael Arndt|Simon Beaufoy|Suzanne Collins
228161,Home,Jim Parsons|Rihanna|Steve Martin|Jennifer Lopez|Matt Jones|Brian Stepanek|April Lawrence|Stephen Kearin|Brian Stepanek|Lisa Stewart,Tim Johnson,Tom J. Astle|Matt Ember|Todd Wilderman|Adam Rex|Takao Noguchi
74,War of the Worlds,Tom Cruise|Dakota Fanning|Miranda Otto|Justin Chatwin|Tim Robbins|Camillia Sanes|John Scurti|Morgan Freeman|Takayo Fischer|Yul Vazquez,Steven Spielberg,Josh Friedman|David Koepp|H.G. Wells|Chris Baker
8961,Bad Boys II,Martin Lawrence|Will Smith|Jordi Mollà|Gabrielle Union|Peter Stormare|Theresa Randle|Joe Pantoliano|Michael Shannon|Jon Seda|Yul Vazquez,Michael Bay,Ron Shelton|Cormac Wibberley|Marianne Wibberley|George Gallo|Jerry Stahl|Robert Consing
417859,Puss in Boots,Antonio Banderas|Salma Hayek|Zach Galifianakis|Billy Bob Thornton|Amy Sedaris|Guillermo del Toro|Constance Marie|Mike Mitchell|Rich Dietl|Ryan Crego,Chris Miller,William Davies|Charles Perrault|Tom Wheeler|Brian Lynch
27576,Salt,Angelina Jolie|Liev Schreiber|Chiwetel Ejiofor|Daniel Olbrychski|August Diehl|Daniel Pearce|Hunt Block|Andre Braugher|Olek Krupa|Cassidy Hinkle,Phillip Noyce,Kurt Wimmer
86834,Noah,Russell Crowe|Jennifer Connelly|Emma Watson|Logan Lerman|Anthony Hopkins|Ray Winstone|Kevin Durand|Ariane Rinehart|Douglas Booth|Marton Csokas,Darren Aronofsky,Darren Aronofsky|Ari Handel
17578,The Adventures of Tintin,Jamie Bell|Andy Serkis|Daniel Craig|Nick Frost|Simon Pegg|Cary Elwes|Mackenzie Crook|Tony Curran|Toby Jones|Daniel Mays,Steven Spielberg,Edgar Wright|Hergé|Steven Moffat|Joe Cornish
673,Harry Potter and the Prisoner of Azkaban,Daniel Radcliffe|Rupert Grint|Emma Watson|Gary Oldman|David Thewlis|Alan Rickman|Michael Gambon|Robbie Coltrane|Tom Felton|Emma Thompson,Alfonso Cuarón,J.K. Rowling|Steve Kloves|Jane Clark|Enfys Dickinson
6972,Australia,Nicole Kidman|Hugh Jackman|Essie Davis|David Wenham|Bryan Brown|David Gulpilil|John Jarratt|Shea Adams|Nathin Butler|John Walton,Baz Luhrmann,Stuart Beattie|Ronald Harwood|Baz Luhrmann|Richard Flanagan
82700,After Earth,Jaden Smith|Will Smith|Sophie Okonedo|Zoë Kravitz|Glenn Morshower|Chris Geere|Diego Klattenhoff|David Denman|Lincoln Lewis|Jaden Martin,M. Night Shyamalan,Will Smith|M. Night Shyamalan|Gary Whitta
10567,Dinosaur,D. B. Sweeney|Alfre Woodard|Ossie Davis|Max Casella|Hayden Panettiere|Samuel E. Wright|Julianna Margulies|Peter Siragusa|Joan Plowright|Della Reese,Ralph Zondag|Eric Leighton,John Harrison
181533,Night at the Museum: Secret of the Tomb,Ben Stiller|Rami Malek|Rebel Wilson|Robin Williams|Owen Wilson|Dick Van Dyke|Rachael Harris|Ben Kingsley|Ricky Gervais|Mickey Rooney,Shawn Levy,Thomas Lennon|Ben Garant|Milan Trenc|David Guion|Michael Handelman
38055,Megamind,Will Ferrell|Brad Pitt|Tina Fey|Jonah Hill|David Cross|Ben Stiller|Justin Theroux|Jessica Schulte|Tom McGrath|Emily Nordwind,Tom McGrath,Alan J. Schoolcraft|Brent Simons|Shane Prigmore|Andy Schuhler
671,Harry Potter and the Philosopher's Stone,Daniel Radcliffe|Rupert Grint|Emma Watson|Richard Harris|Tom Felton|Robbie Coltrane|Alan Rickman|Maggie Smith|Richard Griffiths|Ian Hart,Chris Columbus,J.K. Rowling|Steve Kloves|Adam Brockbank
49524,R.I.P.D.,Jeff Bridges|Ryan Reynolds|Kevin Bacon|Stephanie Szostak|Mary-Louise Parker|Marisa Miller|Robert Knepper|James Hong|Mike O'Malley|Devin Ratray,Robert Schwentke,David Dobkin|Phil Hay|Matt Manfredi|Peter M. Lenkov
22,Pirates of the Caribbean: The Curse of the Black Pearl,Johnny Depp|Geoffrey Rush|Orlando Bloom|Keira Knightley|Jack Davenport|Jonathan Pryce|Kevin McNally|Zoe Saldana|Lee Arenberg|Mackenzie Crook,Gore Verbinski,Ted Elliott|Terry Rossio|Stuart Beattie|Jay Wolpert|Darrin Denlinger
131631,The Hunger Games: Mockingjay - Part 1,Jennifer Lawrence|Josh Hutcherson|Liam Hemsworth|Woody Harrelson|Donald Sutherland|Philip Seymour Hoffman|Julianne Moore|Willow Shields|Sam Claflin|Elizabeth Banks,Francis Lawrence,Danny Strong|Suzanne Collins|Peter Craig
591,The Da Vinci Code,Tom Hanks|Audrey Tautou|Ian McKellen|Paul Bettany|Jean Reno|Alfred Molina|Jürgen Prochnow|Jean-Yves Berteloot|Jean-Pierre Marielle|Marie-Françoise Audollent,Ron Howard,Akiva Goldsman|Dan Brown
172385,Rio 2,Jesse Eisenberg|Anne Hathaway|Leslie Mann|Jamie Foxx|Andy García|Bruno Mars|Jemaine Clement|Rodrigo Santoro|Jake T. Austin|Amandla Stenberg,Carlos Saldanha,Carlos Saldanha|Don Rhymer|Jenny Bicks|Yoni Brenner|Carlos Kotkin
36658,X2,Patrick Stewart|Hugh Jackman|Ian McKellen|Halle Berry|Famke Janssen|James Marsden|Rebecca Romijn|Brian Cox|Alan Cumming|Bruce Davison,Bryan Singer,Bryan Singer|Michael Dougherty|Zak Penn|David Hayter|Dan Harris
51497,Fast Five,Vin Diesel|Paul Walker|Jordana Brewster|Tyrese Gibson|Ludacris|Matt Schulze|Sung Kang|Gal Gadot|Tego Calderón|Don Omar,Justin Lin,Chris Morgan
58574,Sherlock Holmes: A Game of Shadows,Robert Downey Jr.|Jude Law|Jared Harris|Noomi Rapace|Kelly Reilly|Geraldine James|Eddie Marsan|Stephen Fry|William Houston|Affif Ben Badra,Guy Ritchie,Arthur Conan Doyle|Michele Mulroney|Kieran Mulroney
18823,Clash of the Titans,Sam Worthington|Liam Neeson|Ralph Fiennes|Gemma Arterton|Jason Flemyng|Alexa Davalos|Tine Stapelfeldt|Mads Mikkelsen|Luke Evans|Izabella Miko,Louis Leterrier,Phil Hay|Matt Manfredi|Travis Beacham
861,Total Recall,Arnold Schwarzenegger|Sharon Stone|Rachel Ticotin|Ronny Cox|Michael Ironside|Marshall Bell|Roy Brocksmith|Ray Baker|Rosemary Dunsmore|Dean Norris,Paul Verhoeven,Philip K. Dick|Jon Povill|Dan O'Bannon|Ronald Shusett|Gary Goldman
1911,The 13th Warrior,Antonio Banderas|Vladimir Kulich|Dennis Storhøi|Daniel Southern|Clive Russell|Mischa Hausserman|Richard Bremmer|Diane Venora|Neil Maffin|John DeSantis,John McTiernan,William Wisher Jr.|Michael Crichton|Warren Lewis
49040,The Bourne Legacy,Jeremy Renner|Rachel Weisz|Edward Norton|Scott Glenn|Stacy Keach|Joan Allen|Donna Murphy|Albert Finney|Michael Chernus|Oscar Isaac,Tony Gilroy,Tony Gilroy|Eric Van Lustbader
415,Batman & Robin,George Clooney|Chris O'Donnell|Arnold Schwarzenegger|Uma Thurman|Alicia Silverstone|Michael Gough|Pat Hingle|Elle Macpherson|John Glover|Vivica A. Fox,Joel Schumacher,Bob Kane|Akiva Goldsman|Timothy Burgard
8871,How the Grinch Stole Christmas,Jim Carrey|Taylor Momsen|Jeffrey Tambor|Christine Baranski|Bill Irwin|Molly Shannon|Clint Howard|Josh Ryan Evans|Mindy Sterling|Rachel Winfree,Ron Howard,Jeffrey Price|Peter S. Seaman|Bob Camp
435,The Day After Tomorrow,Dennis Quaid|Jake Gyllenhaal|Emmy Rossum|Dash Mihok|Jay O. Sanders|Sela Ward|Austin Nichols|Arjay Smith|Tamlyn Tomita|Sasha Roiz,Roland Emmerich,Roland Emmerich|Jeffrey Nachmanoff|Timothy Burgard
955,Mission: Impossible II,Tom Cruise|Dougray Scott|Thandie Newton|Ving Rhames|Richard Roxburgh|John Polson|Brendan Gleeson|Rade Serbedzija|William Mapother|Dominic Purcell,John Woo,Ronald D. Moore|Brannon Braga|Robert Towne|Bruce Geller|Richard K. Buoen
2133,The Perfect Storm,George Clooney|Mark Wahlberg|Diane Lane|John C. Reilly|William Fichtner|Bob Gunton|Karen Allen|Allen Payne|Mary Elizabeth Mastrantonio|John Hawkes,Wolfgang Petersen,Sebastian Junger|William D. Wittliff
1979,Fantastic 4: Rise of the Silver Surfer,Ioan Gruffudd|Jessica Alba|Chris Evans|Michael Chiklis|Julian McMahon|Kerry Washington|Andre Braugher|Laurence Fishburne|Doug Jones|Beau Garrett,Tim Story,Stan Lee|Jack Kirby|Don Payne|Mark Frost|John Turman
87827,Life of Pi,Suraj Sharma|Irrfan Khan|Ayush Tandon|Gautam Belur|Adil Hussain|Tabu|Ayaan Khan|Mohd Abbas Khaleeli|Vibish Sivakumar|Rafe Spall,Ang Lee,David Magee|Yann Martel
1250,Ghost Rider,Nicolas Cage|Eva Mendes|Wes Bentley|Donal Logue|Sam Elliott|Peter Fonda|Brett Cullen|Matt Long|Raquel Alessi|Tony Ghosthawk,Mark Steven Johnson,Mark Steven Johnson
324668,Jason Bourne,Matt Damon|Alicia Vikander|Tommy Lee Jones|Vincent Cassel|Julia Stiles|Riz Ahmed|Ato Essandoh|Scott Shepherd|Bill Camp|Vinzenz Kiefer,Paul Greengrass,Robert Ludlum|Paul Greengrass|Christopher Rouse
9471,Charlie's Angels: Full Throttle,Cameron Diaz|Drew Barrymore|Lucy Liu|Bernie Mac|Robert Patrick|Demi Moore|John Cleese|Matt LeBlanc|Luke Wilson|Shia LaBeouf,McG,John August|Cormac Wibberley|Marianne Wibberley
70981,Prometheus,Noomi Rapace|Michael Fassbender|Guy Pearce|Idris Elba|Logan Marshall-Green|Charlize Theron|Lucy Hutchinson|Sean Harris|Rafe Spall|Kate Dickie,Ridley Scott,Damon Lindelof|Jon Spaihts
10996,Stuart Little 2,Michael J. Fox|Geena Davis|Hugh Laurie|Jonathan Lipnicki|Anna Hoelck|Ashley Hoelck|Nathan Lane|Melanie Griffith|James Woods|Steve Zahn,Rob Minkoff,E.B. White
68724,Elysium,Matt Damon|Jodie Foster|Sharlto Copley|Alice Braga|Diego Luna|Wagner Moura|William Fichtner|Faran Tahir|Jose Pablo Cantillo|Maxwell Perry Cotton,Neill Blomkamp,Neill Blomkamp
2789,The Chronicles of Riddick,Vin Diesel|Thandie Newton|Karl Urban|Colm Feore|Linus Roache|Keith David|Yorick van Wageningen|Nick Chinlund|Alexa Davalos|Roger Cross,David Twohy,David Twohy|Jim Wheat|Ken Wheat|Collin Grant|Benton Jew|Phillip Norwood
97020,RoboCop,Joel Kinnaman|Gary Oldman|Michael Keaton|Abbie Cornish|Jackie Earle Haley|Michael Kenneth Williams|Jennifer Ehle|Jay Baruchel|Marianne Jean-Baptiste|Samuel L. Jackson,José Padilha,Edward Neumeier|Michael Miner|Joshua Zetumer
7459,Speed Racer,Emile Hirsch|Christina Ricci|Matthew Fox|Susan Sarandon|Scott Porter|John Goodman|Ariel Winter|Nicholas Elia|Hiroyuki Sanada|Art LaFleur,Lilly Wachowski|Lana Wachowski,Lilly Wachowski|Lana Wachowski|Tatsuo Yoshida
42888,How Do You Know,Reese Witherspoon|Paul Rudd|Owen Wilson|Jack Nicholson|Kathryn Hahn|Molly Price|Shelley Conn|Tony Shalhoub|Mark Linn-Baker|Lenny Venito,James L. Brooks,James L. Brooks
37834,Knight and Day,Tom Cruise|Cameron Diaz|Peter Sarsgaard|Viola Davis|Jordi Mollà|Paul Dano|Maggie Grace|Marc Blucas|Celia Weston|Dale Dye,James Mangold,Patrick O'Neill|Giacomo Ghiazza
75612,Oblivion,Tom Cruise|Morgan Freeman|Olga Kurylenko|Andrea Riseborough|Nikolaj Coster-Waldau|Melissa Leo|Zoë Bell|Abigail Lowe|Isabelle Lowe|David Madison,Joseph Kosinski,Michael Arndt|Joseph Kosinski|Karl Gajdusek
1895,Star Wars: Episode III - Revenge of the Sith,Ewan McGregor|Natalie Portman|Hayden Christensen|Ian McDiarmid|Samuel L. Jackson|Christopher Lee|Anthony Daniels|Kenny Baker|Frank Oz|Jimmy Smits,George Lucas,George Lucas
1894,Star Wars: Episode II - Attack of the Clones,Ewan McGregor|Natalie Portman|Hayden Christensen|Ian McDiarmid|Samuel L. Jackson|Christopher Lee|Anthony Daniels|Kenny Baker|Frank Oz|Ahmed Best,George Lucas,George Lucas|Jonathan Hales
585,"Monsters, Inc.",John Goodman|Billy Crystal|Mary Gibbs|Steve Buscemi|James Coburn|Jennifer Tilly|Bob Peterson|John Ratzenberger|Frank Oz|Steve Susskind,Pete Docter,Andrew Stanton|Jill Culton|Jeff Pidgeon|Ralph Eggleston|Daniel Gerson|Pete Docter
76170,The Wolverine,Hugh Jackman|Hiroyuki Sanada|Famke Janssen|Will Yun Lee|Tao Okamoto|Rila Fukushima|Svetlana Khodchenkova|Haruhiko Yamanouchi|Brian Tee|Patrick Stewart,James Mangold,"Scott Frank|Mark Bomback|Steve Gerber|Len Wein|Chris Claremont|John Romita, Sr."
1893,Star Wars: Episode I - The Phantom Menace,Liam Neeson|Ewan McGregor|Natalie Portman|Jake Lloyd|Ian McDiarmid|Anthony Daniels|Kenny Baker|Pernilla August|Frank Oz|Oliver Ford Davies,George Lucas,George Lucas
49519,The Croods,Nicolas Cage|Emma Stone|Ryan Reynolds|Catherine Keener|Cloris Leachman|Clark Duke|Chris Sanders|Randy Thom,Chris Sanders|Kirk De Micco,John Cleese|Chris Sanders|Kirk De Micco
2395,Asterix at the Olympic Games,Clovis Cornillac|Gérard Depardieu|Franck Dubosc|José Garcia|Stéphane Rousseau|Jean-Pierre Cassel|Mónica Cruz|Alain Delon|Benoît Poelvoorde|Vanessa Hessler,Thomas Langmann|Frédéric Forestier,Thomas Langmann|René Goscinny|Albert Uderzo|Alexandre Charlot|Olivier Dazat|Franck Magnier
12100,Windtalkers,Nicolas Cage|Adam Beach|Peter Stormare|Noah Emmerich|Mark Ruffalo|Jason Isaacs|Christian Slater|Frances O'Connor|Keith Campbell|Martin Henderson,John Woo,John Rice|Joe Batteer
290595,The Huntsman: Winter's War,Chris Hemsworth|Charlize Theron|Emily Blunt|Jessica Chastain|Nick Frost|Sheridan Smith|Rob Brydon|Alexandra Roach|Sam Claflin|Colin Morgan,Cedric Nicolas-Troyan,Craig Mazin|Evan Spiliotopoulos|Evan Daugherty
98566,Teenage Mutant Ninja Turtles,Megan Fox|Will Arnett|William Fichtner|Alan Ritchson|Noel Fisher|Pete Ploszek|Johnny Knoxville|Jeremy Howard|Danny Woodburn|Tony Shalhoub,Jonathan Liebesman,Kevin Eastman|Peter Laird|Josh Appelbaum|Evan Daugherty|André Nemec
49047,Gravity,Sandra Bullock|George Clooney|Ed Harris|Orto Ignatiussen|Phaldut Sharma|Amy Warren|Basher Savage,Alfonso Cuarón,Alfonso Cuarón|Jonás Cuarón
9619,Dante's Peak,Pierce Brosnan|Linda Hamilton|Jamie Renée Smith|Jeremy Foley|Elizabeth Hoffman|Charles Hallahan|Grant Heslov|Kirk Trutner|Arabella Field|Tzi Ma,Roger Donaldson,Leslie Bohem|Timothy Braniff
308531,Teenage Mutant Ninja Turtles: Out of the Shadows,Megan Fox|Stephen Amell|Will Arnett|Laura Linney|Pete Ploszek|Alan Ritchson|Noel Fisher|Jeremy Howard|Tyler Perry|Brian Tee,Dave Green,Josh Appelbaum|André Nemec
166424,Fantastic Four,Miles Teller|Kate Mara|Michael B. Jordan|Jamie Bell|Toby Kebbell|Reg E. Cathey|Tim Blake Nelson|Joshua Montes|Dan Castellaneta|Owen Judge,Josh Trank,Stan Lee|Simon Kinberg|Jack Kirby|Josh Trank|Jeremy Slater
1593,Night at the Museum,Ben Stiller|Jake Cherry|Carla Gugino|Robin Williams|Dick Van Dyke|Mickey Rooney|Bill Cobbs|Ricky Gervais|Kim Raver|Patrick Gallagher,Shawn Levy,Thomas Lennon|Ben Garant
254128,San Andreas,Dwayne Johnson|Alexandra Daddario|Carla Gugino|Ioan Gruffudd|Archie Panjabi|Paul Giamatti|Hugo Johnstone-Burt|Art Parkinson|Colton Haynes|Kylie Minogue,Brad Peyton,Jeremy Passmore|Carlton Cuse|Andre Fabrizio
714,Tomorrow Never Dies,Pierce Brosnan|Jonathan Pryce|Michelle Yeoh|Teri Hatcher|Ricky Jay|Götz Otto|Joe Don Baker|Vincent Schiavelli|Judi Dench|Desmond Llewelyn,Roger Spottiswoode,Ian Fleming|Bruce Feirstein
2024,The Patriot,Mel Gibson|Heath Ledger|Joely Richardson|Jason Isaacs|Tchéky Karyo|Chris Cooper|Lisa Brenner|Tom Wilkinson|Leon Rippy|Donal Logue,Roland Emmerich,Robert Rodat|Timothy Burgard
163,Ocean's Twelve,George Clooney|Brad Pitt|Catherine Zeta-Jones|Julia Roberts|Andy García|Casey Affleck|Scott Caan|Shaobo Qin|Bernie Mac|Don Cheadle,Steven Soderbergh,George Clayton Johnson|Jack Golden Russell|George Nolfi|Enfys Dickinson
787,Mr. & Mrs. Smith,Angelina Jolie|Brad Pitt|Vince Vaughn|Adam Brody|Kerry Washington|Keith David|Chris Weitz|Rachael Huntley|Michelle Monaghan|Stephanie March,Doug Liman,Simon Kinberg
262500,Insurgent,Shailene Woodley|Theo James|Kate Winslet|Ansel Elgort|Miles Teller|Naomi Watts|Maggie Q|Jai Courtney|Zoë Kravitz|Ray Stevenson,Robert Schwentke,Akiva Goldsman|Mark Bomback|Brian Duffield|Veronica Roth
2567,The Aviator,Leonardo DiCaprio|Cate Blanchett|Kate Beckinsale|John C. Reilly|Alec Baldwin|Alan Alda|Ian Holm|Jude Law|Kelli Garner|Danny Huston,Martin Scorsese,John Logan
38745,Gulliver's Travels,Jack Black|Amanda Peet|Emily Blunt|Jason Segel|Chris O'Dowd|Billy Connolly|Catherine Tate|James Corden|Emmanuel Quatra|Olly Alexander,Rob Letterman,Joe Stillman|Nicholas Stoller|Jonathan Swift
40805,The Green Hornet,Seth Rogen|Jay Chou|Christoph Waltz|Cameron Diaz|Edward Furlong|Tom Wilkinson|Edward James Olmos|Analeigh Tipton|Chad L. Coleman|Robert Clotworthy,Michel Gondry,Seth Rogen|Evan Goldberg|Fran Striker|George W. Trendle
53182,300: Rise of an Empire,Sullivan Stapleton|Eva Green|Lena Headey|Callan Mulvey|David Wenham|Rodrigo Santoro|Jack O'Connell|Andrew Tiernan|Ashraf Barhom|Andrew Pleavin,Noam Murro,Frank Miller|Zack Snyder|Kurt Johnstad|Jay Oliva
41513,The Smurfs,Hank Azaria|Neil Patrick Harris|Jayma Mays|Sofía Vergara|Tim Gunn|Jonathan Winters|Katy Perry|Fred Armisen|Alan Cumming|Anton Yelchin,Raja Gosnell,J. David Stem|David N. Weiss|David Ronn|Jay Scherick|Peyo
13700,Home on the Range,Roseanne Barr|Judi Dench|Jennifer Tilly|Steve Buscemi|G. W. Bailey|Cuba Gooding Jr.|Randy Quaid|Lance LeGault|Charles Dennis|Sam Levine,Will Finn|John Sanford,Mark Kennedy|Will Finn|John Sanford|Michael LaBash|Robert Lence|Sam Levine
262504,Allegiant,Shailene Woodley|Theo James|Zoë Kravitz|Miles Teller|Naomi Watts|Ansel Elgort|Jeff Daniels|Octavia Spencer|Keiynan Lonsdale|Daniel Dae Kim,Robert Schwentke,Stephen Chbosky|Adam Cooper|Bill Collage|Noah Oppenheim|Veronica Roth
39254,Real Steel,Hugh Jackman|Dakota Goyo|Evangeline Lilly|Anthony Mackie|Kevin Durand|Hope Davis|James Rebhorn|Karl Yune|Olga Fonda|John Gatins,Shawn Levy,Richard Matheson|Jeremy Leven|John Gatins|Dan Gilroy|Leslie Bohem
77931,The Smurfs 2,Hank Azaria|Neil Patrick Harris|Brendan Gleeson|Jayma Mays|Jonathan Winters|Katy Perry|Christina Ricci|J.B. Smoove|Anton Yelchin|George Lopez,Raja Gosnell,Karey Kirkpatrick
1639,Speed 2: Cruise Control,Sandra Bullock|Jason Patric|Willem Dafoe|Temuera Morrison|Mike Hagerty|Colleen Camp|Joe Morton|Glenn Plummer|Bo Svenson|Kimmy Robertson,Jan de Bont,Jan de Bont|Jeff Nathanson|Graham Yost|Randall McCormick
80274,Ender's Game,Asa Butterfield|Harrison Ford|Hailee Steinfeld|Abigail Breslin|Ben Kingsley|Viola Davis|Aramis Knight|Suraj Partha|Moisés Arias|Khylin Rhambo,Gavin Hood,Gavin Hood|Orson Scott Card
1571,Live Free or Die Hard,Bruce Willis|Justin Long|Timothy Olyphant|Cliff Curtis|Maggie Q|Mary Elizabeth Winstead|Kevin Smith|Yancey Arias|Christina Chang|Yorgo Constantine,Len Wiseman,Roderick Thorp|David Marconi|Mark Bomback
120,The Lord of the Rings: The Fellowship of the Ring,Elijah Wood|Ian McKellen|Cate Blanchett|Orlando Bloom|Sean Bean|Viggo Mortensen|Hugo Weaving|Liv Tyler|John Rhys-Davies|Christopher Lee,Peter Jackson,Peter Jackson|J.R.R. Tolkien|Fran Walsh|Philippa Boyens
10204,Around the World in 80 Days,Jackie Chan|Steve Coogan|Cécile de France|Robert Fyfe|Jim Broadbent|Ian McNeice|David Ryall|Roger Hammond|Adam Godley|Will Forte,Frank Coraci,Jules Verne|Axel Eichhorst|David N. Titcher|David Benullo|David Andrew Goldstein
8489,Ali,Will Smith|Jamie Foxx|Jon Voight|Mario Van Peebles|Ron Silver|Jeffrey Wright|Mykelti Williamson|Jada Pinkett Smith|Nona Gaye|Michael Michele,Michael Mann,Eric Roth|Michael Mann|Christopher Wilkinson|Stephen J. Rivele|Gregory Allen Howard
10588,The Cat in the Hat,Mike Myers|Dakota Fanning|Spencer Breslin|Kelly Preston|Alec Baldwin|Amy Hill|Sean Hayes|Danielle Ryan Chuchran|Taylor Rice|Brittany Oaks,Bo Welch,Jeff Schaffer|Alec Berg|David Mandel|Dr. Seuss
2048,"I, Robot",Will Smith|Bridget Moynahan|Alan Tudyk|James Cromwell|Bruce Greenwood|Shia LaBeouf|Chi McBride|Jerry Wasserman|Peter Shinkoda|Terry Chen,Alex Proyas,Akiva Goldsman|Jeff Vintar|Isaac Asimov|James Doh
1495,Kingdom of Heaven,Orlando Bloom|Eva Green|Jeremy Irons|Marton Csokas|Brendan Gleeson|Liam Neeson|Edward Norton|Michael Sheen|Ghassan Massoud|Velibor Topic,Ridley Scott,William Monahan|Cristiano Donzelli
10137,Stuart Little,Michael J. Fox|Geena Davis|Hugh Laurie|Jonathan Lipnicki|Nathan Lane|Jeffrey Jones|Connie Ray|Allyce Beasley|Brian Doyle-Murray|Estelle Getty,Rob Minkoff,M. Night Shyamalan|Greg Brooker
10198,The Princess and the Frog,Anika Noni Rose|Bruno Campos|Keith David|Michael-Leon Wooley|Jennifer Cody|Jim Cummings|Peter Bartlett|Jenifer Lewis|Oprah Winfrey|Terrence Howard,Ron Clements|John Musker,Ron Clements|John Musker|Rob Edwards|Eric Goldberg|Greg Erb|Don Hall|Tom Ellery|Nicole Mitchell|Rick Maki|Bill Schwab|Jason Oremland|E.D. Baker|Kevin Gollaher
286217,The Martian,Matt Damon|Jessica Chastain|Kristen Wiig|Jeff Daniels|Michael Peña|Sean Bean|Kate Mara|Sebastian Stan|Aksel Hennie|Chiwetel Ejiofor,Ridley Scott,Drew Goddard|Andy Weir
1635,The Island,Ewan McGregor|Scarlett Johansson|Djimon Hounsou|Sean Bean|Steve Buscemi|Michael Clarke Duncan|Ethan Phillips|Brian Stepanek|Noa Tishby|Siobhan Flynn,Michael Bay,Alex Kurtzman|Roberto Orci|Caspian Tredwell-Owen
24113,Town & Country,Warren Beatty|Diane Keaton|Goldie Hawn|Garry Shandling|Andie MacDowell|Nastassja Kinski|Jenna Elfman|Charlton Heston|Josh Hartnett|Katharine Towne,Peter Chelsom,Buck Henry
9679,Gone in Sixty Seconds,Nicolas Cage|Angelina Jolie|Giovanni Ribisi|Delroy Lindo|Will Patton|Christopher Eccleston|Chi McBride|Robert Duvall|Scott Caan|Timothy Olyphant,Dominic Sena,Scott Rosenberg|H.B. Halicki
98,Gladiator,Russell Crowe|Joaquin Phoenix|Connie Nielsen|Oliver Reed|Richard Harris|Derek Jacobi|Djimon Hounsou|David Schofield|John Shrapnel|Tomas Arana,Ridley Scott,David Franzoni|John Logan|William Nicholson
180,Minority Report,Tom Cruise|Colin Farrell|Samantha Morton|Max von Sydow|Lois Smith|Peter Stormare|Tim Blake Nelson|Steve Harris|Kathryn Morris|Mike Binder,Steven Spielberg,Philip K. Dick|Scott Frank|Jon Cohen|Robert Consing
672,Harry Potter and the Chamber of Secrets,Daniel Radcliffe|Rupert Grint|Emma Watson|Richard Harris|Alan Rickman|Tom Felton|Kenneth Branagh|Robbie Coltrane|Maggie Smith|David Bradley,Chris Columbus,J.K. Rowling|Steve Kloves|Martin Asbury
36557,Casino Royale,Daniel Craig|Eva Green|Mads Mikkelsen|Judi Dench|Jeffrey Wright|Giancarlo Giannini|Caterina Murino|Simon Abkarian|Isaach De Bankolé|Jesper Christensen,Martin Campbell,Paul Haggis|Ian Fleming|Robert Wade|Neal Purvis
869,Planet of the Apes,Mark Wahlberg|Tim Roth|Helena Bonham Carter|Michael Clarke Duncan|Kris Kristofferson|Estella Warren|Paul Giamatti|Cary-Hiroyuki Tagawa|Glenn Shadix|Charlton Heston,Tim Burton,William Broyles Jr.|Lawrence Konner|Mark Rosenthal|Pierre Boulle
280,Terminator 2: Judgment Day,Arnold Schwarzenegger|Linda Hamilton|Robert Patrick|Edward Furlong|Michael Edwards|Joe Morton|Earl Boen|Jenette Goldstein|Xander Berkeley|S. Epatha Merkerson,James Cameron,James Cameron|William Wisher Jr.
11322,Public Enemies,Christian Bale|Johnny Depp|Giovanni Ribisi|Billy Crudup|Marion Cotillard|Emilie de Ravin|Channing Tatum|Leelee Sobieski|Domenick Lombardozzi|Stephen Lang,Michael Mann,Michael Mann|Ann Biderman|Bryan Burrough|Ronan Bennett
4982,American Gangster,Denzel Washington|Russell Crowe|Chiwetel Ejiofor|Josh Brolin|Lymari Nadal|Ted Levine|Roger Guenveur Smith|John Hawkes|RZA|Yul Vazquez,Ridley Scott,Steven Zaillian|Mark Jacobson
36955,True Lies,Arnold Schwarzenegger|Jamie Lee Curtis|Tom Arnold|Bill Paxton|Tia Carrere|Art Malik|Eliza Dushku|Grant Heslov|Charlton Heston|Marshall Manesh,James Cameron,James Cameron
18487,The Taking of Pelham 1 2 3,Denzel Washington|John Travolta|Luis Guzmán|Victor Gojcaj|John Turturro|James Gandolfini|Michael Rispoli|Ramón Rodríguez|Chance Kelly|Alice Kremelberg,Tony Scott,Brian Helgeland|John Godey
39451,Little Fockers,Robert De Niro|Ben Stiller|Owen Wilson|Dustin Hoffman|Barbra Streisand|Teri Polo|Blythe Danner|Jessica Alba|Harvey Keitel|Laura Dern,Paul Weitz,Larry Stuckey|John Hamburg
27581,The Other Guys,Will Ferrell|Mark Wahlberg|Eva Mendes|Samuel L. Jackson|Dwayne Johnson|Michael Keaton|Brett Gelman|Ray Stevenson|Roy T. Anderson|Larnell Stovall,Adam McKay,Adam McKay|Chris Henchy
9268,Eraser,Arnold Schwarzenegger|James Caan|Vanessa Williams|James Coburn|Robert Pastorelli|James Cromwell|Danny Nucci|Nick Chinlund|Michael Papajohn|Joe Viterelli,Chuck Russell,Walon Green|Tony Puryear|Michael S. Chernuchin
68718,Django Unchained,Jamie Foxx|Christoph Waltz|Leonardo DiCaprio|Kerry Washington|Samuel L. Jackson|Walton Goggins|Dennis Christopher|James Remar|David Steen|Dana Gourrier,Quentin Tarantino,Quentin Tarantino
10545,The Hunchback of Notre Dame,Tom Hulce|Demi Moore|Tony Jay|Kevin Kline|Paul Kandel|Charles Kimbrough|Jason Alexander|Mary Wickes|David Ogden Stiers|Mary Kay Bergman,Gary Trousdale|Kirk Wise,Jonathan Roberts|Victor Hugo|Irene Mecchi|Tab Murphy|Bob Tzudiker|Noni White
11688,The Emperor's New Groove,David Spade|John Goodman|Eartha Kitt|Patrick Warburton|Wendie Malick|Kellyann Kelso|Eli Russell Linnetz|Stephen J. Anderson|Bob Bergen|Patti Deutsch,Mark Dindal,David Reynolds|Roger Allers|Mark Dindal|Chris Williams
76163,The Expendables 2,Sylvester Stallone|Jason Statham|Dolph Lundgren|Bruce Willis|Arnold Schwarzenegger|Jean-Claude Van Damme|Chuck Norris|Scott Adkins|Liam Hemsworth|Jet Li,Simon West,Sylvester Stallone|Richard Wenk|Ken Kaufman|David Agosto
2059,National Treasure,Nicolas Cage|Diane Kruger|Justin Bartha|Sean Bean|Jon Voight|Harvey Keitel|Christopher Plummer|David Dayan Fisher|Stewart Finlay-McLennan|Oleg Taktarov,Jon Turteltaub,Jim Kouf|Oren Aviv|Charles Segars|Cormac Wibberley|Marianne Wibberley|Trevor Goring
2486,Eragon,Ed Speleers|Jeremy Irons|Sienna Guillory|Robert Carlyle|Djimon Hounsou|Garrett Hedlund|Joss Stone|Rachel Weisz|John Malkovich|Alun Armstrong,Stefen Fangmeier,Peter Buchman|Christopher Paolini
16523,Where the Wild Things Are,Max Records|Catherine Keener|Lauren Ambrose|James Gandolfini|Catherine O'Hara|Forest Whitaker|Mark Ruffalo|Pepita Emmerichs|Madeleine Greaves|Joshua Jay,Spike Jonze,Spike Jonze|Dave Eggers|Maurice Sendak
116711,Epic,Josh Hutcherson|Amanda Seyfried|Colin Farrell|Jason Sudeikis|Aziz Ansari|Beyoncé Knowles|Judah Friedlander|Steven Tyler|Pitbull|Blake Anderson,Chris Wedge,James V. Hart|Tom J. Astle|Matt Ember|William Joyce|Daniel Shere|Bob Camp
37710,The Tourist,Johnny Depp|Angelina Jolie|Paul Bettany|Timothy Dalton|Steven Berkoff|Rufus Sewell|Christian De Sica|Alessio Boni|Daniele Pecci|Giovanni Guidelli,Florian Henckel von Donnersmarck,Florian Henckel von Donnersmarck|Christopher McQuarrie|Julian Fellowes|Jérôme Salle
9946,End of Days,Arnold Schwarzenegger|Gabriel Byrne|Kevin Pollak|Robin Tunney|CCH Pounder|Rod Steiger|Derrick O'Connor|Miriam Margolyes|Udo Kier|Mark Margolis,Peter Hyams,Andrew W. Marlowe|James Doh
1372,Blood Diamond,Leonardo DiCaprio|Djimon Hounsou|Jennifer Connelly|Kagiso Kuypers|Arnold Vosloo|Antony Coleman|Benu Mabhena|Anointing Lukola|David Harewood|Basil Wallace,Edward Zwick,Charles Leavitt|C. Gaby Mitchell
106646,The Wolf of Wall Street,Leonardo DiCaprio|Jonah Hill|Margot Robbie|Kyle Chandler|Rob Reiner|Matthew McConaughey|Jon Bernthal|Kenneth Choi|P. J. Byrne|Brian Sacca,Martin Scorsese,Terence Winter|Jordan Belfort
414,Batman Forever,Val Kilmer|Tommy Lee Jones|Jim Carrey|Nicole Kidman|Chris O'Donnell|Michael Gough|Pat Hingle|Drew Barrymore|Debi Mazar|Elizabeth Sanders,Joel Schumacher,Bob Kane|Lee Batchler|Janet Scott Batchler|Akiva Goldsman
563,Starship Troopers,Casper Van Dien|Dina Meyer|Denise Richards|Jake Busey|Neil Patrick Harris|Clancy Brown|Michael Ironside|Patrick Muldoon|Seth Gilliam|Rue McClanahan,Paul Verhoeven,Robert A. Heinlein|Edward Neumeier
83542,Cloud Atlas,Tom Hanks|Halle Berry|Jim Broadbent|Hugo Weaving|Jim Sturgess|Bae Doona|Ben Whishaw|Keith David|James D'Arcy|Zhou Xun,Tom Tykwer|Lilly Wachowski|Lana Wachowski,Tom Tykwer|Lilly Wachowski|Lana Wachowski|David Mitchell
41216,Legend of the Guardians: The Owls of Ga'Hoole,Emily Barclay|Abbie Cornish|Essie Davis|Joel Edgerton|Deborra-Lee Furness|Ryan Kwanten|Anthony LaPaglia|Helen Mirren|Sam Neill|Richard Roxburgh,Zack Snyder,John Orloff|Emil Stern
314,Catwoman,Halle Berry|Benjamin Bratt|Sharon Stone|Lambert Wilson|Frances Conroy|Alex Borstein|Michael Massee|Byron Mann|Kim Smith|Christopher Heyerdahl,Pitof,Bob Kane|John D. Brancato|Michael Ferris|John Rogers|Theresa Rebeck|Kasia Adamik|Enfys Dickinson
184315,Hercules,Dwayne Johnson|Ian McShane|John Hurt|Rufus Sewell|Aksel Hennie|Ingrid Bolsø Berdal|Reece Ritchie|Joseph Fiennes|Tobias Santelmann|Peter Mullan,Brett Ratner,Evan Spiliotopoulos|Ryan Condal
9016,Treasure Planet,Joseph Gordon-Levitt|Brian Murray|David Hyde Pierce|Emma Thompson|Michael Wincott|Martin Short|Laurie Metcalf|Roscoe Lee Browne|Patrick McGoohan|Dane A. Davis,Ron Clements|John Musker,Ron Clements|John Musker|Robert Louis Stevenson|Rob Edwards
18162,Land of the Lost,Will Ferrell|Anna Friel|Danny McBride|Jorma Taccone|Matt Lauer|Bobb'e J. Thompson|Sierra McCormick|Shannon Lemke|Stevie Wash Jr.|Brian Huskey,Brad Silberling,Chris Henchy|Dennis McNicholas|Sid Krofft|Marty Krofft
138103,The Expendables 3,Sylvester Stallone|Jason Statham|Harrison Ford|Arnold Schwarzenegger|Mel Gibson|Wesley Snipes|Randy Couture|Dolph Lundgren|Terry Crews|Kelsey Grammer,Patrick Hughes,Sylvester Stallone|Dave Callaham|Katrin Benedikt|Creighton Rothenberger
257088,Point Break,Edgar Ramírez|Luke Bracey|Teresa Palmer|Delroy Lindo|Ray Winstone|Tobias Santelmann|James Le Gros|BoJesse Christopher|Clemens Schick|Matias Varela,Ericson Core,Kurt Wimmer|W. Peter Iliff|Rick King
10214,Son of the Mask,Jamie Kennedy|Alan Cumming|Traylor Howard|Kal Penn|Steven Wright|Bob Hoskins|Ben Stein,Lawrence Guterman,Lance Khazei
205775,In the Heart of the Sea,Chris Hemsworth|Benjamin Walker|Cillian Murphy|Brendan Gleeson|Ben Whishaw|Michelle Fairley|Tom Holland|Paul Anderson|Frank Dillane|Joseph Mawle,Ron Howard,Charles Leavitt|Rick Jaffa|Amanda Silver|Nathaniel Philbrick
11692,The Adventures of Pluto Nash,Eddie Murphy|Randy Quaid|Rosario Dawson|Joe Pantoliano|Jay Mohr|Luis Guzmán|Peter Boyle|Burt Young|Pam Grier|John Cleese,Ron Underwood,Neil Cuthbert
22972,Green Zone,Matt Damon|Greg Kinnear|Brendan Gleeson|Amy Ryan|Jason Isaacs|Khalid Abdalla|Igal Naor|Antoni Corone|Said Faraj|Michael O'Neill,Paul Greengrass,Brian Helgeland|Rajiv Chandrasekaran
227973,The Peanuts Movie,Noah Schnapp|Bill Melendez|Venus Schultheis|Hadley Belle Miller|Madisyn Shipman|Francesca Capaldi|Noah Johnston|Alexander Garfin|Mariel Sheets|A.J. Tecce,Steve Martino,Charles M. Schulz|Bryan Schulz|Craig Schulz|Cornelius Uliano
29193,The Spanish Prisoner,Steve Martin|Campbell Scott|Ben Gazzara|Rebecca Pidgeon|Ricky Jay|Felicity Huffman,David Mamet,David Mamet
1734,The Mummy Returns,Brendan Fraser|Rachel Weisz|John Hannah|Arnold Vosloo|Oded Fehr|Dwayne Johnson|Freddie Boath|Patricia Velásquez|Alun Armstrong|Adewale Akinnuoye-Agbaje,Stephen Sommers,Stephen Sommers
3131,Gangs of New York,Leonardo DiCaprio|Daniel Day-Lewis|Cameron Diaz|Liam Neeson|Brendan Gleeson|John C. Reilly|Jim Broadbent|Roger Ashton-Griffiths|David Hemmings|Lawrence Gilliard Jr.,Martin Scorsese,Steven Zaillian|Jay Cocks|Kenneth Lonergan
76758,The Flowers of War,Christian Bale|Ni Ni|Tong Dawei|Zhang Xinyi|Shigeo Kobayashi|Atsuro Watabe|Shawn Dou|Paul Schneider,Zhang Yimou,Liu Heng
9408,Surf's Up,Shia LaBeouf|Jeff Bridges|Zooey Deschanel|Jon Heder|James Woods|Diedrich Bader|Mario Cantone|Kelly Slater|Sal Masekela|Ash Brannon,Ash Brannon|Chris Buck,Ash Brannon|Chris Buck|Don Rhymer|Christopher Jenkins|Christian Darren|Lisa Addario|Joe Syracuse
9890,The Stepford Wives,Nicole Kidman|Matthew Broderick|Bette Midler|Glenn Close|Christopher Walken|Roger Bart|David Marshall Grant|Jon Lovitz|Matt Malloy|Kate Shindle,Frank Oz,Ira Levin|Paul Rudnick
855,Black Hawk Down,Josh Hartnett|Ewan McGregor|Jason Isaacs|Tom Sizemore|William Fichtner|Eric Bana|Ewen Bremner|Sam Shepard|Tom Hardy|Charlie Hofheimer,Ridley Scott,Mark Bowden|Ken Nolan|Sylvain Despretz|René Brar
77953,The Campaign,Will Ferrell|Zach Galifianakis|Dylan McDermott|Jason Sudeikis|Sarah Baker|Millard Darden|Kya Haywood|John Lithgow|Dan Aykroyd|Brian Cox,Jay Roach,Adam McKay|Chris Henchy|Shawn Harwell
18,The Fifth Element,Bruce Willis|Gary Oldman|Ian Holm|Milla Jovovich|Chris Tucker|Luke Perry|Brion James|Tom Lister Jr.|Vin Diesel|Lee Evans,Luc Besson,Luc Besson|Robert Mark Kamen|Temple Clark
37786,Sex and the City 2,Sarah Jessica Parker|Kristin Davis|Cynthia Nixon|Kim Cattrall|Chris Noth|David Eigenberg|Evan Handler|Alexandra Fong|Parker Fong|Mario Cantone,Michael Patrick King,Michael Patrick King|Candace Bushnell
10501,The Road to El Dorado,Kenneth Branagh|Kevin Kline|Rosie Perez|Armand Assante|Edward James Olmos|Jim Cummings|Frank Welker|Tobin Bell|Elton John|Duncan Marjoribanks,Don Michael Paul|Bibo Bergeron,Ted Elliott|Terry Rossio
57800,Ice Age: Continental Drift,John Leguizamo|Ray Romano|Chris Wedge|Denis Leary|Seann William Scott|Jennifer Lopez|Queen Latifah|Peter Dinklage|Nick Frost|Josh Gad,Steve Martino|Mike Thurmeier,Michael Berg|Jason Fuchs|Callan Brunker
150689,Cinderella,Lily James|Cate Blanchett|Richard Madden|Helena Bonham Carter|Stellan Skarsgård|Holliday Grainger|Nonso Anozie|Ben Chaplin|Hayley Atwell|Richard McCabe,Kenneth Branagh,Chris Weitz
7980,The Lovely Bones,Rachel Weisz|Mark Wahlberg|Susan Sarandon|Saoirse Ronan|Stanley Tucci|Michael Imperioli|Rose McIver|Carolyn Dando|Christian Thomas Ashdale|Reece Ritchie,Peter Jackson,Peter Jackson|Fran Walsh|Philippa Boyens|Alice Sebold
12,Finding Nemo,Albert Brooks|Ellen DeGeneres|Alexander Gould|Willem Dafoe|Brad Garrett|Allison Janney|Austin Pendleton|Stephen Root|Vicki Lewis|Joe Ranft,Andrew Stanton,Andrew Stanton|Bob Peterson|David Reynolds|Nathan Stanton|Peter Sohn|Jim Capobianco|Bruce Morris|Bosco Ng|Ronnie del Carmen|Joe Ekers
122,The Lord of the Rings: The Return of the King,Elijah Wood|Ian McKellen|Viggo Mortensen|Liv Tyler|Orlando Bloom|John Rhys-Davies|Sean Astin|Billy Boyd|Dominic Monaghan|Andy Serkis,Peter Jackson,Peter Jackson|J.R.R. Tolkien|Fran Walsh|Philippa Boyens
121,The Lord of the Rings: The Two Towers,Elijah Wood|Ian McKellen|Viggo Mortensen|Liv Tyler|Orlando Bloom|John Rhys-Davies|Christopher Lee|Sean Astin|Billy Boyd|Dominic Monaghan,Peter Jackson,Peter Jackson|J.R.R. Tolkien|Fran Walsh|Philippa Boyens
68737,Seventh Son,Jeff Bridges|Julianne Moore|Ben Barnes|Alicia Vikander|Kit Harington|Djimon Hounsou|Olivia Williams|Antje Traue|Jason Scott Lee|David Cubitt,Sergei Bodrov,Charles Leavitt|Matt Greenberg|Max Borenstein|Joseph Delaney
1995,Lara Croft: Tomb Raider,Angelina Jolie|Jon Voight|Iain Glen|Noah Taylor|Daniel Craig|Richard Johnson|Chris Barrie|Julian Rhind-Tutt|Leslie Phillips|Robert Phillips,Simon West,Mike Werb|Michael Colleary|Patrick Massett|John Zinman|Sara B. Cooper
157353,Transcendence,Johnny Depp|Paul Bettany|Rebecca Hall|Kate Mara|Morgan Freeman|Cillian Murphy|Cole Hauser|Clifton Collins Jr|Falk Hentschel|Kristen Rakes,Wally Pfister,Jack Paglen
331,Jurassic Park III,Sam Neill|William H. Macy|Téa Leoni|Trevor Morgan|Alessandro Nivola|Michael Jeter|John Diehl|Bruce A. Young|Laura Dern|Taylor Nichols,Joe Johnston,Michael Crichton|Peter Buchman|Jim Taylor|Alexander Payne|Rodolfo Damaggio
61791,Rise of the Planet of the Apes,James Franco|Freida Pinto|John Lithgow|Brian Cox|Tom Felton|Andy Serkis|David Oyelowo|Tyler Labine|Jamie Harris|Ty Olsson,Rupert Wyatt,Pierre Boulle|Rick Jaffa|Amanda Silver
8204,The Spiderwick Chronicles,Freddie Highmore|Mary-Louise Parker|Nick Nolte|Sarah Bolger|Andrew McCarthy|Joan Plowright|David Strathairn|Seth Rogen|Martin Short,Mark Waters,Karey Kirkpatrick|David Berenbaum|Holly Black|Tony DiTerlizzi|John Sayles|Francis Back|Sean Samuels
47964,A Good Day to Die Hard,Bruce Willis|Jai Courtney|Sebastian Koch|Mary Elizabeth Winstead|Юлия Снигирь|Radivoje Bukvić|Cole Hauser|Amaury Nolasco|Sergey Kolesnikov|Roman Luknár,John Moore,Roderick Thorp|Skip Woods
10733,The Alamo,Dennis Quaid|Billy Bob Thornton|Jason Patric|Patrick Wilson|Emilio Echevarría|Emily Deschanel|Jordi Mollà|Leon Rippy|Tommy Davidson|Marc Blucas,John Lee Hancock,Stephen Gaghan|John Lee Hancock|Leslie Bohem|Mark Lambert Bristol
9806,The Incredibles,Craig T. Nelson|Holly Hunter|Samuel L. Jackson|Jason Lee|Dominique Louis|Teddy Newton|Eli Fucile|Maeve Andrews|Spencer Fox|Sarah Vowell,Brad Bird,Brad Bird|Mike Cachuela
1408,Cutthroat Island,Geena Davis|Matthew Modine|Frank Langella|Maury Chaykin|Patrick Malahide|Stan Shaw|Rex Linn|Paul Dillon|Christopher Masterson|Jimmie F. Skaggs,Renny Harlin,James Gorman|Michael Frost Beckner|Marc Norman|Robert King
32657,Percy Jackson & the Olympians: The Lightning Thief,Logan Lerman|Brandon T. Jackson|Alexandra Daddario|Jake Abel|Sean Bean|Pierce Brosnan|Steve Coogan|Rosario Dawson|Melina Kanakaredes|Catherine Keener,Chris Columbus,Craig Titley|Rick Riordan
607,Men in Black,Tommy Lee Jones|Will Smith|Linda Fiorentino|Vincent D'Onofrio|Rip Torn|Tony Shalhoub|Mike Nussbaum|Jon Gries|Sergio Calderón|Carel Struycken,Barry Sonnenfeld,Ed Solomon|Lowell Cunningham|Brent Boates
863,Toy Story 2,Tom Hanks|Tim Allen|Joan Cusack|Kelsey Grammer|Don Rickles|Jim Varney|Wallace Shawn|John Ratzenberger|Annie Potts|Wayne Knight,John Lasseter,Andrew Stanton|John Lasseter|Pete Docter|Ash Brannon|Rita Hsiao|Doug Chamberlin|Chris Webb
44048,Unstoppable,Denzel Washington|Chris Pine|Rosario Dawson|Ethan Suplee|Kevin Corrigan|Kevin Chapman|Lew Temple|T.J. Miller|Jessy Schram|David Warshofsky,Tony Scott,Mark Bomback
5175,Rush Hour 2,"Chris Tucker|Jackie Chan|Zhang Ziyi|Roselyn Sánchez|Ernie Reyes, Jr.|Don Cheadle|John Lone|Maggie Q|Alan King|Harris Yulin",Brett Ratner,Jeff Nathanson|Ross LaManna
2655,What Lies Beneath,Harrison Ford|Michelle Pfeiffer|Diana Scarwid|James Remar|Miranda Otto|Ray Baker|Wendy Crewson|Amber Valletta|Katharine Towne|Victoria Bidewell,Robert Zemeckis,Steven Spielberg|Clark Gregg|Sarah Kernochan|P.K. MacCarthy
22794,Cloudy with a Chance of Meatballs,Bill Hader|Anna Faris|James Caan|Mr. T|Benjamin Bratt|Bruce Campbell|Neil Patrick Harris|Al Roker|Lauren Graham|Andy Samberg,Phil Lord|Christopher Miller,Phil Lord|Judi Barrett|Ron Barrett|Christopher Miller|Rob Greenberg
8355,Ice Age: Dawn of the Dinosaurs,Ray Romano|John Leguizamo|Denis Leary|Queen Latifah|Simon Pegg|Ethan Juan|Seann William Scott|Karen Disher|Chris Wedge|Kristen Wiig,Carlos Saldanha,Michael Berg|Peter Ackerman
116745,The Secret Life of Walter Mitty,Ben Stiller|Kristen Wiig|Patton Oswalt|Shirley MacLaine|Adam Scott|Kathryn Hahn|Sean Penn|Terence Bernie Hines|Gurdeep Singh|Alex Anfanger,Ben Stiller,Steve Conrad|James Thurber
4327,Charlie's Angels,Cameron Diaz|Lucy Liu|Drew Barrymore|Bill Murray|John Forsythe|Sam Rockwell|Kelly Lynch|Tim Curry|Luke Wilson|Crispin Glover,McG,John August|Ed Solomon|Ryan Rowe
1422,The Departed,Leonardo DiCaprio|Matt Damon|Jack Nicholson|Mark Wahlberg|Martin Sheen|Ray Winstone|Vera Farmiga|Anthony Anderson|Alec Baldwin|Kevin Corrigan,Martin Scorsese,William Monahan|Alan Mak|Felix Chong
10674,Mulan,Eddie Murphy|Jackie Chan|Ming-Na Wen|Lea Salonga|June Foray|Soon-Tek Oh|Freda Foh Shen|James Hong|BD Wong|Donny Osmond,Tony Bancroft|Barry Cook,Rita Hsiao|Philip LaZebnik|Chris Sanders|Raymond Singer|Eugenia Bostwick-Singer
7446,Tropic Thunder,Ben Stiller|Jack Black|Robert Downey Jr.|Nick Nolte|Steve Coogan|Jay Baruchel|Danny McBride|Brandon T. Jackson|Bill Hader|Brandon Soo Hoo,Ben Stiller,Justin Theroux|Ben Stiller|Etan Cohen
65754,The Girl with the Dragon Tattoo,Daniel Craig|Rooney Mara|Christopher Plummer|Goran Visnjic|Stellan Skarsgård|Robin Wright|Steven Berkoff|Joely Richardson|Embeth Davidtz|Geraldine James,David Fincher,Steven Zaillian|Stieg Larsson
1572,Die Hard: With a Vengeance,Bruce Willis|Jeremy Irons|Samuel L. Jackson|Graham Greene|Colleen Camp|Larry Bryggman|Anthony Peck|Nicholas Wyman|Sam Phillips|Kevin Chamberlin,John McTiernan,Jonathan Hensleigh|Roderick Thorp
10528,Sherlock Holmes,Robert Downey Jr.|Jude Law|Rachel McAdams|Mark Strong|Eddie Marsan|Robert Maillet|Geraldine James|Kelly Reilly|William Houston|Hans Matheson,Guy Ritchie,Lionel Wigram|Simon Kinberg|Arthur Conan Doyle|Anthony Peckham|Michael Robert Johnson
271969,Ben-Hur,Jack Huston|Toby Kebbell|Rodrigo Santoro|Nazanin Boniadi|Ayelet Zurer|Pilou Asbæk|Sofia Black-D'Elia|Morgan Freeman|Marwan Kenzari|Moisés Arias,Timur Bekmambetov,Lew Wallace|John Ridley|Keith R. Clarke
10865,Atlantis: The Lost Empire,Michael J. Fox|Corey Burton|Claudia Christian|James Garner|John Mahoney|Phil Morris|Leonard Nimoy|Don Novello|Jacqueline Obradors|Florence Stanley,Gary Trousdale|Kirk Wise,Joss Whedon|Tab Murphy|Gary Trousdale|Kirk Wise|Bryce Zabel|Jackie Zabel|Plato
258509,Alvin and the Chipmunks: The Road Chip,Jason Lee|Justin Long|Bella Thorne|Matthew Gray Gubler|Jesse McCartney|Kaley Cuoco|Kimberly Williams-Paisley|Anna Faris|Christina Applegate|Laura Marano,Walt Becker,"Randi Mayem Singer|Ross Bagdasarian, Jr.|Janice Karman|Angelo Libutti"
2253,Valkyrie,Tom Cruise|Carice van Houten|Kenneth Branagh|Bill Nighy|Terence Stamp|Tom Wilkinson|Eddie Izzard|David Bamber|Thomas Kretschmann|David Schofield,Bryan Singer,Christopher McQuarrie|Nathan Alexander
10661,You Don't Mess with the Zohan,Adam Sandler|John Turturro|Emmanuelle Chriqui|Nick Swardson|Lainie Kazan|Daoud Heidami|Dave Matthews|Charlotte Rae|Michael Buffer|Rob Schneider,Dennis Dugan,Adam Sandler|Judd Apatow|Robert Smigel
257344,Pixels,Adam Sandler|Michelle Monaghan|Peter Dinklage|Josh Gad|Kevin James|Ashley Benson|Sean Bean|Jane Krakowski|Brian Cox|Matthew Lintz,Chris Columbus,Tim Herlihy|Timothy Dowling|Patrick Jean
644,A.I. Artificial Intelligence,Haley Joel Osment|Frances O'Connor|Sam Robards|Jake Thomas|Jude Law|William Hurt|Robin Williams|Ben Kingsley|Meryl Streep|Chris Rock,Steven Spielberg,Steven Spielberg|Brian Aldiss|Ian Watson|Philip Keller
10756,The Haunted Mansion,Eddie Murphy|Terence Stamp|Nathaniel Parker|Marsha Thomason|Jennifer Tilly|Dina Spybey-Waters|Wallace Shawn|Marc John Jefferies|Jim Doughan|Rachael Harris,Rob Minkoff,David Berenbaum
686,Contact,Jodie Foster|Matthew McConaughey|James Woods|John Hurt|Tom Skerritt|William Fichtner|David Morse|Angela Bassett|Geoffrey Blake|Max Martini,Robert Zemeckis,James V. Hart|Michael Goldenberg|Carl Sagan|Ann Druyan|Darryl Henley
9383,Hollow Man,Kevin Bacon|Elisabeth Shue|Josh Brolin|Kim Dickens|Rhona Mitra|Greg Grunberg|Joey Slotnick|Mary Randle|William Devane|Pablo Espinosa,Paul Verhoeven,Andrew W. Marlowe
179,The Interpreter,Nicole Kidman|Sean Penn|Catherine Keener|Jesper Christensen|Yvan Attal|Earl Cameron|George Harris|Michael Wright|Clyde Kusatsu|Eric Keenleyside,Sydney Pollack,John Davis|Scott Frank|Steven Zaillian|Martin Stellman|Brian Ward|Charles Randolph
76285,Percy Jackson: Sea of Monsters,Logan Lerman|Alexandra Daddario|Douglas Smith|Leven Rambin|Brandon T. Jackson|Jake Abel|Grey Damon|Paloma Kwiatkowski|Anthony Stewart Head|Stanley Tucci,Thor Freudenthal,Rick Riordan|Marc Guggenheim|Jane Wu|Phil Langone
1996,Lara Croft Tomb Raider: The Cradle of Life,Angelina Jolie|Gerard Butler|Noah Taylor|Djimon Hounsou|Til Schweiger|Simon Yam|Daniel Caltagirone|Fabiano Martell|Robert Cavanah|Ronan Vibert,Jan de Bont,Dean Georgaris
291805,Now You See Me 2,Jesse Eisenberg|Woody Harrelson|Mark Ruffalo|Dave Franco|Morgan Freeman|Michael Caine|Lizzy Caplan|Daniel Radcliffe|Jay Chou|Henry Lloyd-Hughes,Jon M. Chu,Ed Solomon|Pete Chiarelli
10003,The Saint,Val Kilmer|Elisabeth Shue|Rade Serbedzija|Henry Goodman|Alun Armstrong|Michael Byrne|Yevgeni Lazarev|Irina Apeksimova|Lev Prygunov|Charlotte Cornwell,Phillip Noyce,Jonathan Hensleigh|Wesley Strick|Leslie Charteris
1535,Spy Game,Robert Redford|Brad Pitt|Catherine McCormack|Stephen Dillane|Larry Bryggman|Marianne Jean-Baptiste|Matthew Marsh|Todd Boyce|Michael Paul Chan|Garrick Hagon,Tony Scott,Michael Frost Beckner|David Arata
2067,Mission to Mars,Gary Sinise|Tim Robbins|Don Cheadle|Connie Nielsen|Jerry O'Connell|Peter Outerbridge|Kavan Smith|Jill Teed|Elise Neal|Kim Delaney,Brian De Palma,Jim Thomas|John Thomas|Graham Yost|Lowell Cannon
46195,Rio,Jesse Eisenberg|Anne Hathaway|Leslie Mann|Jane Lynch|Will.i.am|Wanda Sykes|George Lopez|Jamie Foxx|Rodrigo Santoro|Jemaine Clement,Carlos Saldanha,Carlos Saldanha|Sam Harper|Don Rhymer|Jennifer Ventimilia|Joshua Sternin|Todd Jones|Earl Richey Jones|Carlos Zapater
2277,Bicentennial Man,Robin Williams|Sam Neill|Embeth Davidtz|Oliver Platt|Kiersten Warren|Wendy Crewson|Bradley Whitford|Lindze Letherman|Angela Landis|John Michael Higgins,Chris Columbus,Nicholas Kazan
10357,Volcano,Tommy Lee Jones|Anne Heche|Gaby Hoffmann|Don Cheadle|Joshua Fardon|Jacqueline Kim|Keith David|John Corbett|Michael Rispoli|John Carroll Lynch,Mick Jackson,Billy Ray|Jerome Armstrong
4477,The Devil's Own,Harrison Ford|Brad Pitt|Margaret Colin|Rubén Blades|Treat Williams|George Hearn|Mitchell Ryan|Natascha McElhone|Paul Ronan|Simon Jones,Alan J. Pakula,Kevin Jarre|Vincent Patrick|David Aaron Cohen
8665,K-19: The Widowmaker,Harrison Ford|Liam Neeson|Peter Sarsgaard|Joss Ackland|John Shrapnel|Donald Sumpter|Tim Woodward|Steve Nicolson|George Anton|James Francis Ginty,Kathryn Bigelow,Christopher Kyle|Louis Nowra
9387,Conan the Barbarian,Arnold Schwarzenegger|James Earl Jones|Max von Sydow|Sandahl Bergman|Cassandra Gava|Ben Davidson|Gerry Lopez|Mako|Valérie Quennessen|William Smith,John Milius,John Milius|Oliver Stone|Robert E. Howard|Edward Summer
921,Cinderella Man,Russell Crowe|Renée Zellweger|Paul Giamatti|Craig Bierko|Paddy Considine|Bruce McGill|David Huband|Connor Price|Ariel Waller|Patrick Louis,Ron Howard,Akiva Goldsman|Cliff Hollingsworth
49852,The Nutcracker: The Untold Story,Elle Fanning|Nathan Lane|John Turturro|Frances de la Tour|Charlie Rowe|Aaron Michael Drozin|Richard E. Grant|Yuliya Vysotskaya|Jonny Coyne|Shirley Henderson,Andrei Konchalovsky,Chris Solimine|Andrei Konchalovsky
4464,Seabiscuit,Jeff Bridges|David McCullough|Chris Cooper|Tobey Maguire|Elizabeth Banks|Gary L. Stevens|William H. Macy|Royce D. Applegate|Eddie Jones|Chris McCarron,Gary Ross,Gary Ross|Laura Hillenbrand
664,Twister,Helen Hunt|Bill Paxton|Cary Elwes|Jami Gertz|Philip Seymour Hoffman|Lois Smith|Alan Ruck|Sean Whalen|Scott Thomson|Todd Field,Jan de Bont,Michael Crichton|Anne-Marie Martin|Fireball Tim Lawrence
8358,Cast Away,Tom Hanks|Helen Hunt|Chris Noth|Paul Sanchez|Lari White|Leonid Citer|David Allen Brooks|Semion Sudarikov|Peter von Berg|Dmitri S. Boudrine,Robert Zemeckis,William Broyles Jr.
9836,Happy Feet,Elijah Wood|Robin Williams|Brittany Murphy|Hugh Jackman|Nicole Kidman|Hugo Weaving|Anthony LaPaglia|E.G. Daily|Magda Szubanski|Miriam Margolyes,George Miller,George Miller|John Collee|Judy Morris|Warren Coleman
2502,The Bourne Supremacy,Matt Damon|Franka Potente|Brian Cox|Julia Stiles|Karl Urban|Gabriel Mann|Joan Allen|Marton Csokas|Tom Gallop|John Bedford Lloyd,Paul Greengrass,Tony Gilroy|Robert Ludlum|Chris Forster
9772,Air Force One,Harrison Ford|Gary Oldman|Glenn Close|Wendy Crewson|William H. Macy|Jürgen Prochnow|Oleg Taktarov|Liesel Matthews|Paul Guilfoyle|Xander Berkeley,Wolfgang Petersen,Andrew W. Marlowe|Matt Golden
161,Ocean's Eleven,George Clooney|Brad Pitt|Matt Damon|Andy García|Julia Roberts|Casey Affleck|Scott Caan|Carl Reiner|Bernie Mac|Elliott Gould,Steven Soderbergh,George Clayton Johnson|Ted Griffin|Jack Golden Russell|Len Morganti
52451,The Three Musketeers,Milla Jovovich|Orlando Bloom|Logan Lerman|Ray Stevenson|Matthew Macfadyen|Luke Evans|Mads Mikkelsen|Christoph Waltz|Freddie Fox|Gabriella Wilde,Paul W.S. Anderson,Andrew Davies|Alexandre Dumas père|Alex Litvak
76492,Hotel Transylvania,Adam Sandler|Steve Buscemi|David Spade|Kevin James|Selena Gomez|Andy Samberg|Fran Drescher|Molly Shannon|Cee Lo Green|Jon Lovitz,Genndy Tartakovsky,Dan Hageman
4523,Enchanted,Amy Adams|Patrick Dempsey|James Marsden|Timothy Spall|Rachel Covey|Susan Sarandon|Idina Menzel|Julie Andrews|Jeff Bennett|Kevin Lima,Kevin Lima,Paul Brizzi|Bill Kelly
59961,Safe House,Denzel Washington|Ryan Reynolds|Vera Farmiga|Joel Kinnaman|Brendan Gleeson|Sam Shepard|Nora Arnezeder|Liam Cunningham|Fares Fares|Jenna Dover,Daniel Espinosa,David Guggenheim
10481,102 Dalmatians,Glenn Close|Ioan Gruffudd|Alice Evans|Tim McInnerny|Gérard Depardieu,Kevin Lima,Kristen Buckley|Brian Regan|Dodie Smith|Bob Tzudiker|Noni White
59108,Tower Heist,Ben Stiller|Eddie Murphy|Casey Affleck|Alan Alda|Matthew Broderick|Téa Leoni|Judd Hirsch|Gabourey Sidibe|Stephen Henderson|Michael Peña,Brett Ratner,Ted Griffin|Jeff Nathanson|Adam Cooper|Bill Collage
1581,The Holiday,Cameron Diaz|Kate Winslet|Jude Law|Jack Black|Eli Wallach|Edward Burns|Rufus Sewell|Miffy Englefield|Emma Pritchard|Sarah Parish,Nancy Meyers,Nancy Meyers
9798,Enemy of the State,Will Smith|Gene Hackman|Jon Voight|Regina King|Ian Hart|Lisa Bonet|Barry Pepper|James Le Gros|Jake Busey|Scott Caan,Tony Scott,David Marconi
22897,It's Complicated,Meryl Streep|Alec Baldwin|Steve Martin|John Krasinski|Lake Bell|Mary Kay Place|Rita Wilson|Alexandra Wentworth|Hunter Parrish|Zoe Kazan,Nancy Meyers,Nancy Meyers
298,Ocean's Thirteen,George Clooney|Brad Pitt|Matt Damon|Al Pacino|Bernie Mac|Andy García|Casey Affleck|Scott Caan|Carl Reiner|Don Cheadle,Steven Soderbergh,George Clayton Johnson|Jack Golden Russell|Brian Koppelman|David Levien
7484,Open Season,Martin Lawrence|Ashton Kutcher|Gary Sinise|Debra Messing|Billy Connolly|Georgia Engel|Jon Favreau|Jane Krakowski|Gordon Tootoosis|Patrick Warburton,Jill Culton|Roger Allers|Anthony Stacchi,Nat Mauldin|Steve Bencich|Ron J. Friedman
157350,Divergent,Shailene Woodley|Theo James|Kate Winslet|Miles Teller|Ray Stevenson|Maggie Q|Zoë Kravitz|Ansel Elgort|Jai Courtney|Ashley Judd,Neil Burger,Vanessa Taylor|Evan Daugherty|Veronica Roth
853,Enemy at the Gates,Jude Law|Rachel Weisz|Ed Harris|Joseph Fiennes|Bob Hoskins|Ron Perlman|Eva Mattes|Gabriel Thomson|Matthias Habich|Alexander Schwan,Jean-Jacques Annaud,Jean-Jacques Annaud|Alain Godard
10159,The Rundown,"Dwayne Johnson|Seann William Scott|Rosario Dawson|Christopher Walken|Ernie Reyes, Jr.|Ewen Bremner|Jon Gries|William Lucking|Stuart F. Wilson|Dennis Keiffer",Peter Berg,James Vanderbilt|R.J. Stewart
9593,Last Action Hero,Arnold Schwarzenegger|F. Murray Abraham|Art Carney|Charles Dance|Frank McRae|Tom Noonan|Anthony Quinn|Mercedes Ruehl|Austin O'Brien|Robert Prosky,John McTiernan,Shane Black|Zak Penn|Adam Leff|David Arnott
1904,Memoirs of a Geisha,Zhang Ziyi|Gong Li|Youki Kudoh|Tsai Chin|Suzuka Ohgo|Ken Watanabe|Michelle Yeoh|Navia Nguyen|Koji Yakusho|Kaori Momoi,Rob Marshall,Robin Swicord|Arthur Golden
9615,The Fast and the Furious: Tokyo Drift,Lucas Black|Nathalie Kelley|Sung Kang|Shad Moss|Brian Tee|Leonardo Nam|Brian Goodman|Zachery Ty Bryan|Nikki Griffin|Jason Tobin,Justin Lin,Chris Morgan
51052,Arthur Christmas,James McAvoy|Hugh Laurie|Bill Nighy|Jim Broadbent|Imelda Staunton|Ashley Jensen|Marc Wootton|Laura Linney|Eva Longoria|Ramona Marquez,Barry Cook|Sarah Smith,Peter Baynham|Sarah Smith
297,Meet Joe Black,Brad Pitt|Anthony Hopkins|Claire Forlani|Jeffrey Tambor|Marcia Gay Harden|Jake Weber|David S. Howard|Lois Kelly-Miller|Jahnni St. John|Richard Clarke,Martin Brest,Ron Osborn|Jeff Reno|Kevin Wade|Bo Goldman
9884,Collateral Damage,Arnold Schwarzenegger|Francesca Neri|Elias Koteas|Cliff Curtis|John Turturro|John Leguizamo|Jane Lynch|Harry Lennix|Lindsay Frost|Tyler Posey,Andrew Davis,Ronald Roose|David Griffiths|Peter Griffiths|Tom Jung
16858,All That Jazz,Roy Scheider|Jessica Lange|Leland Palmer|Ann Reinking|Ben Vereen|Cliff Gorman|Erzsebet Foldi|Michael Tolan|Max Wright|William LeMassena,Bob Fosse,Robert Alan Aurthur|Bob Fosse
62764,Mirror Mirror,Julia Roberts|Lily Collins|Armie Hammer|Nathan Lane|Martin Klebba|Jordan Prentice|Mark Povinelli|Joe Gnoffo|Danny Woodburn|Sebastian Saraceno,Tarsem Singh,Jacob Grimm|Wilhelm Grimm|Marc Klein|Melisa Wallack|Jason Keller
22538,Scott Pilgrim vs. the World,Michael Cera|Mary Elizabeth Winstead|Kieran Culkin|Chris Evans|Anna Kendrick|Alison Pill|Brandon Routh|Jason Schwartzman|Ellen Wong|Satya Bhabha,Edgar Wright,Edgar Wright|Michael Bacall|Bryan Lee O'Malley
9341,The Core,Aaron Eckhart|Hilary Swank|Delroy Lindo|Stanley Tucci|Tchéky Karyo|DJ Qualls|Richard Jenkins|Bruce Greenwood|Christopher Shyer|Ray Galletti,Jon Amiel,Cooper Layne|John Rogers|Jerry Bingham
12107,Nutty Professor II: The Klumps,Eddie Murphy|Janet Jackson|Larry Miller|John Ales|Richard Gant|Anna Maria Horsford|Melinda McGraw|Jamal Mixon|Gabriel Williams|Chris Elliott,Peter Segal,Chris Weitz|Paul Weitz|David Sheffield|Barry W. Blaustein
9637,Scooby-Doo,Freddie Prinze Jr.|Sarah Michelle Gellar|Matthew Lillard|Linda Cardellini|Rowan Atkinson|Neil Fanning|Scott Innes|Isla Fisher|Pamela Anderson|Mark McGrath,Raja Gosnell,Joseph Barbera|William Hanna|James Gunn|Craig Titley|Bob Camp|Graeme Callander
49049,Dredd,Karl Urban|Olivia Thirlby|Lena Headey|Wood Harris|Jason Cope|Domhnall Gleeson|Rakie Ayola|Deobia Oparei|Langley Kirkwood|Warrick Grier,Pete Travis,John Wagner|Alex Garland|Carlos Ezquerra
9339,Click,Adam Sandler|Kate Beckinsale|Christopher Walken|David Hasselhoff|Henry Winkler|Julie Kavner|Sean Astin|Joseph Castanon|Jonah Hill|Jake Hoffman,Frank Coraci,Steve Koren|Mark O'Keefe
16281,Creepshow,Hal Holbrook|Adrienne Barbeau|Fritz Weaver|Leslie Nielsen|Carrie Nye|E.G. Marshall|Viveca Lindfors|Ed Harris|Ted Danson|Stephen King,George A. Romero,Stephen King
39691,Cats & Dogs 2 : The Revenge of Kitty Galore,James Marsden|Nick Nolte|Christina Applegate|Bette Midler|Pascale Hutton|Katt Williams|Neil Patrick Harris|Sean Hayes|Wallace Shawn|Roger Moore,Brad Peyton,Steve Bencich|Ron J. Friedman
8247,Jumper,Hayden Christensen|Jamie Bell|Samuel L. Jackson|Rachel Bilson|Michael Rooker|Diane Lane|AnnaSophia Robb|Max Thieriot|Jesse James|Tom Hulce,Doug Liman,David S. Goyer|Jim Uhls|Simon Kinberg|Steven Gould|Patrick Janicke|Rob Ballantyne|Raymond Consing|Martin L. Mercer|Rob McCallum|Robbie Consing|Darren Denlinger|James Goodman|Jamie Rama|Jeremy Simser
11253,Hellboy II: The Golden Army,Ron Perlman|Selma Blair|Jeffrey Tambor|Doug Jones|John Hurt|Luke Goss|John Alexander|James Dodd|Seth MacFarlane|Anna Walton,Guillermo del Toro,Guillermo del Toro|Mike Mignola
1949,Zodiac,Jake Gyllenhaal|Robert Downey Jr.|Mark Ruffalo|Anthony Edwards|Brian Cox|Elias Koteas|Chloë Sevigny|John Carroll Lynch|Ed Setrakian|John Getz,David Fincher,James Vanderbilt|Robert Graysmith
8452,The 6th Day,Arnold Schwarzenegger|Michael Rapaport|Tony Goldwyn|Michael Rooker|Sarah Wynter|Robert Duvall|Wendy Crewson|Taylor Anne Reid|Alexandra Castillo|Steve Bacic,Roger Spottiswoode,Cormac Wibberley|Marianne Wibberley
310,Bruce Almighty,Jim Carrey|Jennifer Aniston|Philip Baker Hall|Catherine Bell|Lisa Ann Walter|Steve Carell|Nora Dunn|Paul Satterfield|Morgan Freeman|Eddie Jemison,Tom Shadyac,Steve Oedekerk|Steve Koren|Mark O'Keefe|David Lowery
27578,The Expendables,Sylvester Stallone|Jason Statham|Dolph Lundgren|Eric Roberts|Randy Couture|Steve Austin|David Zayas|Giselle Itié|Terry Crews|Mickey Rourke,Sylvester Stallone,Sylvester Stallone|Dave Callaham
954,Mission: Impossible,Tom Cruise|Jon Voight|Emmanuelle Béart|Henry Czerny|Jean Reno|Ving Rhames|Kristin Scott Thomas|Vanessa Redgrave|Dale Dye|Marcel Iureș,Brian De Palma,David Koepp|Steven Zaillian|Robert Towne|Bruce Geller
70160,The Hunger Games,Jennifer Lawrence|Josh Hutcherson|Liam Hemsworth|Woody Harrelson|Elizabeth Banks|Lenny Kravitz|Stanley Tucci|Donald Sutherland|Wes Bentley|Toby Jones,Gary Ross,Billy Ray|Gary Ross|Suzanne Collins
45243,The Hangover Part II,Bradley Cooper|Ed Helms|Zach Galifianakis|Justin Bartha|Ken Jeong|Paul Giamatti|Mike Tyson|Jeffrey Tambor|Mason Lee|Jamie Chung,Todd Phillips,Craig Mazin|Scot Armstrong
364,Batman Returns,Michael Keaton|Danny DeVito|Michelle Pfeiffer|Christopher Walken|Michael Gough|Pat Hingle|Vincent Schiavelli|Michael Murphy|Cristi Conaway|Paul Reubens,Tim Burton,Bob Kane|Daniel Waters|Wesley Strick
7518,Over the Hedge,Bruce Willis|Garry Shandling|Steve Carell|Wanda Sykes|William Shatner|Nick Nolte|Thomas Haden Church|Allison Janney|Eugene Levy|Catherine O'Hara,Karey Kirkpatrick|Tim Johnson,Tom Lewis|Karey Kirkpatrick|Len Blum|Lorne Cameron|David Hoselton|Michael Fry|Steven E. Gordon
11544,Lilo & Stitch,Chris Sanders|Daveigh Chase|Tia Carrere|David Ogden Stiers|Kevin McDonald|Ving Rhames|Kevin Michael Richardson|Jason Scott Lee|Zoe Caldwell|Amy Hill,Chris Sanders|Dean DeBlois,Chris Sanders|Dean DeBlois
9986,Charlotte's Web,Julia Roberts|Steve Buscemi|John Cleese|Oprah Winfrey|Cedric the Entertainer|Reba McEntire|Kathy Bates|Robert Redford|Thomas Haden Church|André Benjamin,Gary Winick,"Susannah Grant|Karey Kirkpatrick|Earl Hamner, Jr.|E.B. White"
8656,Deep Impact,Robert Duvall|Téa Leoni|Elijah Wood|Vanessa Redgrave|Morgan Freeman|Maximilian Schell|Leelee Sobieski|James Cromwell|Jon Favreau|Laura Innes,Mimi Leder,Bruce Joel Rubin|Michael Tolkin|Richard K. Buoen
146216,RED 2,Bruce Willis|Catherine Zeta-Jones|Anthony Hopkins|Helen Mirren|John Malkovich|Mary-Louise Parker|David Thewlis|Neal McDonough|Lee Byung-hun|Neve Gachev,Dean Parisot,Warren Ellis|Erich Hoeber|Jon Hoeber|Cully Hamner
9291,The Longest Yard,Adam Sandler|Chris Rock|Burt Reynolds|Michael Irvin|Nelly|Bill Goldberg|Terry Crews|Bob Sapp|Nicholas Turturro|Dalip Singh Rana,Peter Segal,Albert S. Ruddy|Sheldon Turner
55301,Alvin and the Chipmunks: Chipwrecked,Jason Lee|David Cross|Jenny Slate|Andy Buckley|Justin Long|Matthew Gray Gubler|Jesse McCartney|Christina Applegate|Amy Poehler|Anna Faris,Mike Mitchell,Glenn Berger|Jonathan Aibel|Phil Langone
109418,Grown Ups 2,Adam Sandler|Kevin James|Chris Rock|David Spade|Salma Hayek|Maya Rudolph|Maria Bello|Alexys Nycole Sanchez|Alex Poncio|Steve Buscemi,Dennis Dugan,Adam Sandler|Tim Herlihy|Fred Wolf
11665,Get Smart,Steve Carell|Anne Hathaway|Dwayne Johnson|Alan Arkin|Terence Stamp|Terry Crews|David Koechner|James Caan|Bill Murray|Patrick Warburton,Peter Segal,Tom J. Astle|Matt Ember
6964,Something's Gotta Give,Jack Nicholson|Diane Keaton|Keanu Reeves|Frances McDormand|Amanda Peet|Jon Favreau|Paul Michael Glaser|Rachel Ticotin|KaDee Strickland|Robin Pearson Rose,Nancy Meyers,Nancy Meyers
11324,Shutter Island,Leonardo DiCaprio|Mark Ruffalo|Ben Kingsley|Emily Mortimer|Michelle Williams|Max von Sydow|Jackie Earle Haley|Patricia Clarkson|Ted Levine|John Carroll Lynch,Martin Scorsese,Dennis Lehane|Laeta Kalogridis
12193,Four Christmases,Vince Vaughn|Reese Witherspoon|Robert Duvall|Sissy Spacek|Jon Voight|Jon Favreau|Mary Steenburgen|Dwight Yoakam|Tim McGraw|Kristin Chenoweth,Seth Gordon,Caleb Wilson|Matt Allen
9928,Robots,Robin Williams|Ewan McGregor|Halle Berry|Mel Brooks|Paula Abdul|Amanda Bynes|Drew Carey|Jennifer Coolidge|Lucille Bliss|Terry Bradshaw,Chris Wedge|Carlos Saldanha,Lowell Ganz|Babaloo Mandel|David Lindsay-Abaire|Ron Mita|Jim McClain|Bob Camp
754,Face/Off,John Travolta|Nicolas Cage|Joan Allen|Alessandro Nivola|Gina Gershon|Dominique Swain|Nick Cassavetes|Harve Presnell|Colm Feore|John Carroll Lynch,John Woo,Mike Werb|Michael Colleary
10202,Bedtime Stories,Adam Sandler|Keri Russell|Guy Pearce|Courteney Cox|Lucy Lawless|Teresa Palmer|Russell Brand|Aisha Tyler|Kathryn Joosten|Carmen Electra,Adam Shankman,Tim Herlihy|Matt Lopez
4147,Road to Perdition,Tom Hanks|Tyler Hoechlin|Jennifer Jason Leigh|Liam Aiken|Paul Newman|Daniel Craig|Ciarán Hinds|David Darlow|Kevin Chamberlin|Doug Spinuzza,Sam Mendes,Max Allan Collins|Richard Piers Rayner|David Self
50546,Just Go with It,Adam Sandler|Jennifer Aniston|Nicole Kidman|Nick Swardson|Brooklyn Decker|Bailee Madison|Griffin Gluck|Dave Matthews|Rachel Dratch|Kevin Nealon,Dennis Dugan,Allan Loeb|Timothy Dowling
1701,Con Air,Nicolas Cage|John Cusack|John Malkovich|Ving Rhames|Nick Chinlund|Steve Buscemi|Colm Meaney|Rachel Ticotin|Dave Chappelle|Mykelti Williamson,Simon West,Scott Rosenberg|Matsune Suzuki
13027,Eagle Eye,Shia LaBeouf|Michelle Monaghan|Rosario Dawson|Michael Chiklis|Anthony Mackie|Billy Bob Thornton|Ethan Embry|Anthony Azizi|Cameron Boyce|Lynn Cohen,D.J. Caruso,John Glen|Travis Wright|Hillary Seitz|Dan McDermott
2289,Cold Mountain,Jude Law|Nicole Kidman|Renée Zellweger|Eileen Atkins|Brendan Gleeson|Philip Seymour Hoffman|Natalie Portman|Emily Deschanel|Giovanni Ribisi|Donald Sutherland,Anthony Minghella,Anthony Minghella|Charles Frazier
20504,The Book of Eli,Denzel Washington|Gary Oldman|Mila Kunis|Ray Stevenson|Jennifer Beals|Tom Waits|Michael Gambon|Frances de la Tour|Lateef Crowder|Chris Browning,Albert Hughes|Allen Hughes,Gary Whitta
9574,Flubber,Robin Williams|Marcia Gay Harden|Christopher McDonald|Raymond J. Barry|Clancy Brown|Nancy Olson|Ted Levine|Wil Wheaton|Edie McClurg|Jodi Benson,Les Mayfield,Bill Walsh|John Hughes
11618,The Haunting,Liam Neeson|Catherine Zeta-Jones|Owen Wilson|Lili Taylor|Bruce Dern|Virginia Madsen|Michael Cavanaugh|M.C. Gainey|Marian Seldes|Alix Koromzay,Jan de Bont,David Self|Shirley Jackson|Robert Consing
2300,Space Jam,Michael Jordan|Wayne Knight|Billy West|Dee Bradley Baker|Theresa Randle|Danny DeVito|Brandon Hammond|Larry Bird|Bill Murray|Charles Barkley,Joe Pytka,Herschel Weingrod|Timothy Harris|Steve Rudnick|Leo Benvenuti|Kurt Anderson
12096,The Pink Panther,Steve Martin|Kevin Kline|Jean Reno|Beyoncé Knowles|Emily Mortimer|Henry Czerny|Kristin Chenoweth|Roger Rees|William Abadie|Jason Statham,Shawn Levy,Blake Edwards|Maurice Richlin|Steve Martin|Len Blum|Michael Saltzman
10200,The Day the Earth Stood Still,Keanu Reeves|Jennifer Connelly|Kathy Bates|Jaden Smith|John Cleese|Jon Hamm|Kyle Chandler|Robert Knepper|James Hong|John Rothman,Scott Derrickson,David Scarpa
8834,Conspiracy Theory,Mel Gibson|Julia Roberts|Patrick Stewart|Cylk Cozart|Steve Kahan|Terry Alexander|Alex McArthur|Rod McLachlan|Michael Potts|Jim Sterling,Richard Donner,Brian Helgeland
228150,Fury,Brad Pitt|Shia LaBeouf|Logan Lerman|Michael Peña|Jon Bernthal|Jim Parrack|Brad William Henke|Kevin Vance|Xavier Samuel|Jason Isaacs,David Ayer,David Ayer
6068,Six Days Seven Nights,Harrison Ford|Anne Heche|David Schwimmer|Jacqueline Obradors|Temuera Morrison|Allison Janney|Cliff Curtis|Danny Trejo|Kerry Rossall|Douglas Weston,Ivan Reitman,Michael Browning
41515,Yogi Bear,Dan Aykroyd|Justin Timberlake|Anna Faris|Tom Cavanagh|Christine Taylor|T.J. Miller|Nate Corddry|Andrew Daly|David Stott|Greg Johnson,Eric Brevig,Joshua Sternin
9023,Spirit: Stallion of the Cimarron,Matt Damon|James Cromwell|Daniel Studi|Chopper Bernet|Jeff LeBeau|John Rubano|Richard McGonagle|Matt Levin|Adam Paul|Robert Cait,Kelly Asbury|Lorna Cook,John Fusco
38317,Zookeeper,Kevin James|Rosario Dawson|Sylvester Stallone|Nick Nolte|Jon Favreau|Adam Sandler|Judd Apatow|Thomas Gottschalk|Ken Jeong|Donnie Wahlberg,Frank Coraci,Kevin James|Nick Bakay
2157,Lost in Space,Gary Oldman|William Hurt|Matt LeBlanc|Mimi Rogers|Heather Graham|Lacey Chabert|Jack Johnson|Jared Harris|Mark Goddard|Lennie James,Stephen Hopkins,Akiva Goldsman|Irwin Allen|Robb Bihun
14462,The Manchurian Candidate,Denzel Washington|Meryl Streep|Liev Schreiber|Jon Voight|Kimberly Elise|Vera Farmiga|Jeffrey Wright|Simon McBurney|Bruno Ganz|Ann Dowd,Jonathan Demme,Kalina Ivanov|Richard Condon|Dean Georgaris|Daniel Pyne
161795,Déjà Vu,Stephen Dillane|Victoria Foyt|Vanessa Redgrave|Michael Brandon|Glynis Barber|Vernon Dobtcheff|Graydon Gould|Noel Harrison|Aviva Marks|Anna Massey,Henry Jaglom,Victoria Foyt|Henry Jaglom
159824,Hotel Transylvania 2,Adam Sandler|Andy Samberg|Selena Gomez|Kevin James|Steve Buscemi|David Spade|Keegan-Michael Key|Asher Blinkoff|Fran Drescher|Molly Shannon,Genndy Tartakovsky,Genndy Tartakovsky|Dan Hageman|Kevin Hageman
49948,Fantasia 2000,Steve Martin|Itzhak Perlman|Quincy Jones|Bette Midler|James Earl Jones|Penn Jillette|Teller|James Levine|Angela Lansbury|Wayne Allwine,James Algar|Don Hahn|Gaëtan Brizzi|Paul Brizzi|Eric Goldberg|Hendel Butoy|Francis Glebas|Pixote Hunt,
2135,The Time Machine,Guy Pearce|Mark Addy|Phyllida Law|Sienna Guillory|Laura Kirk|Josh Stamberg|John W. Momrow|Max Baker|Jeffrey M. Meyer|Jeremy Irons,Simon Wells,John Logan|H.G. Wells
9822,Mighty Joe Young,Charlize Theron|Rade Serbedzija|Bill Paxton|Regina King|Peter Firth|Naveen Andrews|David Paymer|Robert Wisdom|Christian Clemenson|Geoffrey Blake,Ron Underwood,Mark Rosenthal|Merian C. Cooper
9705,Swordfish,John Travolta|Hugh Jackman|Halle Berry|Don Cheadle|Sam Shepard|Vinnie Jones|Drea de Matteo|Rudolf Martin|Zach Grenier|Camryn Grimes,Dominic Sena,Skip Woods
1656,The Legend of Zorro,Antonio Banderas|Catherine Zeta-Jones|Adrián Alonso Barona|Julio Oscar Mechoso|Nick Chinlund|Alexa Benedetti|Rufus Sewell|Raúl Méndez|Brandon Wood|Michael Emerson,Martin Campbell,Alex Kurtzman|Roberto Orci|Johnston McCulley
12159,What Dreams May Come,Robin Williams|Cuba Gooding Jr.|Annabella Sciorra|Max von Sydow|Jessica Brooks Grant|Josh Paddock|Rosalind Chao|Lucinda Jenney|Maggie McCarthy|Carin Sprague,Vincent Ward,Ronald Bass|Richard Matheson
9678,Little Nicky,Adam Sandler|Patricia Arquette|Harvey Keitel|Rhys Ifans|Tom Lister Jr.|Rodney Dangerfield|Allen Covert|Peter Dante|Jonathan Loughran|Robert Smigel,Steven Brill,Adam Sandler|Tim Herlihy
4442,The Brothers Grimm,Heath Ledger|Matt Damon|Mackenzie Crook|Roger Ashton-Griffiths|Peter Stormare|Jonathan Pryce|Monica Bellucci|Lena Headey|Richard Ridings|Barbora Lukesová,Terry Gilliam,Terry Gilliam|Ehren Kruger|Tony Grisoni
75,Mars Attacks!,Jack Nicholson|Glenn Close|Annette Bening|Pierce Brosnan|Danny DeVito|Martin Short|Sarah Jessica Parker|Michael J. Fox|Rod Steiger|Tom Jones,Tim Burton,Jonathan Gems
330770,Evolution,Max Brebant|Roxane Duran|Julie-Marie Parmentier|Mathieu Goldfeld|Nissim Renard|Pablo-Noé Etienne|Nathalie Legosles,Lucile Hadzihalilovic,Lucile Hadzihalilovic|Alanté Kavaïté
9433,The Edge,Alec Baldwin|Anthony Hopkins|Elle Macpherson|Harold Perrineau|L.Q. Jones|Kathleen Wilhoite,Lee Tamahori,David Mamet
19959,Surrogates,Bruce Willis|Radha Mitchell|Rosamund Pike|James Cromwell|Ving Rhames|Helena Mattsson|Boris Kodjoe|Ian Novick|Devin Ratray|Jack Noseworthy,Jonathan Mostow,John D. Brancato|Michael Ferris
11973,Thirteen Days,Kevin Costner|Bruce Greenwood|Steven Culp|Dylan Baker|Shawn Driscoll|Drake Cook,Roger Donaldson,David Self
11228,Daylight,Sylvester Stallone|Amy Brenneman|Viggo Mortensen|Dan Hedaya|Jay O. Sanders|Karen Young|Danielle Harris|Claire Bloom|Colin Fox|Barry Newman,Rob Cohen,Leslie Bohem|Mentor Huebner
77951,Walking With Dinosaurs,Charlie Rowe|Justin Long|Karl Urban|Angourie Rice|John Leguizamo|Skyler Stone|Tiya Sircar|Clay Savage|Michael Leone|Katie Silverman,Barry Cook|Neil Nightingale,John Collee|Oliver Dear
5491,Battlefield Earth,John Travolta|Barry Pepper|Forest Whitaker|Kim Coates|Sabine Karsenti|Christian Tessier|Sylvain Landry|Michael Byrne|Richard Tyson|Christopher Freeman,Roger Christian,Corey Mandell|J.D. Shapiro|L. Ron Hubbard
10715,Looney Tunes: Back in Action,Brendan Fraser|Jenna Elfman|Steve Martin|Timothy Dalton|Heather Locklear|Joan Cusack|Marc Lawrence|Robert Picardo|Ron Perlman|Bill Goldberg,Joe Dante,Larry Doyle|Bob Camp|John Williamson|Chris Aguirre
10197,Nine,Judi Dench|Daniel Day-Lewis|Marion Cotillard|Penélope Cruz|Sophia Loren|Nicole Kidman|Kate Hudson|Fergie|Ricky Tognazzi|Enzo Cilenti,Rob Marshall,Michael Tolkin
9562,Timeline,Paul Walker|Frances O'Connor|Gerard Butler|Billy Connolly|David Thewlis|Anna Friel|Neal McDonough|Matt Craven|Ethan Embry|Michael Sheen,Richard Donner,George Nolfi|Michael Crichton|Jeff Maguire|Geof Isherwood
9922,The Postman,Kevin Costner|Will Patton|Olivia Williams|Larenz Tate|Tom Petty|Giovanni Ribisi|James Russo|Daniel von Bargen|Scott Bairstow|Roberta Maxwell,Kevin Costner,Eric Roth|Brian Helgeland|David Brin
9447,Babe: Pig in the City,James Cromwell|Mary Stein|Mickey Rooney|Magda Szubanski|E.G. Daily|Danny Mann|Glenne Headly|Steven Wright|James Cosmo|Nathan Kress,George Miller,George Miller|Judy Morris|Mark Lamprell
274854,The Last Witch Hunter,Vin Diesel|Rose Leslie|Elijah Wood|Ólafur Darri Ólafsson|Rena Owen|Julie Engelbrecht|Michael Caine|Joseph Gilgun|Isaach De Bankolé|Sloane Coombs,Breck Eisner,Jay Oliva|Cory Goodman|Matt Sazama|Burk Sharpless
8870,Red Planet,Val Kilmer|Carrie-Anne Moss|Benjamin Bratt|Tom Sizemore|Simon Baker|Terence Stamp|Jessica Morton|Caroline Bossi|Bob Neill,Antony Hoffman,Jonathan Lemkin|Chuck Pfarrer|Timothy Burgard
9992,Arthur and the Invisibles,Freddie Highmore|Mia Farrow|Ron Crawford|Penny Balfour|Doug Rand|Adam LeFevre|Jean Bejote Njamba|Saul Jephcott|Lee Delong|Christian Erickson,Luc Besson,Luc Besson|Céline Garcia|Georges Bouchelagem|Patrice Garcia|Philippe Rouchier|Nicolas Fructus
36970,Oceans,Pierce Brosnan|Jacques Perrin|Rie Miyazawa|Aldo Baglio|Matthias Brandt|Lancelot Perrin|Manolo Garcia|Pedro Armendáriz Jr.,Jacques Perrin|Jacques Cluzaud,Jacques Perrin|Jacques Cluzaud|Stéphane Durand|Christophe Cheysson|Laurent Debas|Laurent Gaudé|François Sarano
10077,A Sound of Thunder,Heike Makatsch|Armin Rohde|David Oyelowo|Wilfried Hochholdinger|Edward Burns|Jemima Rooper|Ben Kingsley|August Zirner|Catherine McCormack|Alvin Van Der Kuech,Peter Hyams,Gregory Poirier|Thomas Dean Donnelly|Ray Bradbury|Joshua Oppenheimer
76649,Pompeii,Kit Harington|Carrie-Anne Moss|Emily Browning|Adewale Akinnuoye-Agbaje|Jessica Lucas|Jared Harris|Joe Pingue|Kiefer Sutherland|Currie Graham|Ron Kennell,Paul W.S. Anderson,Lee Batchler|Janet Scott Batchler|Michael Robert Johnson
293644,Top Cat Begins,Jason Harris|David Hoffman|Bill Lobley|Darin De Paul|Marieve Herington|David Boat,Andrés Couturier,Doug Langdale|James Krieg|Jorge Ramírez Suárez
453,A Beautiful Mind,Russell Crowe|Ed Harris|Jennifer Connelly|Christopher Plummer|Paul Bettany|Adam Goldberg|Josh Lucas|Anthony Rapp|Jason Gray-Stanford|Judd Hirsch,Ron Howard,Akiva Goldsman|Sylvia Nasar
8587,The Lion King,Jonathan Taylor Thomas|Matthew Broderick|James Earl Jones|Jeremy Irons|Moira Kelly|Niketa Calame|Ernie Sabella|Nathan Lane|Robert Guillaume|Rowan Atkinson,Roger Allers|Rob Minkoff,Jonathan Roberts|Linda Woolverton|Irene Mecchi|Rick Maki
72545,Journey 2: The Mysterious Island,Dwayne Johnson|Josh Hutcherson|Kristin Davis|Vanessa Hudgens|Luis Guzmán|Michael Caine|Anna Colwell|Stephen Caudill|Branscombe Richmond|Walter Bankson,Brad Peyton,Brian Gunn|Mark Gunn|Richard Outten
109451,Cloudy with a Chance of Meatballs 2,Bill Hader|Anna Faris|James Caan|Will Forte|Andy Samberg|Benjamin Bratt|Neil Patrick Harris|Terry Crews|Kristen Schaal|Cody Cameron,Cody Cameron|Kris Pearn,John Francis Daley|Phil Lord|Judi Barrett|Ron Barrett|Christopher Miller|Jonathan M. Goldstein
9533,Red Dragon,Anthony Hopkins|Edward Norton|Ralph Fiennes|Harvey Keitel|Emily Watson|Philip Seymour Hoffman|Mary-Louise Parker|Anthony Heald|Ken Leung|Frankie Faison,Brett Ratner,Thomas Harris|Ted Tally
2023,Hidalgo,Viggo Mortensen|Zuleikha Robinson|Omar Sharif|Adam Alexi-Malle|Louise Lombard|Silas Carson|Harsh Nayyar|C. Thomas Howell|J.K. Simmons|Adoni Maropis,Joe Johnston,John Fusco
71880,Jack and Jill,Adam Sandler|Katie Holmes|Al Pacino|Eugenio Derbez|Tim Meadows|Nick Swardson|Allen Covert|Elodie Tougne|Dana Carvey|David Spade,Dennis Dugan,Steve Koren|Adam Sandler|Ben Zook
584,2 Fast 2 Furious,Paul Walker|Tyrese Gibson|Eva Mendes|Cole Hauser|Ludacris|James Remar|Devon Aoki|Thom Barry|Amaury Nolasco|Michael Ealy,John Singleton,Michael Brandt|Derek Haas|Gary Scott Thompson|Brian McGee
309809,The Little Prince,Jeff Bridges|Rachel McAdams|Paul Rudd|Marion Cotillard|James Franco|Benicio del Toro|Ricky Gervais|Bud Cort|Paul Giamatti|Riley Osborne,Mark Osborne,Irena Brignull|Antoine de Saint-Exupéry|Bob Persichetti
4858,The Invasion,Nicole Kidman|Daniel Craig|Jeremy Northam|Jeffrey Wright|Jackson Bond|Veronica Cartwright|Josef Sommer|Celia Weston|Roger Rees|Eric Benjamin,Oliver Hirschbiegel|James McTeigue,Jack Finney|David Kajganich
17711,The Adventures of Rocky & Bullwinkle,Rene Russo|Jason Alexander|Piper Perabo|Randy Quaid|Robert De Niro|Jonathan Winters|June Foray|Keith Scott|Janeane Garofalo|Carl Reiner,Des McAnuff,Kenneth Lonergan|Jay Ward
328111,The Secret Life of Pets,Louis C.K.|Eric Stonestreet|Kevin Hart|Jenny Slate|Lake Bell|Bobby Moynihan|Albert Brooks|Ellie Kemper|Hannibal Buress|Dana Carvey,Chris Renaud,Ken Daurio|Cinco Paul|Brian Lynch
8698,The League of Extraordinary Gentlemen,Sean Connery|Peta Wilson|Shane West|Stuart Townsend|Jason Flemyng|Tony Curran|Naseeruddin Shah|Richard Roxburgh|Max Ryan|Tom Goodman-Hill,Stephen Norrington,Alan Moore|James Robinson|Kevin O'Neill|Dave Preciado
93456,Despicable Me 2,Steve Carell|Kristen Wiig|Benjamin Bratt|Miranda Cosgrove|Russell Brand|Ken Jeong|Steve Coogan|Elsie Kate Fisher|Dana Gaier|Moisés Arias,Pierre Coffin|Chris Renaud,Ken Daurio|Cinco Paul|Wilbert Plijnaar|Matthew Nealon
602,Independence Day,Will Smith|Bill Pullman|Jeff Goldblum|Mary McDonnell|Judd Hirsch|Robert Loggia|Randy Quaid|Margaret Colin|Vivica A. Fox|James Rebhorn,Roland Emmerich,Roland Emmerich|Dean Devlin
330,The Lost World: Jurassic Park,Jeff Goldblum|Julianne Moore|Pete Postlethwaite|Richard Attenborough|Vince Vaughn|Arliss Howard|Vanessa Lee Chester|Joseph Mazzello|Ariana Richards|Steven Spielberg,Steven Spielberg,David Koepp|Michael Crichton
953,Madagascar,Ben Stiller|Chris Rock|David Schwimmer|Jada Pinkett Smith|Sacha Baron Cohen|Paco León|Cedric the Entertainer|Andy Richter|Tom McGrath|Christopher Knights,Eric Darnell|Tom McGrath,Mark Burton|Eric Darnell|Tom McGrath|Billy Frolick
9693,Children of Men,Clive Owen|Michael Caine|Julianne Moore|Charlie Hunnam|Chiwetel Ejiofor|Clare-Hope Ashitey|Danny Huston|Peter Mullan|Juan Gabriel Yacuzzi|Mishal Husain,Alfonso Cuarón,Alfonso Cuarón|David Arata|Timothy J. Sexton|Mark Fergus|Hawk Ostby|P.D. James
36657,X-Men,Patrick Stewart|Hugh Jackman|Ian McKellen|Halle Berry|Famke Janssen|James Marsden|Anna Paquin|Rebecca Romijn|Ray Park|Tyler Mane,Bryan Singer,Bryan Singer|Tom DeSanto|David Hayter|Len Wein
8909,Wanted,Angelina Jolie|James McAvoy|Morgan Freeman|Thomas Kretschmann|Terence Stamp|Common|Marc Warren|Kristen Hager|David O'Hara|Konstantin Khabenskiy,Timur Bekmambetov,Michael Brandt|Derek Haas|Chris Morgan
9802,The Rock,Sean Connery|Nicolas Cage|Ed Harris|John Spencer|David Morse|William Forsythe|Michael Biehn|Vanessa Marcil|John C. McGinley|Bokeem Woodbine,Michael Bay,David Weisberg|Douglas Cook|Mark Rosner
950,Ice Age: The Meltdown,Ray Romano|John Leguizamo|Denis Leary|Queen Latifah|Seann William Scott|Josh Peck|Jay Leno|Will Arnett|Chris Wedge|Peter Ackerman,Carlos Saldanha,Jon Vitti|Bob Camp
1824,50 First Dates,Adam Sandler|Drew Barrymore|Rob Schneider|Sean Astin|Lusia Strus|Dan Aykroyd|Blake Clark|Amy Hill|Allen Covert|Maya Rudolph,Peter Segal,George Wing|Alex Hillkurtz
2976,Hairspray,John Travolta|Michelle Pfeiffer|Christopher Walken|James Marsden|Queen Latifah|Nikki Blonsky|Zac Efron|Amanda Bynes|Elijah Kelley|Brittany Snow,Adam Shankman,John Waters|Leslie Dixon
11026,Exorcist: The Beginning,Stellan Skarsgård|Izabella Scorupco|James D'Arcy|Julian Wadham|Remy Sweeney|Andrew French|Antonie Kamerling|Ben Cross|Alan Ford|Ralph Brown,Renny Harlin,William Wisher Jr.|Alexi Hawley|Caleb Carr
332,Inspector Gadget,Matthew Broderick|Rupert Everett|Joely Fisher|Michelle Trachtenberg|Andy Dick|Cheri Oteri|Mike Hagerty|Dabney Coleman|D. L. Hughley|Rene Auberjonois,David Kellogg,Zak Penn|Dana Olsen|Kerry Ehrin
75656,Now You See Me,Jesse Eisenberg|Mark Ruffalo|Woody Harrelson|Mélanie Laurent|Isla Fisher|Dave Franco|Michael Caine|Morgan Freeman|Michael Kelly|Common,Louis Leterrier,Ed Solomon|Boaz Yakin|Edward Ricourt
38365,Grown Ups,Adam Sandler|Salma Hayek|Maria Bello|Steve Buscemi|Maya Rudolph|Kevin James|Rob Schneider|Chris Rock|Jamie Chung|David Spade,Dennis Dugan,Adam Sandler|Fred Wolf
594,The Terminal,Tom Hanks|Catherine Zeta-Jones|Stanley Tucci|Chi McBride|Diego Luna|Barry Shabaka Henley|Kumar Pallana|Zoe Saldana|Eddie Jones|Jude Ciccolella,Steven Spielberg,Jeff Nathanson|Andrew Niccol|Sacha Gervasi
15189,Hotel for Dogs,Emma Roberts|Jake T. Austin|Don Cheadle|Johnny Simmons|Kyla Pratt|Robinne Lee|Troy Gentile|Lisa Kudrow|Kevin Dillon|Ajay Naidu,Thor Freudenthal,Lois Duncan|Jeff Lowell|Bob Schooley
11678,Vertical Limit,Chris O'Donnell|Robin Tunney|Bill Paxton|Scott Glenn|Izabella Scorupco|Nicholas Lea|Temuera Morrison|Alexander Siddig|Stuart Wilson|Augie Davis,Martin Campbell,Robert King
6538,Charlie Wilson's War,Tom Hanks|Philip Seymour Hoffman|Julia Roberts|Amy Adams|Om Puri|Shiri Appleby|John Slattery|Rachel Nichols|Erick Avari|Cyia Batten,Mike Nichols,Aaron Sorkin
10555,Shark Tale,Will Smith|Robert De Niro|Renée Zellweger|Jack Black|Angelina Jolie|Ziggy Marley|Martin Scorsese|David P. Smith|Doug E. Doug|Michael Imperioli,Vicky Jenson|Bibo Bergeron|Rob Letterman,Michael J. Wilson|Rob Letterman|Denise Koyama
1125,Dreamgirls,Jamie Foxx|Beyoncé Knowles|Eddie Murphy|Danny Glover|Jennifer Hudson|Anika Noni Rose|Keith Robinson|Sharon Leal|Hinton Battle|Mariah I. Wilson,Bill Condon,Bill Condon|Tom Eyen
4551,Be Cool,John Travolta|Uma Thurman|Vince Vaughn|Cedric the Entertainer|André Benjamin|Steven Tyler|Robert Pastorelli|Christina Milian|Paul Adelstein|Debi Mazar,F. Gary Gray,Elmore Leonard|Peter Steinfeld
612,Munich,Eric Bana|Daniel Craig|Ciarán Hinds|Mathieu Kassovitz|Hanns Zischler|Ayelet Zurer|Geoffrey Rush|Gila Almagor|Mathieu Amalric|Moritz Bleibtreu,Steven Spielberg,Eric Roth|Tony Kushner
9567,Tears of the Sun,Bruce Willis|Monica Bellucci|Cole Hauser|Eamonn Walker|Johnny Messner|Nick Chinlund|Charles Ingram|Paul Francis|Chad Smith|Tom Skerritt,Antoine Fuqua,Alex Lasker|Patrick Cirillo|Jim Magdaleno
37821,Killers,Katherine Heigl|Ashton Kutcher|Tom Selleck|Catherine O'Hara|Alex Borstein|Katheryn Winnick|Rob Riggle|Kevin Sussman|Martin Mull|Larry Joe Campbell,Robert Luketic,Ted Griffin|Bob DeRosa
203801,The Man from U.N.C.L.E.,Henry Cavill|Armie Hammer|Alicia Vikander|Elizabeth Debicki|Luca Calvani|Sylvester Groth|Hugh Grant|Jared Harris|Christian Berkel|Misha Kuznetsov,Guy Ritchie,Guy Ritchie|Lionel Wigram|Jeff Kleeman|David C. Wilson
2539,Spanglish,Adam Sandler|Téa Leoni|Paz Vega|Cloris Leachman|Shelbie Bruce|Sarah Steele|Ian Hyland|Cecilia Suárez|Sarah Hyland|Spencer Locke,James L. Brooks,James L. Brooks|Mark Moretti
9297,Monster House,Ryan Newman|Steve Buscemi|Mitchel Musso|Sam Lerner|Spencer Locke|Catherine O'Hara|Fred Willard|Woody Schultz|Ian McConnel|Maggie Gyllenhaal,Gil Kenan,Pamela Pettler|Dan Harmon|Rob Schrab
3172,Bandits,Bruce Willis|Billy Bob Thornton|Cate Blanchett|Troy Garity|William Converse-Roberts|Brían F. O'Byrne|Stacey Travis|Azura Skye|Peggy Miley|January Jones,Barry Levinson,Harley Peyton|Raymond Consing
6520,First Knight,Sean Connery|Richard Gere|Julia Ormond|Ben Cross|Liam Cunningham|Christopher Villiers|Valentine Pelka|Colin McCormack|Ralph Ineson|John Gielgud,Jerry Zucker,William Nicholson|Lorne Cameron|David Hoselton
1439,Anna and the King,Jodie Foster|Chow Yun-fat|Bai Ling|Tom Felton|Randall Duk Kim|Kay Siu Lim|Melissa Campbell|Keith Chin|Mano Maniam|Shanthini Venugopal,Andy Tennant,Steve Meerson|Peter Krikes|Anna Leonowens
37958,Immortals,Mickey Rourke|Kellan Lutz|Isabel Lucas|Henry Cavill|Luke Evans|John Hurt|Freida Pinto|Stephen Dorff|Robert Maillet|Alan van Sprang,Tarsem Singh,Charley Parlapanides|Vlas Parlapanides
2026,Hostage,Bruce Willis|Kevin Pollak|Jimmy Bennett|Michelle Horn|Ben Foster|Jonathan Tucker|Marshall Allman|Serena Scott Thomas|Rumer Willis|Marjean Holden,Florent-Emilio Siri,Doug Richardson|Robert Crais
7450,Titan A.E.,Matt Damon|Bill Pullman|Drew Barrymore|John Leguizamo|Nathan Lane|Janeane Garofalo|Ron Perlman|Alex D. Linz,Gary Goldman|Don Bluth,John August|Joss Whedon|Hans Bauer|Randall McCormick|Ben Edlund
11375,Hollywood Homicide,Harrison Ford|Josh Hartnett|Lena Olin|Bruce Greenwood|Isaiah Washington|Lolita Davidovich|Keith David|Master P|Dwight Yoakam|Martin Landau,Ron Shelton,Ron Shelton|Robert Souza
9425,Soldier,Kurt Russell|Jason Scott Lee|Jason Isaacs|Connie Nielsen|Sean Pertwee|Gary Busey|James Black|Mark De Alessandro|Vladimir Orlov|Michael Chiklis,Paul W.S. Anderson,David Webb Peoples
25769,Carriers,Lou Taylor Pucci|Chris Pine|Piper Perabo|Emily VanCamp|Christopher Meloni|Kiernan Shipka|Ron McClary|Mark Moses|Josh Berry|Tim Janis,Àlex Pastor|David Pastor,Àlex Pastor|David Pastor
23685,Monkeybone,Brendan Fraser|Bridget Fonda|John Turturro|Chris Kattan|Giancarlo Esposito|Rose McGowan|Dave Foley|Megan Mullally|Bob Odenkirk|Whoopi Goldberg,Henry Selick,Sam Hamm|Mike Cachuela
11866,Flight of the Phoenix,Dennis Quaid|Tyrese Gibson|Giovanni Ribisi|Miranda Otto|Hugh Laurie|Jared Padalecki|Tony Curran|Kirk Jones|Jacob Vargas|Scott Michael Campbell,John Moore,Scott Frank|Edward Burns|Romek Delmata
9741,Unbreakable,Bruce Willis|Samuel L. Jackson|Robin Wright|Spencer Treat Clark|John Patrick Amedori|Chance Kelly|Elizabeth Lawrence|M. Night Shyamalan|Charlayne Woodard|Eamonn Walker,M. Night Shyamalan,M. Night Shyamalan
211672,Minions,Sandra Bullock|Jon Hamm|Michael Keaton|Allison Janney|Steve Coogan|Jennifer Saunders|Geoffrey Rush|Steve Carell|Pierre Coffin|Katy Mixon,Kyle Balda|Pierre Coffin,Ken Daurio|Cinco Paul|Brian Lynch
23629,Sucker Punch,Emily Browning|Abbie Cornish|Jena Malone|Vanessa Hudgens|Jamie Chung|Carla Gugino|Oscar Isaac|Richard Cetrone|Jon Hamm|Scott Glenn,Zack Snyder,Zack Snyder|Steve Shibuya
8688,Snake Eyes,Nicolas Cage|Gary Sinise|John Heard|Carla Gugino|Tamara Tunie|Stan Shaw|Kevin Dunn|Michael Rispoli|Joel Fabiani|Luis Guzmán,Brian De Palma,David Koepp|Brian De Palma
10153,Sphere,Dustin Hoffman|Sharon Stone|Samuel L. Jackson|Peter Coyote|Liev Schreiber|Queen Latifah|Marga Gómez|Huey Lewis|Bernard Hocke|James Pickens Jr.,Barry Levinson,Paul Attanasio|Michael Crichton|Stephen Hauser
153518,The Angry Birds Movie,Jason Sudeikis|Josh Gad|Danny McBride|Maya Rudolph|Bill Hader|Peter Dinklage|Sean Penn|Keegan-Michael Key|Kate McKinnon|Tony Hale,Fergal Reilly|Clay Kaytis,Jon Vitti
8676,Fool's Gold,Matthew McConaughey|Kate Hudson|Donald Sutherland|Ewen Bremner|Alexis Dziena|Kevin Hart|Ray Winstone|Brian Hooks|Malcolm-Jamal Warner|Adam LeFevre,Andy Tennant,Andy Tennant|John Claflin|Daniel Zelman
20829,Funny People,Adam Sandler|Seth Rogen|Leslie Mann|Eric Bana|Jonah Hill|Jason Schwartzman|RZA|Aziz Ansari|Aubrey Plaza|Maude Apatow,Judd Apatow,Judd Apatow
4349,The Kingdom,Jamie Foxx|Jennifer Garner|Chris Cooper|Jason Bateman|Ali Suliman|Jeremy Piven|Ashraf Barhom|Richard Jenkins|Tim McGraw|Kyle Chandler,Peter Berg,Matthew Michael Carnahan
9718,Talladega Nights: The Ballad of Ricky Bobby,Will Ferrell|John C. Reilly|Sacha Baron Cohen|Gary Cole|Michael Clarke Duncan|Leslie Bibb|Amy Adams|Jane Lynch|Andy Richter|Molly Shannon,Adam McKay,Will Ferrell|Adam McKay
10808,Dr. Dolittle 2,Eddie Murphy|Kristen Wilson|Raven-Symoné|Kyla Pratt|Mandy Moore|John DiMaggio|Andy Richter|Denise Dowse|James Avery|Arnold Schwarzenegger,Steve Carr,Larry Levin
197,Braveheart,Mel Gibson|Catherine McCormack|Sophie Marceau|Patrick McGoohan|Angus Macfadyen|Brendan Gleeson|James Robinson|James Cosmo|Sean McGinley|Gerda Stevenson,Mel Gibson,Randall Wallace
25,Jarhead,Jamie Foxx|Jake Gyllenhaal|Scott MacDonald|Lucas Black|Peter Sarsgaard|Laz Alonso|Chris Cooper|Brian Geraghty|Damion Poitier|John Krasinski,Sam Mendes,William Broyles Jr.|Anthony Swofford
35,The Simpsons Movie,Dan Castellaneta|Julie Kavner|Nancy Cartwright|Yeardley Smith|Hank Azaria|Harry Shearer|Kelsey Grammer|Maile Flanagan|Pamela Hayden|Marcia Wallace,David Silverman,Matt Groening|James L. Brooks|Sam Simon|Jon Vitti|David Mirkin|Mike Reiss|Al Jean|George Meyer|Mike Scully|Ian Maxtone-Graham|Matt Selman|John Swartzwelder
11086,The Majestic,Jim Carrey|Martin Landau|Laurie Holden|David Ogden Stiers|Hal Holbrook|Bob Balaban|Ron Rifkin|Jeffrey DeMunn|Brent Briscoe|Gerry Black,Frank Darabont,Michael Sloane
10477,Driven,Kip Pardue|Robert Sean Leonard|Til Schweiger|Estella Warren|Sylvester Stallone|Burt Reynolds|Stacy Edwards|Gina Gershon|Cristián de la Fuente|Brent Briscoe,Renny Harlin,Sylvester Stallone|Jan Skrentny
1997,Two Brothers,Maï Anh Le|Guy Pearce|Oanh Nguyen|Jaran 'See Tao' Petcharoen|Stéphanie Lagarde|Jean-Claude Dreyfus|Philippine Leroy-Beaulieu|Vincent Scarito|Moussa Maaskri|Freddie Highmore,Jean-Jacques Annaud,Jean-Jacques Annaud|Alain Godard
6947,The Village,Bryce Dallas Howard|Joaquin Phoenix|Adrien Brody|William Hurt|Sigourney Weaver|Brendan Gleeson|Cherry Jones|Celia Weston|John Christopher Jones|Frank Collison,M. Night Shyamalan,M. Night Shyamalan|Brick Mason
3050,Doctor Dolittle,Eddie Murphy|Ossie Davis|Oliver Platt|Peter Boyle|Richard Schiff|Kristen Wilson|Kyla Pratt|Jeffrey Tambor|Steven Gilborn|Raven-Symoné,Betty Thomas,Nat Mauldin|Larry Levin
2675,Signs,Mel Gibson|Joaquin Phoenix|Rory Culkin|Abigail Breslin|Cherry Jones|M. Night Shyamalan|Patricia Kalember|Ted Sutton|Merritt Wever|Marion McCorry,M. Night Shyamalan,M. Night Shyamalan|Brick Mason
809,Shrek 2,Mike Myers|Eddie Murphy|Cameron Diaz|Julie Andrews|Antonio Banderas|John Cleese|Rupert Everett|Jennifer Saunders|Cody Cameron|Conrad Vernon,Andrew Adamson|Kelly Asbury|Conrad Vernon,Andrew Adamson|William Steig|Joe Stillman|J. David Stem|David N. Weiss|Charles Perrault|Steven E. Gordon|Jeff Snow
920,Cars,Owen Wilson|Paul Newman|Bonnie Hunt|Larry the Cable Guy|Tony Shalhoub|Cheech Marin|Michael Wallis|George Carlin|Paul Dooley|Jenifer Lewis,John Lasseter|Joe Ranft,John Lasseter|Joe Ranft|Dan Fogelman|Jorgen Klubien|Kiel Murray|Phil Lorin
4806,Runaway Bride,Julia Roberts|Richard Gere|Joan Cusack|Rita Wilson|Héctor Elizondo|Christopher Meloni|Paul Dooley|Donal Logue|Sela Ward|Sandra Taylor,Garry Marshall,Sara Parriott|Josann McGibbon
7451,xXx,Vin Diesel|Asia Argento|Samuel L. Jackson|Danny Trejo|Leila Arcieri|Marton Csokas|Michael Roof|Richy Müller|Werner Daehn|Jan Pavel Filipensky,Rob Cohen,Rich Wilkes|Temple Clark
228165,The SpongeBob Movie: Sponge Out of Water,Tom Kenny|Bill Fagerbakke|Rodger Bumpass|Clancy Brown|Carolyn Lawrence|Antonio Banderas|Eric Bauza|Tim Conway|Eddie Deezen|Rob Paulsen,Paul Tibbitt,Glenn Berger|Jonathan Aibel|Stephen Hillenburg|Jay Oliva|Paul Tibbitt|David P. Smith|Chris Reccardi|Erik Wiese|Tom King|Emma Coats|Luke Brookshier|Mike Cachuela|Joel Crawford|Nick Cross|Matt Flynn|Dalton Grant|Elizabeth Ito|Howard Perry
3595,Ransom,Mel Gibson|Gary Sinise|Delroy Lindo|Rene Russo|Lili Taylor|Brawley Nolte|Liev Schreiber|Donnie Wahlberg|Evan Handler|Nancy Ticotin,Ron Howard,Richard Price|Alexander Ignon
16869,Inglourious Basterds,Brad Pitt|Mélanie Laurent|Christoph Waltz|Eli Roth|Michael Fassbender|Diane Kruger|Daniel Brühl|Til Schweiger|Gedeon Burkhard|Jacky Ido,Quentin Tarantino,Quentin Tarantino
879,Hook,Robin Williams|Dustin Hoffman|Julia Roberts|Bob Hoskins|Maggie Smith|Caroline Goodall|Charlie Korsmo|Amber Scott|Arthur Malet|Isaiah Robinson,Steven Spielberg,James V. Hart|J.M. Barrie|Nick Castle|Malia Scotch Marmo
1573,Die Hard 2,Bruce Willis|Bonnie Bedelia|William Atherton|Reginald VelJohnson|Franco Nero|William Sadler|John Amos|Dennis Franz|Art Evans|Fred Dalton Thompson,Renny Harlin,Steven E. de Souza|Doug Richardson|Walter Wager
9257,S.W.A.T.,Samuel L. Jackson|Colin Farrell|Michelle Rodriguez|LL Cool J|Josh Charles|Jeremy Renner|Brian Van Holt|Olivier Martinez|Reg E. Cathey|Domenick Lombardozzi,Clark Johnson,David McKenna|David Ayer|Robert Hamner|Ron Mita|Jim McClain|David E. Duncan
1903,Vanilla Sky,Tom Cruise|Penélope Cruz|Cameron Diaz|Kurt Russell|Jason Lee|Noah Taylor|Timothy Spall|Tilda Swinton|Armand Schultz|Alicia Witt,Cameron Crowe,Cameron Crowe
9697,Lady in the Water,Paul Giamatti|Jeffrey Wright|Bob Balaban|Sarita Choudhury|Cindy Cheung|M. Night Shyamalan|Freddy Rodríguez|Bill Irwin|Mary Beth Hurt|Noah Gray-Cabey,M. Night Shyamalan,M. Night Shyamalan
395,AVP: Alien vs. Predator,Sanaa Lathan|Raoul Bova|Ewen Bremner|Colin Salmon|Tommy Flanagan|Joseph Rye|Agathe de La Boulaye|Carsten Norgaard|Sam Troughton|Lance Henriksen,Paul W.S. Anderson,Paul W.S. Anderson|Jim Thomas|John Thomas|Dan O'Bannon|Ronald Shusett
23398,Alvin and the Chipmunks: The Squeakquel,Zachary Levi|David Cross|Jason Lee|Justin Long|Matthew Gray Gubler|Jesse McCartney|Amy Poehler|Anna Faris|Christina Applegate|Wendie Malick,Betty Thomas,Jon Vitti|Ross Bagdasarian|Glenn Berger|Jonathan Aibel
10590,We Were Soldiers,Mel Gibson|Greg Kinnear|Madeleine Stowe|Sam Elliott|Chris Klein|Keri Russell|Barry Pepper|Clark Gregg|Marc Blucas|Jsu Garcia,Randall Wallace,Randall Wallace|Harold G. Moore|Joseph L. Galloway|John Mann
117263,Olympus Has Fallen,Gerard Butler|Aaron Eckhart|Angela Bassett|Morgan Freeman|Radha Mitchell|Rick Yune|Dylan McDermott|Finley Jacobsen|Tory Kittles|Shanna Forrestall,Antoine Fuqua,Katrin Benedikt|Creighton Rothenberger
200,Star Trek: Insurrection,Patrick Stewart|Jonathan Frakes|Brent Spiner|LeVar Burton|Michael Dorn|Gates McFadden|Marina Sirtis|Gregg Henry|F. Murray Abraham|Anthony Zerbe,Jonathan Frakes,Michael Piller
44943,Battle: Los Angeles,Aaron Eckhart|Ramón Rodríguez|Will Rothhaar|Cory Hardrict|Jim Parrack|Gino Anthony Pesi|Ne-Yo|James Hiroyuki Liao|Bridget Moynahan|Noel Fisher,Jonathan Liebesman,Christopher Bertolini
587,Big Fish,Ewan McGregor|Albert Finney|Billy Crudup|Jessica Lange|Helena Bonham Carter|Alison Lohman|Marion Cotillard|Robert Guillaume|Matthew McGrory|David Denman,Tim Burton,John August|Daniel Wallace|Chris Baker
10395,Wolf,Jack Nicholson|Christopher Plummer|James Spader|Michelle Pfeiffer|Kate Nelligan|Richard Jenkins|Eileen Atkins|David Hyde Pierce|Om Puri|Ron Rifkin,Mike Nichols,Wesley Strick|Jim Harrison
57212,War Horse,Tom Hiddleston|Benedict Cumberbatch|Toby Kebbell|Emily Watson|Jeremy Irvine|David Thewlis|Peter Mullan|David Kross|Nicolas Bro|Eddie Marsan,Steven Spielberg,Lee Hall|Richard Curtis
152760,The Monuments Men,Matt Damon|Cate Blanchett|George Clooney|Bill Murray|John Goodman|Hugh Bonneville|Jean Dujardin|Bob Balaban|Holger Handtke|Dimitri Leonidas,George Clooney,George Clooney|Grant Heslov|Robert M. Edsel|Bret Witter
2756,The Abyss,Ed Harris|Mary Elizabeth Mastrantonio|Michael Biehn|Leo Burmester|Todd Graff|John Bedford Lloyd|Kimberly Scott|Chris Elliott|J.C. Quinn|Captain Kidd Brewer Jr.,James Cameron,James Cameron|Phillip Norwood
33909,Wall Street: Money Never Sleeps,Michael Douglas|Shia LaBeouf|Josh Brolin|Carey Mulligan|Frank Langella|Susan Sarandon|Eli Wallach|Vanessa Ferlito|Jason Clarke|Alexander Wraith,Oliver Stone,Allan Loeb|Stephen Schiff
49017,Dracula Untold,Luke Evans|Sarah Gadon|Dominic Cooper|Art Parkinson|Charles Dance|Diarmaid Murtagh|William Houston|Noah Huntley|Ronan Vibert|Zach McGowan,Gary Shore,Bram Stoker|Matt Sazama|Burk Sharpless
9882,The Siege,Denzel Washington|Annette Bening|Bruce Willis|Tony Shalhoub|Sami Bouajila|Mark Valley|Jack Gwaltney|David Proval|Lance Reddick|Aasif Mandvi,Edward Zwick,Menno Meyjes|Edward Zwick|Lawrence Wright
2270,Stardust,Claire Danes|Charlie Cox|Michelle Pfeiffer|Robert De Niro|Sienna Miller|Ricky Gervais|Jason Flemyng|Mark Strong|Rupert Everett|Peter O'Toole,Matthew Vaughn,Matthew Vaughn|Neil Gaiman|Jane Goldman
978,Seven Years in Tibet,Brad Pitt|Jamyang Jamtsho Wangchuk|David Thewlis|BD Wong|Mako|Ingeborga Dapkunaite|Lhakpa Tsamchoe|Duncan Fraser|Danny Denzongpa|Victor Wong,Jean-Jacques Annaud,Heinrich Harrer|Becky Johnston
44564,The Dilemma,Kevin James|Vince Vaughn|Winona Ryder|Jennifer Connelly|Queen Latifah|Talulah Riley|Channing Tatum|Chelcie Ross|Heidi Johanningmeier|Rebecca Spence,Ron Howard,Allan Loeb
3132,Bad Company,Anthony Hopkins|Chris Rock|Peter Stormare|Gabriel Macht|Kerry Washington|Adoni Maropis|Garcelle Beauvais|Matthew Marsh|Dragan Mićanović|John Slattery,Joel Schumacher,Michael Browning|David Himmelstein|Jason Richman|Gary M. Goodman
8814,Doom,Dwayne Johnson|Karl Urban|Rosamund Pike|Ben Daniels|Deobia Oparei|Razaaq Adoti|Richard Brake|Al Weaver|Dexter Fletcher|Brian Steele,Andrzej Bartkowiak,Wesley Strick|Dave Callaham
8427,I Spy,Eddie Murphy|Owen Wilson|Famke Janssen|Keith Dallas|Malcolm McDowell|Crystal Lowe|Gary Cole|Bill Mondy|Lynda Boyd,Betty Thomas,Cormac Wibberley|Marianne Wibberley|David Ronn
52520,Underworld: Awakening,Kate Beckinsale|Stephen Rea|Michael Ealy|Theo James|India Eisley|Charles Dance|Sandrine Holt|Sanny van Heteren|Jacob Blair|Robert Lawrenson,Måns Mårlind|Björn Stein,Len Wiseman|Kevin Grevioux|J. Michael Straczynski|Allison Burnett|John Hlavin|Danny McBride
80585,Rock of Ages,Julianne Hough|Diego Boneta|Tom Cruise|Alec Baldwin|Russell Brand|Malin Åkerman|Paul Giamatti|Bryan Cranston|Catherine Zeta-Jones|Erica Frene,Adam Shankman,Justin Theroux|Allan Loeb|Chris D'Arienzo
10592,Hart's War,Bruce Willis|Colin Farrell|Terrence Howard|Marcel Iureș|Cole Hauser|Linus Roache|Vicellous Reon Shannon|Rory Cochrane|Joe Spano|Michael Weston,Gregory Hoblit,Terry George|Billy Ray|John Katzenbach
49021,Killer Elite,Jason Statham|Clive Owen|Robert De Niro|Dominic Purcell|Yvonne Strahovski|Aden Young|Ben Mendelsohn|Adewale Akinnuoye-Agbaje|David Whiteley|Matthew Nable,Gary McKendry,Gary McKendry|Ranulph Fiennes|Matt Sherring
11535,Rollerball,Chris Klein|LL Cool J|Rebecca Romijn|Naveen Andrews|Jean Reno|Oleg Taktarov|David Hemblen|Eugene Lipinski|Frank Ferrara|Janet Wright,John McTiernan,Larry Ferguson|John Pogue
10550,Ballistic: Ecks vs. Sever,Antonio Banderas|Lucy Liu|Gregg Henry|Ray Park|Talisa Soto,Wych Kaosayananda,Alan B. McElroy
11258,Hard Rain,Morgan Freeman|Christian Slater|Randy Quaid|Minnie Driver|Ed Asner|Dann Florek|Peter Murnik|Michael A. Goorjian|Ricky Harris|Mark Rolston,Mikael Salomon,Graham Yost|Matt Busch
12610,Osmosis Jones,Chris Rock|Laurence Fishburne|David Hyde Pierce|Brandy Norwood|Bill Murray|Molly Shannon|William Shatner|Ron Howard,Bobby Farrelly|Peter Farrelly,Marc Hyman|Mark Andrews|Bob Camp|Steve Fonti|Barry Caldwell|Daan Jippes
59981,Legends of Oz: Dorothy's Return,Lea Michele|Dan Aykroyd|Patrick Stewart|Hugh Dancy|Jim Belushi|Oliver Platt|Kelsey Grammer|Tom Kenny|Brian Blessed|Megan Hilty,Dan St. Pierre,Adam Balsam|Randi Barnes|Angelo Libutti
201088,Blackhat,Chris Hemsworth|Leehom Wang|Tang Wei|Viola Davis|Holt McCallany|Andy On|Ritchie Coster|Christian Borle|John Ortiz|Yorick van Wageningen,Michael Mann,Morgan Davis Foehl
5137,Sky Captain and the World of Tomorrow,Jude Law|Gwyneth Paltrow|Giovanni Ribisi|Angelina Jolie|Bai Ling|Michael Gambon|Omid Djalili|Laurence Olivier|Trevor Baxter|Peter Law,Kerry Conran,Kerry Conran|Jesse D'Angelo
3093,Basic Instinct 2,Sharon Stone|David Morrissey|Charlotte Rampling|David Thewlis|Stan Collymore|Indira Varma|Heathcote Williams|Hugh Dancy|Terence Harvey|Jan Chappell,Michael Caton-Jones,Joe Eszterhas|Leora Barish|Henry Bean
107846,Escape Plan,Sylvester Stallone|Arnold Schwarzenegger|Jim Caviezel|Vinnie Jones|50 Cent|Vincent D'Onofrio|Matt Gerald|Sam Neill|Christian Stokes|Lydia Hull,Mikael Håfström,Jason Keller|Miles Chapman
188207,The Legend of Hercules,Kellan Lutz|Liam McIntyre|Gaia Weiss|Scott Adkins|Roxanne McKee|Liam Garrigan|Jukka Hilden|Rade Serbedzija|Johnathon Schaech|Luke Newberry,Renny Harlin,Sean Hood|Renny Harlin|Daniel Giat|Giulio Steve
4614,The Sum of All Fears,Ben Affleck|Morgan Freeman|James Cromwell|Ken Jenkins|Liev Schreiber|Bruce McGill|John Beasley|Philip Baker Hall|Bridget Moynahan|Ciarán Hinds,Phil Alden Robinson,Paul Attanasio|Daniel Pyne|Tom Clancy|Marc Baird
24021,The Twilight Saga: Eclipse,Kristen Stewart|Robert Pattinson|Taylor Lautner|Ashley Greene|Peter Facinelli|Billy Burke|Elizabeth Reaser|Nikki Reed|Kellan Lutz|Jackson Rathbone,David Slade,Melissa Rosenberg|Stephenie Meyer
11371,The Score,Robert De Niro|Edward Norton|Marlon Brando|Angela Bassett|Paul Soles|Jamie Harrold|Serge Houde|Mark Camacho|Gary Farmer|Martin Drainville,Frank Oz,Kario Salem|Lem Dobbs|Scott Marshall Smith
20352,Despicable Me,Steve Carell|Jason Segel|Russell Brand|Julie Andrews|Will Arnett|Kristen Wiig|Miranda Cosgrove|Dana Gaier|Elsie Fisher|Pierre Coffin,Pierre Coffin|Chris Renaud,Ken Daurio|Cinco Paul|Sergio Pablos|Callan Brunker|Stephan Franck
11517,Money Train,Wesley Snipes|Woody Harrelson|Jennifer Lopez|Robert Blake|Chris Cooper|Joe Grifasi|Scott Sowers|Skipp Sudduth|Aida Turturro|Vincent Pastore,Joseph Ruben,Doug Richardson
214756,Ted 2,Mark Wahlberg|Seth MacFarlane|Amanda Seyfried|Jessica Barth|Giovanni Ribisi|Morgan Freeman|Sam J. Jones|Patrick Warburton|Michael Dorn|Bill Smitrovich,Seth MacFarlane,Seth MacFarlane|Alec Sulkin|Wellesley Wild|Todd Harris
26428,Agora,Rachel Weisz|Max Minghella|Oscar Isaac|Ashraf Barhom|Michael Lonsdale|Rupert Evans|Homayoun Ershadi|Sami Samir|Richard Durden|Omar Mostafa,Alejandro Amenábar,Alejandro Amenábar|Mateo Gil
9824,Mystery Men,Ben Stiller|Geoffrey Rush|Claire Forlani|William H. Macy|Hank Azaria|Janeane Garofalo|Kel Mitchell|Paul Reubens|Jenifer Lewis|Stacey Travis,Kinka Usher,Bob Burden|Neil Cuthbert
48988,Hall Pass,Owen Wilson|Jason Sudeikis|Jenna Fischer|Christina Applegate|Nicky Whelan|Stephen Merchant|Bruce Thomas|Alexandra Daddario|Lauren Bowles|Richard Jenkins,Bobby Farrelly|Peter Farrelly,Bobby Farrelly|Peter Farrelly|Kevin Barnett|Pete Jones
9008,The Insider,Al Pacino|Russell Crowe|Christopher Plummer|Diane Venora|Bruce McGill|Lindsay Crouse|Philip Baker Hall|Debi Mazar|Renee Olstead|Hallie Kate Eisenberg,Michael Mann,Eric Roth|Michael Mann
300673,The Finest Hours,Chris Pine|Casey Affleck|Ben Foster|Eric Bana|Holliday Grainger|John Ortiz|Kyle Gallner|John Magaro|Graham McTavish|Michael Raymond-James,Craig Gillespie,Scott Silver|Paul Tamasy|Eric Johnson|Casey Sherman|Michael J. Tougias
12113,Body of Lies,Leonardo DiCaprio|Russell Crowe|Mark Strong|Ali Suliman|Simon McBurney|Michael Gaston|Mehdi Nebbou|Golshifteh Farahani|Oscar Isaac|Alon Aboutboul,Ridley Scott,William Monahan|David Ignatius
38778,Dinner for Schmucks,Steve Carell|Paul Rudd|Stephanie Szostak|Jemaine Clement|Zach Galifianakis|Lucy Punch|Bruce Greenwood|David Walliams|Ron Livingston|Kristen Schaal,Jay Roach,Francis Veber|David Guion|Michael Handelman
72331,Abraham Lincoln: Vampire Hunter,Benjamin Walker|Dominic Cooper|Anthony Mackie|Mary Elizabeth Winstead|Rufus Sewell|John Rothman|Marton Csokas|Alex Lombard|Jimmi Simpson|Teri Wyble,Timur Bekmambetov,Simon Kinberg|Seth Grahame-Smith
1844,Entrapment,Sean Connery|Catherine Zeta-Jones|Will Patton|Maury Chaykin|Ving Rhames|Kevin McNally|Terry O'Neill|Madhav Sharma|David Yip|Tim Potter,Jon Amiel,William Broyles Jr.|Ronald Bass|Michael Hertzberg|Martin Asbury|Temple Clark
846,The X Files,David Duchovny|Gillian Anderson|Mitch Pileggi|William B. Davis|John Neville|Martin Landau|Jeffrey DeMunn|Dean Haglund|Bruce Harwood|Tom Braidwood,Rob Bowman,Chris Carter|Frank Spotnitz
9703,The Last Legion,Colin Firth|Ben Kingsley|Aishwarya Rai Bachchan|Peter Mullan|Kevin McKidd|John Hannah|Iain Glen|Thomas Brodie-Sangster|Rupert Friend|Nonso Anozie,Doug Lefler,Jez Butterworth|Tom Butterworth
857,Saving Private Ryan,Tom Hanks|Matt Damon|Vin Diesel|Tom Sizemore|Barry Pepper|Jeremy Davies|Dennis Farina|Max Martini|Joerg Stadler|Harve Presnell,Steven Spielberg,Robert Rodat|John Greaves
136797,Need for Speed,Aaron Paul|Dominic Cooper|Imogen Poots|Rami Malek|Ramón Rodríguez|Harrison Gilbertson|Dakota Johnson|Michael Keaton|Scott Mescudi|Sir Maejor,Scott Waugh,John Gatins|George Gatins
3981,What Women Want,Helen Hunt|Mel Gibson|Marisa Tomei|Lauren Holly|Mark Feuerstein|Alan Alda|Ashley Johnson|Delta Burke|Diana Maria Riva|Eric Balfour,Nancy Meyers,Bruce A. Block|Josh Goldsmith|Cathy Yuspa|Diane Drake
425,Ice Age,Ray Romano|John Leguizamo|Denis Leary|Goran Visnjic|Jack Black|Cedric the Entertainer|Stephen Root|Diedrich Bader|Alan Tudyk|Lorri Bagley,Chris Wedge,Michael J. Wilson|Michael Berg|Peter Ackerman|Enrico Casarosa
6171,Dreamcatcher,Morgan Freeman|Thomas Jane|Jason Lee|Damian Lewis|Timothy Olyphant|Tom Sizemore|Donnie Wahlberg|Mikey Holekamp|Reece Thompson|Giacomo Baessato,Lawrence Kasdan,William Goldman|Stephen King|Lawrence Kasdan
72976,Lincoln,Daniel Day-Lewis|Sally Field|David Strathairn|Joseph Gordon-Levitt|James Spader|Hal Holbrook|Tommy Lee Jones|Lee Pace|Jackie Earle Haley|Jared Harris,Steven Spielberg,Tony Kushner|Doris Kearns Goodwin
603,The Matrix,Keanu Reeves|Laurence Fishburne|Carrie-Anne Moss|Hugo Weaving|Gloria Foster|Joe Pantoliano|Marcus Chong|Paul Goddard|Robert Taylor|Julian Arahanga,Lilly Wachowski|Lana Wachowski,Lilly Wachowski|Lana Wachowski
568,Apollo 13,Tom Hanks|Bill Paxton|Kevin Bacon|Gary Sinise|Ed Harris|Kathleen Quinlan|Mary Kate Schellhardt|Emily Ann Lloyd|Miko Hughes|Max Elliott Slade,Ron Howard,William Broyles Jr.|Al Reinert|Jeffrey Kluger|Jim Lovell|Ricardo F. Delgado
9021,The Santa Clause 2,Tim Allen|Elizabeth Mitchell|David Krumholtz|Eric Lloyd|Spencer Breslin|Judge Reinhold|Wendy Crewson|Kevin Pollak|Aisha Tyler|Molly Shannon,Michael Lembeck,Leonardo Benvenuti|Steve Rudnick
82695,Les Misérables,Hugh Jackman|Russell Crowe|Anne Hathaway|Amanda Seyfried|Sacha Baron Cohen|Helena Bonham Carter|Eddie Redmayne|Aaron Tveit|Samantha Barks|Daniel Huttlestone,Tom Hooper,William Nicholson|Victor Hugo|Alain Boublil|Claude-Michel Schönberg
9489,You've Got Mail,Tom Hanks|Meg Ryan|Katie Sagona|Greg Kinnear|Parker Posey|Jean Stapleton|Steve Zahn|Heather Burns|Dabney Coleman|Hallee Hirsh,Nora Ephron,Nora Ephron|Delia Ephron|Miklós László
12133,Step Brothers,Will Ferrell|John C. Reilly|Mary Steenburgen|Richard Jenkins|Adam Scott|Kathryn Hahn|Andrea Savage|Rob Riggle|Seth Rogen|Logan Manus,Adam McKay,John C. Reilly|Will Ferrell|Adam McKay
9342,The Mask of Zorro,Antonio Banderas|Anthony Hopkins|Catherine Zeta-Jones|Stuart Wilson|Diego Sieres|José María de Tavira|Emiliano Guerra|Yolanda Orisaga|Paco Morayta|William Marquez,Martin Campbell,Ted Elliott|Terry Rossio|Johnston McCulley|Randall Jahnson|John Eskow
41733,Due Date,Robert Downey Jr.|Zach Galifianakis|Michelle Monaghan|Jamie Foxx|Juliette Lewis|Danny McBride|RZA|Matt Walsh|Brody Stevens|Jakob Ulrich,Todd Phillips,Todd Phillips|Adam Sztykiel|Alan R. Cohen|Alan Freedland
227306,Unbroken,Jack O'Connell|Domhnall Gleeson|Garrett Hedlund|Miyavi|Finn Wittrock|Jai Courtney|Maddalena Ischiale|Vincenzo Amato|John Magaro|Luke Treadaway,Angelina Jolie,William Nicholson|Joel Coen|Ethan Coen|Richard LaGravenese|Laura Hillenbrand
5551,Space Cowboys,Clint Eastwood|Tommy Lee Jones|Donald Sutherland|James Garner|James Cromwell|Marcia Gay Harden|William Devane|Loren Dean|Courtney B. Vance|Barbara Babcock,Clint Eastwood,Ken Kaufman|Howard Klausner
9350,Cliffhanger,Sylvester Stallone|John Lithgow|Michael Rooker|Janine Turner|Rex Linn|Caroline Goodall|Leon Robinson|Craig Fairbrass|Gregory Scott Cummins|Denis Forest,Renny Harlin,Michael France|Sylvester Stallone|John Long
9208,Broken Arrow,John Travolta|Christian Slater|Samantha Mathis|Delroy Lindo|Bob Gunton|Frank Whaley|Howie Long|Vondie Curtis-Hall|Jack Thompson|Vyto Ruginis,John Woo,Graham Yost
4244,The Kid,Bruce Willis|Spencer Breslin|Emily Mortimer|Lily Tomlin|Chi McBride|Jean Smart|Dana Ivey|Daniel von Bargen|Stanley Anderson|Susan Dalian,Jon Turteltaub,Audrey Wells
1852,World Trade Center,Nicolas Cage|Maria Bello|Maggie Gyllenhaal|Michael Peña|Jay Hernandez|Danny Nucci|Michael Shannon|Dorothy Lyman|Peter McRobbie|Wass Stevens,Oliver Stone,Andrea Berloff
11820,Mona Lisa Smile,Julia Roberts|Kirsten Dunst|Julia Stiles|Maggie Gyllenhaal|Ginnifer Goodwin|Topher Grace|Dominic West|Taylor Roberts|Juliet Stevenson|Marcia Gay Harden,Mike Newell,Lawrence Konner|Mark Rosenthal
76493,The Dictator,Sacha Baron Cohen|Sayed Badreya|Aasif Mandvi|Megan Fox|Anna Faris|John C. Reilly|Michelle Bergh|Adeel Akhtar|Ben Kingsley|Olivia Taylor Dudley,Larry Charles,Sacha Baron Cohen|Alec Berg
345,Eyes Wide Shut,Tom Cruise|Nicole Kidman|Madison Eginton|Jackie Sawiris|Sydney Pollack|Leslie Lowe|Peter Benson|Todd Field|Michael Doven|Sky du Mont,Stanley Kubrick,Stanley Kubrick|Arthur Schnitzler|Frederic Raphael
196867,Annie,Quvenzhané Wallis|Jamie Foxx|Rose Byrne|Cameron Diaz|Bobby Cannavale|Adewale Akinnuoye-Agbaje|David Zayas|Amanda Troya|Zoe Margaret Colletti|Nicolette Pierini,Will Gluck,Aline Brosh McKenna|Thomas Meehan|Will Gluck|Stanley D. Williams
256591,Focus,Will Smith|Margot Robbie|Rodrigo Santoro|Robert Taylor|Gerald McRaney|Adrian Martinez|BD Wong|Brennan Brown|Dotan Bonen|Griff Furst,Glenn Ficarra|John Requa,Glenn Ficarra|John Requa
59962,This Means War,Reese Witherspoon|Chris Pine|Tom Hardy|Laura Vandervoort|Angela Bassett|Kasey Ryne Mazak|Warren Christie|Natassia Malthe|Til Schweiger|Chelsea Handler,McG,Simon Kinberg|Timothy Dowling|Marcus Gautesen
36648,Blade: Trinity,Wesley Snipes|Kris Kristofferson|Dominic Purcell|Jessica Biel|Ryan Reynolds|Parker Posey|Mark Berry|John Michael Higgins|Callum Keith Rennie|Paul Michael Lévesque,David S. Goyer,David S. Goyer|Marv Wolfman|Gene Colan|Darrin Denlinger
1880,Red Dawn,Patrick Swayze|C. Thomas Howell|Lea Thompson|Darren Dalton|Charlie Sheen|Jennifer Grey|Brad Savage|Ben Johnson|Harry Dean Stanton|William Smith,John Milius,John Milius|Kevin Reynolds
9440,Primary Colors,John Travolta|Emma Thompson|Billy Bob Thornton|Kathy Bates|Adrian Lester|Maura Tierney|Larry Hagman|Diane Ladd|Rob Reiner|Allison Janney,Mike Nichols,Elaine May
71679,Resident Evil: Retribution,Milla Jovovich|Sienna Guillory|Michelle Rodriguez|Aryana Engineer|Li Bingbing|Boris Kodjoe|Johann Urb|Robin Kasyanov|Kevin Durand|Ofilio Portillo,Paul W.S. Anderson,Paul W.S. Anderson
10483,Death Race,Jason Statham|Joan Allen|Ian McShane|Tyrese Gibson|Natalie Martinez|Max Ryan|Jacob Vargas|Jason Clarke|Fred Koehler|Justin Mader,Paul W.S. Anderson,Paul W.S. Anderson
11412,The Long Kiss Goodnight,Geena Davis|Samuel L. Jackson|Yvonne Zima|Craig Bierko|Tom Amandes|Brian Cox|Patrick Malahide|David Morse|Joseph McKenna|Melina Kanakaredes,Renny Harlin,Shane Black
11983,Proof of Life,Meg Ryan|Russell Crowe|David Morse|Pamela Reed|David Caruso|Flora Martínez|Anthony Heald|Gottfried John|Tony Vázquez,Taylor Hackford,Tony Gilroy|Thomas Hargrove|William Prochnau
6795,Zathura: A Space Adventure,Jonah Bobo|Josh Hutcherson|Dax Shepard|Kristen Stewart|Tim Robbins|Frank Oz|Derek Mears|Douglas Tait|Joe Bucaro III|Jeff Wolfe,Jon Favreau,David Koepp|Chris van Allsburg|John Kamps
550,Fight Club,Edward Norton|Brad Pitt|Meat Loaf|Jared Leto|Helena Bonham Carter|Zach Grenier|Holt McCallany|Eion Bailey|Richmond Arquette|David Andrews,David Fincher,Chuck Palahniuk|Jim Uhls|Collin Grant
11170,We Are Marshall,Matthew McConaughey|Matthew Fox|Anthony Mackie|David Strathairn|Ian McShane|Kate Mara|January Jones|Kate Kneeland,McG,Jamie Linden|Cory Helms
9292,Hudson Hawk,Bruce Willis|Danny Aiello|Andie MacDowell|James Coburn|Richard E. Grant|Sandra Bernhard|David Caruso|Frank Stallone,Michael Lehmann,Steven E. de Souza|Daniel Waters
10783,Lucky Numbers,John Travolta|Lisa Kudrow|Tim Roth|Ed O'Neill|Michael Rapaport|Daryl Mitchell|Bill Pullman|Richard Schiff|Michael Moore|Sam McMurray,Nora Ephron,Adam Resnick
100241,"I, Frankenstein",Aaron Eckhart|Yvonne Strahovski|Bill Nighy|Jai Courtney|Miranda Otto|Caitlin Stasey|Kevin Grevioux|Aden Young|Deniz Akdeniz|Chris Pang,Stuart Beattie,Stuart Beattie|Kevin Grevioux|Mary Shelley
257,Oliver Twist,Barney Clark|Ben Kingsley|Jamie Foreman|Harry Eden|Edward Hardwicke|Leanne Rowe|Ian McNeice|Chris Overton|Andy Linden|Teresa Churcher,Roman Polanski,Charles Dickens|Ronald Harwood
9947,Elektra,Jennifer Garner|Goran Visnjic|Will Yun Lee|Cary-Hiroyuki Tagawa|Terence Stamp|Natassia Malthe|Kirsten Prout|Colin Cunningham|Edson T. Ribeiro|Chris Ackerman,Rob Bowman,Frank Miller|Mark Steven Johnson|Zak Penn|Raven Metzner|Stu Zicherman|Ricardo F. Delgado
189,Sin City: A Dame to Kill For,Mickey Rourke|Jessica Alba|Josh Brolin|Joseph Gordon-Levitt|Rosario Dawson|Bruce Willis|Eva Green|Powers Boothe|Dennis Haysbert|Ray Liotta,Robert Rodriguez|Frank Miller,Frank Miller
12618,Random Hearts,Harrison Ford|Kristin Scott Thomas|Charles S. Dutton|Bonnie Hunt|Dennis Haysbert|Sydney Pollack|Richard Jenkins|Paul Guilfoyle|Susanna Thompson|Peter Coyote,Sydney Pollack,Warren Adler|Kurt Luedtke
253412,Everest,Jason Clarke|Jake Gyllenhaal|Josh Brolin|John Hawkes|Sam Worthington|Robin Wright|Keira Knightley|Clive Standen|Emily Watson|Mia Goth,Baltasar Kormákur,William Nicholson|Simon Beaufoy
1427,Perfume: The Story of a Murderer,Ben Whishaw|Simon Chandler|David Calder|Richard Felix|Birgit Minichmayr|Sian Thomas|Michael Smiley|Alvaro Roque|Franck Lefeuvre|Sam Douglas,Tom Tykwer,Bernd Eichinger|Tom Tykwer|Andrew Birkin|Patrick Süskind
818,Austin Powers in Goldmember,Mike Myers|Beyoncé Knowles|Seth Green|Michael York|Mindy Sterling|Verne Troyer|Michael Caine|Fred Savage|Diane Mizota|Carrie Ann Inaba,Jay Roach,Mike Myers|Michael McCullers|Gabriel Hardman
16577,Astro Boy,Nicolas Cage|Kristen Bell|Bill Nighy|Donald Sutherland|Freddie Highmore|Eugene Levy|Sterling Beaumon|Nathan Lane|Samuel L. Jackson|Charlize Theron,David Bowers,Timothy Harris|Osamu Tezuka
329,Jurassic Park,Sam Neill|Laura Dern|Jeff Goldblum|Richard Attenborough|Bob Peck|Martin Ferrero|BD Wong|Joseph Mazzello|Ariana Richards|Samuel L. Jackson,Steven Spielberg,David Koepp|Michael Crichton
12160,Wyatt Earp,Kevin Costner|Dennis Quaid|Gene Hackman|David Andrews|Linden Ashby|Jeff Fahey|Joanna Going|Mark Harmon|Michael Madsen|Catherine O'Hara,Lawrence Kasdan,Lawrence Kasdan|Dan Gordon
9331,Clear and Present Danger,Harrison Ford|Willem Dafoe|Anne Archer|Joaquim de Almeida|Henry Czerny|Harris Yulin|Donald Moffat|Miguel Sandoval|Benjamin Bratt|Raymond Cruz,Phillip Noyce,John Milius|Steven Zaillian|Tom Clancy|Donald Stewart
300168,Dragon Blade,Jackie Chan|John Cusack|Adrien Brody|Sharni Vinson|Benny Urquidez|Kevin Lee|Raiden Integra|Tomer Oz|Alfred Hsing|Choi Si-won,Daniel Lee,Daniel Lee
9072,Little Man,Marlon Wayans|Shawn Wayans|Kerry Washington|John Witherspoon|Tracy Morgan|Lochlyn Munro,Keenen Ivory Wayans,Marlon Wayans|Keenen Ivory Wayans|Shawn Wayans
3536,U-571,Matthew McConaughey|Bill Paxton|Harvey Keitel|Jon Bon Jovi|David Keith|Thomas Kretschmann|Jake Weber|Jack Noseworthy|Tom Guiry|Will Estes,Jonathan Mostow,David Ayer|Sam Montgomery
9087,The American President,Michael Douglas|Annette Bening|Michael J. Fox|Martin Sheen|Anna Deavere Smith|Shawna Waldron|Samantha Mathis|David Paymer|Richard Dreyfuss|Nina Siemaszko,Rob Reiner,Aaron Sorkin
12177,The Love Guru,Mike Myers|Jessica Alba|Justin Timberlake|Romany Malco|Meagan Good|Verne Troyer|Manu Narayan|Omid Djalili|Ben Kingsley|Deepak Chopra,Marco Schnabel,Mike Myers|Graham Gordy
12138,3000 Miles to Graceland,Kurt Russell|Kevin Costner|Courteney Cox|Christian Slater|Kevin Pollak|David Arquette|Jon Lovitz|Howie Long|Thomas Haden Church|Bokeem Woodbine,Demian Lichtenstein,Richard Recco|Demian Lichtenstein
273248,The Hateful Eight,Samuel L. Jackson|Kurt Russell|Jennifer Jason Leigh|Walton Goggins|Demián Bichir|Tim Roth|Michael Madsen|Bruce Dern|James Parks|Dana Gourrier,Quentin Tarantino,Quentin Tarantino
9955,Blades of Glory,Will Ferrell|Jon Heder|Will Arnett|Amy Poehler|Jenna Fischer|William Fichtner|Craig T. Nelson|Romany Malco|Nick Swardson|Scott Hamilton,Josh Gordon|Will Speck,Jeff Cox|Craig Cox|Busy Philipps|John Altschuler|Dave Krinsky
50359,Hop,Russell Brand|James Marsden|Kaley Cuoco|Hank Azaria|Elizabeth Perkins|Gary Cole|Hugh Laurie|Tiffany Espensen|David Hasselhoff|Chelsea Handler,Tim Hill,Ken Daurio|Cinco Paul|Brian Lynch|James Baker
1271,300,Gerard Butler|Lena Headey|Dominic West|David Wenham|Vincent Regan|Michael Fassbender|Tom Wisdom|Andrew Tiernan|Andrew Pleavin|Rodrigo Santoro,Zack Snyder,Frank Miller|Zack Snyder|Kurt Johnstad|Michael B. Gordon|Lynn Varley
693,Meet the Fockers,Ben Stiller|Teri Polo|Robert De Niro|Dustin Hoffman|Barbra Streisand|Blythe Danner|Tim Blake Nelson|Alanna Ubach|Shelley Berman|Owen Wilson,Jay Roach,Jim Herzfeld|Marc Hyman|Greg Glienna|Mary Ruth Clarke|John Hamburg
14306,Marley & Me,Owen Wilson|Jennifer Aniston|Eric Dane|Kathleen Turner|Alan Arkin|Nathan Gamble|Haley Bennett|Ann Dowd|Clarke Peters|Finley Jacobsen,David Frankel,Scott Frank|Don Roos|John Grogan
497,The Green Mile,Tom Hanks|Michael Clarke Duncan|David Morse|Bonnie Hunt|James Cromwell|Patricia Clarkson|Michael Jeter|Sam Rockwell|Graham Greene|Doug Hutchison,Frank Darabont,Stephen King|Frank Darabont
11199,Wild Hogs,Tim Allen|John Travolta|Martin Lawrence|William H. Macy|Ray Liotta|Marisa Tomei|John C. McGinley|M.C. Gainey|Jill Hennessy|Dominic Janes,Walt Becker,Brad Copeland
9982,Chicken Little,Zach Braff|Joan Cusack|Dan Molina|Steve Zahn|Garry Marshall|Amy Sedaris|Mark Walton|Don Knotts|Sean Elmore|Matthew Josten,Mark Dindal,Steve Bencich|Ron J. Friedman|Mark Kennedy|Ron Anderson|Mark Dindal
210577,Gone Girl,Ben Affleck|Rosamund Pike|Carrie Coon|Neil Patrick Harris|Tyler Perry|Kim Dickens|Patrick Fugit|Missi Pyle|Emily Ratajkowski|Casey Wilson,David Fincher,Gillian Flynn
2501,The Bourne Identity,Matt Damon|Franka Potente|Chris Cooper|Clive Owen|Brian Cox|Adewale Akinnuoye-Agbaje|Gabriel Mann|Walton Goggins|Josh Hamilton|Julia Stiles,Doug Liman,Tony Gilroy|Robert Ludlum|W. Blake Herron|Warren Drummond
710,GoldenEye,Pierce Brosnan|Sean Bean|Izabella Scorupco|Famke Janssen|Joe Don Baker|Judi Dench|Gottfried John|Robbie Coltrane|Alan Cumming|Tchéky Karyo,Martin Campbell,Ian Fleming|Michael France|Jeffrey Caine|Bruce Feirstein
2275,The General's Daughter,John Travolta|Madeleine Stowe|James Cromwell|Timothy Hutton|Leslie Stefanson|Daniel von Bargen|Clarence Williams III|James Woods|John Beasley|Boyd Kestner,Simon West,William Goldman|Christopher Bertolini|Nelson DeMille
37165,The Truman Show,Jim Carrey|Laura Linney|Noah Emmerich|Natascha McElhone|Ed Harris|Holland Taylor|Brian Delate|Blair Slater|Heidi Schanz|Ron Taylor,Peter Weir,Andrew Niccol
9837,The Prince of Egypt,Val Kilmer|Ralph Fiennes|Patrick Stewart|Michelle Pfeiffer|Sandra Bullock|Jeff Goldblum|Danny Glover|Helen Mirren|Steve Martin|Martin Short,Simon Wells|Steve Hickner|Brenda Chapman,Nicholas Meyer|Philip LaZebnik
10708,Daddy Day Care,Eddie Murphy|Jeff Garlin|Steve Zahn|Regina King|Kevin Nealon|Siobhan Fallon|Lacey Chabert|Jonathan Katz|Lisa Edelstein|Laura Kightlinger,Steve Carr,Geoff Rodkey
136400,2 Guns,Denzel Washington|Mark Wahlberg|Paula Patton|Bill Paxton|Fred Ward|James Marsden|Edward James Olmos|Robert John Burke|Tait Fletcher|Ambyr Childers,Baltasar Kormákur,Steven Grant|Blake Masters
10992,Cats & Dogs,Jeff Goldblum|Elizabeth Perkins|Alexander Pollock|Miriam Margolyes|Tobey Maguire|Alec Baldwin|Susan Sarandon|Charlton Heston,Lawrence Guterman,Glenn Ficarra|John Requa|Bob Camp
9654,The Italian Job,Mark Wahlberg|Charlize Theron|Edward Norton|Seth Green|Jason Statham|Yasiin Bey|Franky G|Donald Sutherland|Olek Krupa|Boris Lee Krutonog,F. Gary Gray,Donna Powers|Wayne Powers|Troy Kennedy Martin|Chris Buchinsky
2642,Two Weeks Notice,Sandra Bullock|Hugh Grant|Alicia Witt|Dana Ivey|Robert Klein|Heather Burns|David Haig|Dorian Missick|Veanne Cox|Janine LaManna,Marc Lawrence,Marc Lawrence
8916,Antz,Woody Allen|Dan Aykroyd|Anne Bancroft|Danny Glover|Gene Hackman|Jane Curtin|Jennifer Lopez|John Mahoney|Paul Mazursky|Grant Shaud,Eric Darnell|Tim Johnson,Chris Weitz|Paul Weitz|Todd Alcott|Mike Cachuela
19899,Couples Retreat,Vince Vaughn|Malin Åkerman|Jason Bateman|Kristen Bell|Jon Favreau|Ken Jeong|Kristin Davis|John Michael Higgins|Tasha Smith|Faizon Love,Peter Billingsley,Vince Vaughn|Jon Favreau|Dana Fox
2119,Days of Thunder,Tom Cruise|Robert Duvall|Nicole Kidman|Randy Quaid|Cary Elwes|Fred Dalton Thompson|John C. Reilly|J.C. Quinn|Don Simpson|Michael Rooker,Tony Scott,Robert Towne
9641,Cheaper by the Dozen 2,Steve Martin|Eugene Levy|Bonnie Hunt|Tom Welling|Jonathan Bennett|Forrest Landis|Carmen Electra|Taylor Lautner|Jacob Smith|Kevin G. Schmidt,Adam Shankman,Sam Harper
294254,Maze Runner: The Scorch Trials,Dylan O'Brien|Kaya Scodelario|Thomas Brodie-Sangster|Giancarlo Esposito|Aidan Gillen|Barry Pepper|Lili Taylor|Patricia Clarkson|Ki Hong Lee|Dexter Darden,Wes Ball,James Dashner|T.S. Nowlin
38167,Eat Pray Love,Julia Roberts|James Franco|Javier Bardem|Billy Crudup|Richard Jenkins|Viola Davis|I. Gusti Ayu Puspawati|Hadi Subiyanto|A. Jay Radcliff|Mike O'Malley,Ryan Murphy,Ryan Murphy|Jennifer Salt|Elizabeth Gilbert
5994,The Family Man,Nicolas Cage|Téa Leoni|Don Cheadle|Saul Rubinek|Amber Valletta|Makenzie Vega Norfolk|Ryan Milkovich|Jake Milkovich|Lisa Thornhill|Jeremy Piven,Brett Ratner,David Diamond|David Weissman
39514,RED,Bruce Willis|John Malkovich|Helen Mirren|Mary-Louise Parker|Karl Urban|Richard Dreyfuss|James Remar|Morgan Freeman|Brian Cox|Ernest Borgnine,Robert Schwentke,Warren Ellis|Erich Hoeber|Jon Hoeber|Cully Hamner
9563,Any Given Sunday,Al Pacino|Cameron Diaz|Dennis Quaid|James Woods|Jamie Foxx|LL Cool J|Matthew Modine|Jim Brown|Lawrence Taylor|Bill Bellamy,Oliver Stone,John Logan|Oliver Stone
547,The Horse Whisperer,Robert Redford|Kristin Scott Thomas|Sam Neill|Scarlett Johansson|Dianne Wiest|Chris Cooper|Cherry Jones|Ty Hillman|Kate Bosworth|Austin Schwarz,Robert Redford,Eric Roth|Richard LaGravenese|Nick Evans
1538,Collateral,Tom Cruise|Jamie Foxx|Jada Pinkett Smith|Mark Ruffalo|Peter Berg|Bruce McGill|Irma P. Hall|Barry Shabaka Henley|Javier Bardem|Steven Kozlowski,Michael Mann,Stuart Beattie
9334,The Scorpion King,Dwayne Johnson|Kelly Hu|Michael Clarke Duncan|Steven Brand|Bernard Hill|Grant Heslov|Peter Facinelli|Ralf Moeller|Branscombe Richmond|Roger Rees,Chuck Russell,Stephen Sommers|William Osborne|David Hayter
11128,Ladder 49,Joaquin Phoenix|John Travolta|Jacinda Barrett|Robert Patrick|Morris Chestnut|Billy Burke|Kevin Chapman|Jay Hernandez|Kevin Daniels|Balthazar Getty,Jay Russell,Lewis Colick|Joseph Musso
75780,Jack Reacher,Tom Cruise|Rosamund Pike|Richard Jenkins|David Oyelowo|Werner Herzog|Jai Courtney|Vladimir Sizov|Joseph Sikora|Michael Raymond-James|Alexia Fast,Christopher McQuarrie,Christopher McQuarrie|Lee Child
8914,Deep Blue Sea,Thomas Jane|Saffron Burrows|LL Cool J|Michael Rapaport|Samuel L. Jackson|Stellan Skarsgård|Jacqueline McKenzie|Aida Turturro|Cristos|Daniel Rey,Renny Harlin,Duncan Kennedy|Donna Powers|Wayne Powers|Gary Damian Thomas
13576,This Is It,Michael Jackson|Orianthi|Kenny Ortega|Dorian Holley|Patrick Woodroffe|Bashiri Johnson|Mo Pleasure|Jonathan Moffett|Tommy Organ|Jasmine Alveran,Kenny Ortega,
39538,Contagion,Matt Damon|Gwyneth Paltrow|Kate Winslet|Jude Law|Marion Cotillard|Laurence Fishburne|Bryan Cranston|Sanaa Lathan|Jennifer Ehle|Daria Strokous,Steven Soderbergh,Scott Z. Burns
10628,Kangaroo Jack,Jerry O'Connell|Anthony Anderson|Estella Warren|Christopher Walken|Michael Shannon|Marton Csokas|Dyan Cannon,David McNally,Scott Rosenberg|Steve Bing
14836,Coraline,Dakota Fanning|Teri Hatcher|Jennifer Saunders|Dawn French|Keith David|John Hodgman|Robert Bailey Jr.|Ian McShane,Henry Selick,Neil Gaiman|Henry Selick|Chris Butler|Graham Annable|Mike Cachuela|Vera Brosgol
8645,The Happening,Mark Wahlberg|Zooey Deschanel|John Leguizamo|Spencer Breslin|Betty Buckley|Ashlyn Sanchez|Robert Bailey Jr.|Frank Collison|Jeremy Strong|Alan Ruck,M. Night Shyamalan,M. Night Shyamalan
9509,Man on Fire,Denzel Washington|Dakota Fanning|Marc Anthony|Radha Mitchell|Christopher Walken|Giancarlo Giannini|Rachel Ticotin|Jesús Ochoa|Mickey Rourke|Angelina Peláez,Tony Scott,Brian Helgeland|A.J. Quinnell
10067,The Shaggy Dog,Tim Allen|Kristin Davis|Danny Glover|Spencer Breslin|Robert Downey Jr.|Zena Grey|Joshua Leonard|Jane Curtin|Annabelle Gurwitch|Jarrad Paul,Brian Robbins,Bill Walsh|Cormac Wibberley|Marianne Wibberley|Jack Amiel|Michael Begler|Geoff Rodkey|Don Tait|Lillie Hayward
9384,Starsky & Hutch,Ben Stiller|Owen Wilson|Snoop Dogg|Fred Williamson|Vince Vaughn|Juliette Lewis|Jason Bateman|Carmen Electra|Will Ferrell|Amy Smart,Todd Phillips,John O'Brien|Todd Phillips|William Blinn|Scot Armstrong|Ted Boonthanakit|Stevie Long
9279,Jingle All the Way,Arnold Schwarzenegger|Phil Hartman|Sinbad|Rita Wilson|Jake Lloyd|Martin Mull|Laraine Newman|Jim Belushi|E.J. De la Pena|Robert Conrad,Brian Levant,Randy Kornfield
1487,Hellboy,Ron Perlman|Selma Blair|Rupert Evans|John Hurt|Jeffrey Tambor|Karel Roden|Brian Steele|Ladislav Beran|Biddy Hodson|Corey Johnson,Guillermo del Toro,Guillermo del Toro|Mike Mignola|Paul Prischman|Peter Briggs
9422,A Civil Action,John Travolta|Robert Duvall|Tony Shalhoub|William H. Macy|Zeljko Ivanek|Bruce Norris|John Lithgow|Kathleen Quinlan|Peter Jacobson|Mary Mara,Steven Zaillian,Steven Zaillian
77174,ParaNorman,Kodi Smit-McPhee|Tucker Albrizzi|Jodelle Ferland|Anna Kendrick|Casey Affleck|Leslie Mann|Jeff Garlin|Christopher Mintz-Plasse|John Goodman|Elaine Stritch,Sam Fell|Chris Butler,Chris Butler|Mike Smith|Michael Schlingmann|Graham Annable|Brian Ormiston|Vera Brosgol|Martin Asbury|Emanuela Cozzi|John Hoffman|Julian Narino|Ovi Nedelcu
4824,The Jackal,Bruce Willis|Richard Gere|Sidney Poitier|Diane Venora|J.K. Simmons|Jack Black|Sophie Okonedo|Ravil Isyanov|Maggie Castle|Karen Kirschenbauer,Michael Caton-Jones,Chuck Pfarrer|John Greaves
9620,Paycheck,Ben Affleck|Aaron Eckhart|Uma Thurman|Paul Giamatti|Colm Feore|Joe Morton|Michael C. Hall|Peter Friedman|Kathryn Morris|Ivana Miličević,John Woo,Philip K. Dick|Dean Georgaris|Raymond Dumas
9302,Up Close & Personal,Robert Redford|Michelle Pfeiffer|Stockard Channing|Joe Mantegna|Kate Nelligan|Glenn Plummer|James Rebhorn|Scott Bryce|Raymond Cruz|Dedee Pfeiffer,Jon Avnet,Joan Didion|John Gregory Dunne
10199,The Tale of Despereaux,Matthew Broderick|Dustin Hoffman|Emma Watson|Tracey Ullman|Kevin Kline|Sigourney Weaver|William H. Macy|Stanley Tucci|Ciarán Hinds|Robbie Coltrane,Robert Stevenhagen|Sam Fell,Gary Ross|Will McRobb|Chris Viscardi|Chris Butler|Kate DiCamillo|Tim Watts|Brendan Houghton|Dean Roberts|Sharon Smith|Gabriele Zucchelli|Gary Dunn|Len Morganti|Arshad Baig|Darren Vandenburg
10771,The Tuxedo,Jackie Chan|Jennifer Love Hewitt|Jason Isaacs|Debi Mazar|Ritchie Coster|Peter Stormare|Mia Cottet|Romany Malco|Daniel Kash|Jody Racicot,Kevin Donovan,Michael J. Leeson|Michael J. Wilson|Phil Hay|Matt Manfredi
3512,Under Siege 2: Dark Territory,Steven Seagal|Eric Bogosian|Everett McGill|Katherine Heigl|Morris Chestnut|Peter Greene|Patrick Kilpatrick|Scott Sowers|Afifi Alaouie|Andy Romano,Geoff Murphy,J. F. Lawton|Richard Hatem|Matt Reeves
137094,Jack Ryan: Shadow Recruit,Chris Pine|Keira Knightley|Kevin Costner|Kenneth Branagh|Lenn Kudrjawizki|Alec Utgoff|Peter Andersson|Elena Velikanova|Nonso Anozie|Colm Feore,Kenneth Branagh,David Koepp|Tom Clancy|Adam Cozad
274479,Joy,Jennifer Lawrence|Bradley Cooper|Robert De Niro|Dascha Polanco|Edgar Ramírez|Elisabeth Röhm|Virginia Madsen|Isabella Rossellini|Diane Ladd|Jimmy Jean-Louis,David O. Russell,David O. Russell|Annie Mumolo
267860,London Has Fallen,Gerard Butler|Aaron Eckhart|Morgan Freeman|Angela Bassett|Melissa Leo|Robert Forster|Shivani Ghai|Sean O'Bryan|Radha Mitchell|Jackie Earle Haley,Babak Najafi,Christian Gudegast|Chad St. John|Katrin Benedikt|Creighton Rothenberger
8078,Alien: Resurrection,Sigourney Weaver|Winona Ryder|Brad Dourif|Ron Perlman|Michael Wincott|Gary Dourdan|Dan Hedaya|Dominique Pinon|Leland Orser|Raymond Cruz,Jean-Pierre Jeunet,Joss Whedon
7485,Shooter,Mark Wahlberg|Michael Peña|Danny Glover|Kate Mara|Elias Koteas|Rhona Mitra|Jonathan Walker|Louis Ferreira|Tate Donovan|Rade Serbedzija,Antoine Fuqua,Jonathan Lemkin|Stephen Hunter
170687,The Boxtrolls,Ben Kingsley|Isaac Hempstead-Wright|Elle Fanning|Dee Bradley Baker|Toni Collette|Jared Harris|Nick Frost|Richard Ayoade|Tracy Morgan|Simon Pegg,Anthony Stacchi|Graham Annable,Anthony Stacchi|Irena Brignull|Alan Snow|Adam Pava|Phil Dale
6435,Practical Magic,Sandra Bullock|Nicole Kidman|Evan Rachel Wood|Goran Visnjic|Stockard Channing|Dianne Wiest|Aidan Quinn|Alexandra Artrip|Caprice Benedetti|Camilla Belle,Griffin Dunne,Adam Brooks|Akiva Goldsman|Robin Swicord|Alice Hoffman
137106,The Lego Movie,Chris Pratt|Will Ferrell|Elizabeth Banks|Will Arnett|Nick Offerman|Alison Brie|Charlie Day|Liam Neeson|Morgan Freeman|Channing Tatum,Phil Lord|Christopher Miller,Igor Khait|Theresa Cullen|Phil Lord|Christopher Miller|Sharon Colman|Craig Berry|Scott Hurney
10040,Miss Congeniality 2: Armed and Fabulous,Sandra Bullock|Regina King|Enrique Murciano|William Shatner|Eileen Brennan|Ernie Hudson|Elisabeth Röhm|Nick Offerman|Abraham Benrubi|Treat Williams,John Pasquin,Marc Lawrence|Katie Ford|Caryn Lucas
6278,Reign of Fire,Christian Bale|Matthew McConaughey|Izabella Scorupco|Gerard Butler|Alexander Siddig|Scott Moutter|David Kennedy|Ned Dennehy|Rory Keenan|Terence Maynard,Rob Bowman,Matt Greenberg|Gregg Shabot|Robert Consing|Kevin Peterka
82682,Gangster Squad,Josh Brolin|Ryan Gosling|Nick Nolte|Emma Stone|Sean Penn|Giovanni Ribisi|Josh Pence|Frank Grillo|Anthony Mackie|Robert Patrick,Ruben Fleischer,Will Beall|Paul Lieberma
17610,Year One,Jack Black|Michael Cera|Olivia Wilde|Oliver Platt|David Cross|Christopher Mintz-Plasse|Vinnie Jones|Hank Azaria|Juno Temple|June Diane Raphael,Harold Ramis,Harold Ramis|Gene Stupnitsky|Lee Eisenberg
22954,Invictus,Morgan Freeman|Matt Damon|Tony Kgoroge|Patrick Mofokeng|Matt Stern|Julian Lewis Jones|Adjoa Andoh|Marguerite Wheatley|Leleti Khumalo|Patrick Lyster,Clint Eastwood,Anthony Peckham|John Carlin
16995,State of Play,Russell Crowe|Ben Affleck|Rachel McAdams|Robin Wright|Jason Bateman|Jeff Daniels|Helen Mirren|Harry Lennix|Josh Mostel|Wendy Makkena,Kevin Macdonald,Tony Gilroy|Billy Ray|Matthew Michael Carnahan|Paul Abbott
16558,Duplicity,Clive Owen|Julia Roberts|Paul Giamatti|Tom Wilkinson|Lisa Roberts Gillan|Denis O'Hare|Kathleen Chalfant|Carrie Preston|Dan Daily|David Shumbris,Tony Gilroy,Tony Gilroy
9849,My Favorite Martian,Jeff Daniels|Elizabeth Hurley|Daryl Hannah|Christopher Lloyd|Wallace Shawn|Christine Ebersole|Michael Lerner|T. K. Carter,Donald Petrie,Sherri Stoner|Deanna Oliver
5820,The Sentinel,Michael Douglas|Kiefer Sutherland|Eva Longoria|Martin Donovan|Kim Basinger|Ritchie Coster|Blair Brown|David Rasche|Kristin Lehman|Raynor Scheine,Clark Johnson,George Nolfi|Gerald Petievich
16866,Planet 51,Dwayne Johnson|Seann William Scott|Jessica Biel|Justin Long|Gary Oldman|John Cleese|Freddie Benedict|Alan Marriott|Mathew Horne|James Corden,Jorge Blanco|Javier Abad|Marcos Martínez,Joe Stillman|Jorge Blanco|Ignacio Pérez Dolset|Javier Abad|Marcos Martínez
201,Star Trek: Nemesis,Patrick Stewart|Jonathan Frakes|Brent Spiner|LeVar Burton|Michael Dorn|Gates McFadden|Marina Sirtis|Tom Hardy|Ron Perlman|Shannon Cochran,Stuart Baird,John Logan
11775,Intolerable Cruelty,George Clooney|Catherine Zeta-Jones|Edward Herrmann|Geoffrey Rush|Richard Jenkins|Billy Bob Thornton|Stacey Travis|Cedric the Entertainer|Paul Adelstein|Julia Duffy,Joel Coen,Joel Coen|Ethan Coen|Robert Ramsey|Matthew Stone|John Romano
87825,Trouble with the Curve,Clint Eastwood|Amy Adams|Justin Timberlake|John Goodman|Matthew Lillard|Joe Massingill|Robert Patrick|Ed Lauter|Chelcie Ross|Peter Hermann,Robert Lorenz,Randy Brown
12201,Edge of Darkness,Mel Gibson|Ray Winstone|Danny Huston|Shawn Roberts|Denis O'Hare|Bojana Novaković|Gbenga Akinnagbe|Caterina Scorsone|Jay O. Sanders|Wayne Duvall,Martin Campbell,William Monahan|Andrew Bovell
11015,The Relic,Penelope Ann Miller|Tom Sizemore|Linda Hunt|James Whitmore|Clayton Rohner|Chi Muoi Lo|Thomas Ryan|Robert Lesser|Diane Robin|Lewis Van Bergen,Peter Hyams,Amy Holden Jones|John Raffo|Douglas Preston|Lincoln Child|Rick Jaffa|Amanda Silver|Tom Jung
9932,Analyze That,Robert De Niro|Billy Crystal|Lisa Kudrow|Joe Viterelli|Cathy Moriarty|Donna Marie Recco|Kyle Sabihy|Frank Pietrangolare|Jerome Le Page|Annika Pergament,Harold Ramis,Harold Ramis|Peter Tolan|Kenneth Lonergan|Peter Steinfeld
13389,Righteous Kill,Robert De Niro|Carla Gugino|50 Cent|Al Pacino|Donnie Wahlberg|Brian Dennehy|John Leguizamo|Trilby Glover|Melissa Leo|Sterling K. Brown,Jon Avnet,Russell Gewirtz
8838,Mercury Rising,Bruce Willis|Alec Baldwin|Miko Hughes|Chi McBride|Kim Dickens|Robert Stanton|Bodhi Elfman|Carrie Preston|Lindsey Ginter|Peter Stormare,Harold Becker,Lawrence Konner|Mark Rosenthal|Ryne Douglas Pearson
17332,The Soloist,Robert Downey Jr.|Jamie Foxx|Catherine Keener|Nelsan Ellis|Michael Bunin|Tom Hollander|Lisa Gay Hamilton|Rachael Harris|Stephen Root|Lorraine Toussaint,Joe Wright,Susannah Grant|Steve Lopez
4958,The Legend of Bagger Vance,Matt Damon|Bruce McGill|Charlize Theron|Will Smith|Joel Gretsch|J. Michael Moncrief|Wilbur Fitzgerald|E. Roger Mitchell|Carrie Preston|Trip Hamilton,Robert Redford,Jeremy Leven|Steven Pressfield
786,Almost Famous,Kate Hudson|Billy Crudup|Frances McDormand|Jason Lee|Patrick Fugit|Zooey Deschanel|Michael Angarano|Anna Paquin|Fairuza Balk|Noah Taylor,Cameron Crowe,Cameron Crowe
9513,Garfield: A Tail of Two Kitties,Bill Murray|Jennifer Love Hewitt|Billy Connolly|Ian Abercrombie|Breckin Meyer|Tim Curry|Roger Rees|Lucy Davis|Lena Cardwell|Veronica Alicino,Tim Hill,Joel Cohen|Alec Sokolow|Jim Davis
11679,xXx: State of the Union,Ice Cube|Samuel L. Jackson|Willem Dafoe|Scott Speedman|Peter Strauss|Xzibit|Michael Roof|Sunny Mabrey|Nona Gaye|John G. Connolly,Lee Tamahori,Simon Kinberg|Rich Wilkes|Darrin Denlinger
38321,Priest,Paul Bettany|Karl Urban|Cam Gigandet|Maggie Q|Lily Collins|Stephen Moyer|Mädchen Amick|Brad Dourif|Christopher Plummer|Alan Dale,Scott Stewart,Cory Goodman|Min-Woo Hyung
14411,Sinbad: Legend of the Seven Seas,Brad Pitt|Catherine Zeta-Jones|Michelle Pfeiffer|Joseph Fiennes|Dennis Haysbert|Timothy West|Adriano Giannini|Raman Hui|Chung Chan|Jim Cummings,Tim Johnson|Patrick Gilmore,John Logan
8413,Event Horizon,Laurence Fishburne|Sam Neill|Kathleen Quinlan|Joely Richardson|Richard T. Jones|Jack Noseworthy|Jason Isaacs|Sean Pertwee|Peter Marinker|Holley Chant,Paul W.S. Anderson,Philip Eisner
10052,Dragonfly,Kevin Costner|Joe Morton|Ron Rifkin|Susanna Thompson|Kathy Bates|Jacob Smith|Robert Bailey Jr.|Jay Thomas|Lisa Banes|Matt Craven,Tom Shadyac,David Seltzer|Brandon Camp|Mike Thompson
9676,The Black Dahlia,Josh Hartnett|Scarlett Johansson|Aaron Eckhart|Hilary Swank|Mia Kirshner|Mike Starr|Fiona Shaw|Patrick Fischler|James Otis|John Kavanagh,Brian De Palma,Josh Friedman|James Ellroy
9664,Flyboys,James Franco|David Ellison|Jean Reno|Philip Winchester|Abdul Salis|Todd Boyce|Karen Ford|Mac McDonald|Scott Hazell|Ruth Bradley,Tony Bill,David S. Ward|Phil Sears|Blake T. Evans
2100,The Last Castle,Robert Redford|James Gandolfini|Mark Ruffalo|Steve Burton|Delroy Lindo|Paul Calderon|Samuel Ball|Jeremy Childs|George W. Scott|Clifton Collins Jr,Rod Lurie,Graham Yost|David Scarpa
10384,Supernova,James Spader|Angela Bassett|Robert Forster|Lou Diamond Phillips|Peter Facinelli|Robin Tunney|Wilson Cruz|Eddy Rice Jr.|Knox White|Kerrigan Mahan,Walter Hill|Jack Sholder,Daniel Chuba
137321,Winter's Tale,Colin Farrell|Jessica Brown Findlay|Russell Crowe|William Hurt|Jennifer Connelly|Will Smith|Graham Greene|Matt Bomer|Kevin Durand|Eva Marie Saint,Akiva Goldsman,Akiva Goldsman|Mark Helprin
123553,The Mortal Instruments: City of Bones,Lily Collins|Jamie Campbell Bower|Kevin Zegers|Jemima West|Robert Sheehan|Lena Headey|Jared Harris|Aidan Turner|Godfrey Gao|Robert Maillet,Harald Zwart,I. Marlene King|Cassandra Clare|Jessica Postigo
11260,Meet Dave,Eddie Murphy|Elizabeth Banks|Gabrielle Union|Scott Caan|Ed Helms|Kevin Hart|Pat Kilbane|Judah Friedlander|Marc Blucas|Jim Turner,Brian Robbins,Robbie Greenberg|Bill Corbett
9009,Dark Water,Jennifer Connelly|John C. Reilly|Tim Roth|Dougray Scott|Pete Postlethwaite|Ariel Gade|Camryn Manheim|Perla Haney-Jardine|Debra Monk|Linda Emond,Walter Salles,Rafael Yglesias|Kôji Suzuki
11374,Edtv,Matthew McConaughey|Woody Harrelson|Sally Kirkland|Jenna Elfman|Martin Landau|Ellen DeGeneres|Rob Reiner|Dennis Hopper|Elizabeth Hurley|Adam Goldberg,Ron Howard,Émile Gaudreault|Lowell Ganz|Babaloo Mandel|Sylvie Bouchard
2309,Inkheart,Brendan Fraser|Sienna Guillory|Andy Serkis|Eliza Bennett|Paul Bettany|Jim Broadbent|Helen Mirren|Matt King|Rafi Gavron|Marnix Van Den Broeke,Iain Softley,Cornelia Funke|David Lindsay-Abaire
8285,The Spirit,Gabriel Macht|Scarlett Johansson|Samuel L. Jackson|Eva Mendes|Paz Vega|Jaime King|Dan Lauria|Sarah Paulson|Stana Katic|Frank Miller,Frank Miller,Frank Miller|Will Eisner
210860,Mortdecai,Johnny Depp|Gwyneth Paltrow|Ewan McGregor|Paul Bettany|Olivia Munn|Jeff Goldblum|Jonny Pasvolsky|Michael Culkin|Ulrich Thomsen|Alec Utgoff,David Koepp,Eric Aronson|Kyril Bonfiglioli
2312,In the Name of the King: A Dungeon Siege Tale,Jason Statham|John Rhys-Davies|Ray Liotta|Leelee Sobieski|Burt Reynolds|Ron Perlman|Brian J. White|Kristanna Loken|Matthew Lillard|Claire Forlani,Uwe Boll,Jason Rappaport|Doug Taylor|Dan Stroncak
9839,Beyond Borders,Angelina Jolie|Clive Owen|Teri Polo|Linus Roache|Noah Emmerich|Yorick van Wageningen|Timothy West|Jonathan Higgins|Iain Lee|Kate Trotter,Martin Campbell,Caspian Tredwell-Owen
381902,The Monkey King 2,Aaron Kwok|Gong Li|William Feng|Xiao Shen Yang|Him Law|Kelly Chen|Fei Xiang|Lu Wei|Giselle Chia|Miya,Soi Cheang,Wu Cheng'en|Elvis Man
13922,The Great Raid,Benjamin Bratt|James Franco|Connie Nielsen|Marton Csokas|Joseph Fiennes|Mark Consuelos|Max Martini|Logan Marshall-Green|Robert Mammone|Cesar Montano,John Dahl,Doug Miro|Carlo Bernard|William B. Breuer|Hampton Sides
293660,Deadpool,Ryan Reynolds|Morena Baccarin|Ed Skrein|T.J. Miller|Gina Carano|Leslie Uggams|Brianna Hildebrand|Karan Soni|Jed Rees|Stefan Kapičić,Tim Miller,Rhett Reese|Paul Wernick|Jay Oliva|Rob Liefeld|Fabian Nicieza
9713,Holy Man,Eddie Murphy|Jeff Goldblum|Kelly Preston|Robert Loggia|Jon Cryer,Stephen Herek,Tom Schulman
190859,American Sniper,Bradley Cooper|Sienna Miller|Kyle Gallner|Cole Konis|Ben Reed|Elise Robertson|Luke Sunshine|Troy Vincent|Brandon Salgado Telis|Chance Kelly,Clint Eastwood,Jason Hall|Chris Kyle|Scott McEwen|Jim DeFelice
257445,Goosebumps,Jack Black|Dylan Minnette|Odeya Rush|Amy Ryan|Jillian Bell|Ryan Lee|Ken Marino|Halston Sage|Kumail Nanjiani|Timothy Simons,Rob Letterman,Scott Alexander|Larry Karaszewski|R.L. Stine|Darren Lemke 
9007,Just Like Heaven,Reese Witherspoon|Mark Ruffalo|Donal Logue|Dina Spybey-Waters|Ben Shenkman|Jon Heder|Ivana Miličević|Caroline Aaron|Rosalind Chao|Ron Canada,Mark Waters,Leslie Dixon|Peter Tolan|Marc Levy
889,The Flintstones in Viva Rock Vegas,Mark Addy|Stephen Baldwin|Kristen Johnston|Jane Krakowski|Joan Collins|Thomas Gibson|Harvey Korman|Alan Cumming|John Taylor|Alex Meneses,Brian Levant,Jim Cash|Jack Epps Jr.|Deborah Kaplan|Harry Elfont
1370,Rambo III,Sylvester Stallone|Richard Crenna|Kurtwood Smith|Spiros Focás|Sasson Gabai|Doudi Shoua|Randy Raney|Marcus Gilbert|Alon Aboutboul|Mahmoud Assadollahi,Peter MacDonald,Sylvester Stallone|Sheldon Lettich
4942,Leatherheads,George Clooney|Renée Zellweger|John Krasinski|Wayne Duvall|Stephen Root|Jonathan Pryce|Jack Thompson|Max Casella|Matt Bushell|Nick Paonessa,George Clooney,Duncan Brantley|Rick Reilly
347969,The Ridiculous 6,Adam Sandler|Taylor Lautner|Steve Buscemi|Terry Crews|Danny Trejo|David Spade|Harvey Keitel|Nick Nolte|Rob Schneider|Luke Wilson,Frank Coraci,Adam Sandler|Tim Herlihy
24438,Did You Hear About the Morgans?,Hugh Grant|Sarah Jessica Parker|Mary Steenburgen|Sam Elliott|Natalia Klimas|Kim Shaw|Vincenzo Amato|Jesse Liebman|Elisabeth Moss|Michael Kelly,Marc Lawrence,Marc Lawrence
116741,The Internship,Owen Wilson|Vince Vaughn|Rose Byrne|Max Minghella|Aasif Mandvi|Josh Brener|Dylan O'Brien|Tiya Sircar|Tobit Raphael|Josh Gad,Shawn Levy,Vince Vaughn|Jared Stern
35791,Resident Evil: Afterlife,Milla Jovovich|Wentworth Miller|Ali Larter|Kim Coates|Kacey Clarke|Shawn Roberts|Sergio Peris-Mencheta|Boris Kodjoe|Sienna Guillory|Spencer Locke,Paul W.S. Anderson,Paul W.S. Anderson
72431,Red Tails,Bryan Cranston|David Oyelowo|Cuba Gooding Jr.|Daniela Ruah|Terrence Howard|Andre Royo|Robert Kazinsky|Lee Tergesen|Matthew Leitch|Michael B. Jordan,Anthony Hemingway,John Ridley
1813,The Devil's Advocate,Keanu Reeves|Al Pacino|Charlize Theron|Jeffrey Jones|Judith Ivey|Connie Nielsen|Craig T. Nelson|Tamara Tunie|Ruben Santiago-Hudson|Debra Monk,Taylor Hackford,Andrew Neiderman|Jonathan Lemkin|Tony Gilroy
87428,That's My Boy,Adam Sandler|Susan Sarandon|Eva Amurri Martino|Leighton Meester|Andy Samberg|Dan Patrick|James Caan|Vanilla Ice|Todd Bridges|Will Forte,Sean Anders,David Caspe
8840,DragonHeart,Dennis Quaid|David Thewlis|Pete Postlethwaite|Dina Meyer|Julie Christie|Sean Connery|John Gielgud|Lee Oakes|Brian Thompson|Jason Isaacs,Rob Cohen,Charles Edward Pogue|Patrick Read Johnson
10589,After the Sunset,Pierce Brosnan|Salma Hayek|Woody Harrelson|Troy Garity|Russell Hornsby|Rex Linn|Michael Bowen|Mark Moses|Chris Penn|Obba Babatundé,Brett Ratner,Craig Rosenberg|Paul Zbyszewski
71676,Ghost Rider: Spirit of Vengeance,Nicolas Cage|Ciarán Hinds|Violante Placido|Fergus Riordan|Johnny Whitworth|Christopher Lambert|Idris Elba|Anthony Stewart Head|Spencer Wilding|Jacek Koman,Brian Taylor|Mark Neveldine,David S. Goyer|Roy Thomas|Seth Hoffman|Scott M. Gimple
1722,Captain Corelli's Mandolin,Nicolas Cage|Penélope Cruz|John Hurt|Christian Bale|Irene Papas|Gerasimos Skiadaressis|Aspasia Kralli|Mihalis Giannatos|Dimitris Kaberidis|Pietro Sarubbi,John Madden,Shawn Slovo|Louis de Bernières
10022,The Pacifier,Vin Diesel|Lauren Graham|Faith Ford|Chris Potter|Brittany Snow|Morgan York|Max Thieriot|Brad Garrett|Carol Kane|Tate Donovan,Adam Shankman,Thomas Lennon|Ben Garant
11358,Walking Tall,Dwayne Johnson|Johnny Knoxville|Neal McDonough|Kristen Wilson|Cobie Smulders|Michael Bowen|Ashley Scott|John Beasley|Barbara Tarbuck|Khleo Thomas,Kevin Bray,Brian Koppelman|David Levien|Channing Gibson|David Klass
13,Forrest Gump,Tom Hanks|Robin Wright|Gary Sinise|Mykelti Williamson|Sally Field|Michael Conner Humphreys|Hanna Hall|Haley Joel Osment|Siobhan Fallon|Afemo Omilami,Robert Zemeckis,Winston Groom|Eric Roth
6477,Alvin and the Chipmunks,Jason Lee|David Cross|Cameron Richardson|Jane Lynch|Justin Long|Matthew Gray Gubler|Jesse McCartney|Veronica Alicino|Allison Karman|Tiara Parker,Tim Hill,Jon Vitti|Will McRobb|Chris Viscardi
1597,Meet the Parents,Ben Stiller|Robert De Niro|Teri Polo|Blythe Danner|Owen Wilson|Nicole DeHuff|Jon Abrahams|James Rebhorn|Tom McCarthy|Phyllis George,Jay Roach,John Davis|Jim Herzfeld|Greg Glienna|Mary Ruth Clarke|John Hamburg
10530,Pocahontas,Irene Bedard|Mel Gibson|David Ogden Stiers|John Kassir|Russell Means|Christian Bale|Judy Kuhn|Linda Hunt|Danny Mann|Billy Connolly,Mike Gabriel|Eric Goldberg,Susannah Grant|Philip LaZebnik|Chris Buck|Carl Binder
1924,Superman,Christopher Reeve|Marlon Brando|Margot Kidder|Gene Hackman|Ned Beatty|Jackie Cooper|Glenn Ford|Trevor Howard|Jack O'Halloran|Valerie Perrine,Richard Donner,Mario Puzo|Tom Mankiewicz|David Newman|Robert Benton|Jerry Siegel|Joe Shuster|Leslie Newman
9327,The Nutty Professor,Eddie Murphy|Jada Pinkett Smith|James Coburn|Larry Miller|Dave Chappelle|John Ales|Patricia Wilson|Jamal Mixon|Nichole McAuley|Hamilton von Watts,Tom Shadyac,Steve Oedekerk|Tom Shadyac|David Sheffield|Barry W. Blaustein
8488,Hitch,Will Smith|Eva Mendes|Kevin James|Amber Valletta|Julie Ann Emery|Adam Arkin|Robinne Lee|Ryan Cross|Michael Rapaport|Jeffrey Donovan,Andy Tennant,Kevin Bisch
10603,George of the Jungle,Brendan Fraser|Leslie Mann|Thomas Haden Church|John Cleese|Richard Roundtree|Abraham Benrubi|Holland Taylor|John Bennett Perry|Greg Cruttwell|Kelly Miller,Sam Weisman,Dana Olsen|Audrey Wells
8273,American Wedding,Jason Biggs|Alyson Hannigan|Seann William Scott|Eddie Kaye Thomas|Thomas Ian Nicholas|January Jones|Eugene Levy|Molly Cheek|Deborah Rush|Fred Willard,Jesse Dylan,Adam Herz|Alex Hillkurtz
109424,Captain Phillips,Tom Hanks|Catherine Keener|Max Martini|Chris Mulkey|Yul Vazquez|Corey Johnson|David Warshofsky|John Magaro|Michael Chernus|Barkhad Abdi,Paul Greengrass,Billy Ray
35056,Date Night,Tina Fey|Steve Carell|Mark Wahlberg|Taraji P. Henson|Jimmi Simpson|William Fichtner|Leighton Meester|Kristen Wiig|James Franco|Mila Kunis,Shawn Levy,Josh Klausner
8839,Casper,Christina Ricci|Bill Pullman|Cathy Moriarty|Eric Idle|Joe Nipote|Joe Alaskey|Brad Garrett|Garette Ratliff Henson|Jessica Wesson|Amy Brenneman,Brad Silberling,Sherri Stoner|Deanna Oliver
156022,The Equalizer,Denzel Washington|Marton Csokas|Chloë Grace Moretz|David Harbour|Haley Bennett|Bill Pullman|Melissa Leo|David Meunier|Johnny Skourtis|Alex Veadov,Antoine Fuqua,Richard Wenk
7303,Maid in Manhattan,Jennifer Lopez|Ralph Fiennes|Natasha Richardson|Stanley Tucci|Tyler Posey|Frances Conroy|Chris Eigeman|Marissa Matrone|Amy Sedaris|Priscilla Lopez,Wayne Wang,Kevin Wade|John Hughes|Brick Mason
8963,Crimson Tide,Denzel Washington|Gene Hackman|Matt Craven|George Dzundza|Viggo Mortensen|James Gandolfini|Rocky Carroll|Jaime Gomez|Michael Milhoan|Scott Burkholder,Tony Scott,Michael Schiffer|Richard P. Henrick
1402,The Pursuit of Happyness,Will Smith|Jaden Smith|Thandie Newton|Brian Howe|James Karen|Kurt Fuller|Dan Castellaneta|Joe Nunez|David Fine|Takayo Fischer,Gabriele Muccino,Steve Conrad
9315,Flightplan,Jodie Foster|Peter Sarsgaard|Sean Bean|Kate Beahan|Michael Irby|Assaf Cohen|Erika Christensen|Shane Edelman|Mary Gallagher|Haley Ramm,Robert Schwentke,Billy Ray|Peter A. Dowling
8984,Disclosure,Michael Douglas|Demi Moore|Donald Sutherland|Dylan Baker|Jacqueline Kim|Roma Maffia|Caroline Goodall|Rosemary Forsyth|Dennis Miller|Suzie Plakson,Barry Levinson,Paul Attanasio
795,City of Angels,Nicolas Cage|Meg Ryan|Andre Braugher|Dennis Franz|Colm Feore|Robin Bartlett|Joanna Merlin|Sarah Dampf|Rhonda Dotson|Nigel Gibbs,Brad Silberling,Wim Wenders|Peter Handke|Richard Reitinger|Dana Stevens
24,Kill Bill: Vol. 1,Uma Thurman|Lucy Liu|Vivica A. Fox|Daryl Hannah|David Carradine|Michael Madsen|Julie Dreyfus|Chiaki Kuriyama|Sonny Chiba|Gordon Liu Chia-Hui,Quentin Tarantino,Quentin Tarantino|Uma Thurman
11353,Bowfinger,Steve Martin|Eddie Murphy|Heather Graham|Christine Baranski|Jamie Kennedy|Adam Alexi-Malle|Kohl Sudduth|Barry Newman|Terence Stamp|Robert Downey Jr.,Frank Oz,Steve Martin|Marc Baird
393,Kill Bill: Vol. 2,Uma Thurman|David Carradine|Daryl Hannah|Michael Madsen|Gordon Liu Chia-Hui|Michael Parks|Perla Haney-Jardine|Larry Bishop|Samuel L. Jackson|Lucy Liu,Quentin Tarantino,Quentin Tarantino|Uma Thurman|Janet Kusnick
9618,Tango & Cash,Sylvester Stallone|Kurt Russell|Teri Hatcher|Jack Palance|Brion James|James Hong|Robert Z'Dar|Michael J. Pollard|Philip Tan|Roy Brocksmith,Andrei Konchalovsky|Albert Magnoli,Randy Feldman
9374,Death Becomes Her,Meryl Streep|Bruce Willis|Goldie Hawn|Isabella Rossellini|Ian Ogilvy|Adam Storke|Nancy Fish|Alaina Reed Hall|Michelle Johnson|Sydney Pollack,Robert Zemeckis,David Koepp|Martin Donovan
8584,Shanghai Noon,Jackie Chan|Owen Wilson|Lucy Liu|Xander Berkeley|Roger Yuan|Yu Rong-Guang|Walton Goggins|Jason Connery|Adrien Dorval|Stacy Grant,Tom Dey,Miles Millar|Alfred Gough
2320,Executive Decision,Kurt Russell|Steven Seagal|Halle Berry|John Leguizamo|Oliver Platt|Joe Morton|David Suchet|BD Wong|Len Cariou|Whip Hubley,Stuart Baird,Jim Thomas|John Thomas
58224,Mr. Popper's Penguins,Jim Carrey|Carla Gugino|Madeline Carroll|Angela Lansbury|Ophelia Lovibond|Clark Gregg|Jeffrey Tambor|David Krumholtz|Philip Baker Hall|James Tupper,Mark Waters,Sean Anders|John Morris
1729,The Forbidden Kingdom,Jackie Chan|Jet Li|Michael Angarano|Liu Yifei|Li Bingbing|Collin Chou|Morgan Benoit|Thomas McDonell|Jack Posobiec|Juana Collignon,Rob Minkoff,John Fusco
175574,Free Birds,Owen Wilson|Woody Harrelson|Amy Poehler|George Takei|Colm Meaney|Keith David|Dan Fogler|Lesley Nicol|Jimmy Hayward|Kaitlyn Maher,Jimmy Hayward,John J. Strauss|Jimmy Hayward|Scott Mosier|David I. Stern|Phil Langone
8077,Alien³,Sigourney Weaver|Charles S. Dutton|Charles Dance|Pete Postlethwaite|Ralph Brown|Paul McGann|Danny Webb|Lance Henriksen|Brian Glover|Tom Woodruff Jr.,David Fincher,Larry Ferguson|David Giler|Walter Hill
8818,Evita,Madonna|Antonio Banderas|Jonathan Pryce|Jimmy Nail|Victoria Sus|Julian Littman|Olga Merediz|Laura Pallas|Julia Worsley|María Luján Hidalgo,Alan Parker,Alan Parker|Tim Rice
8195,Ronin,Robert De Niro|Jean Reno|Natascha McElhone|Stellan Skarsgård|Sean Bean|Jonathan Pryce|Skipp Sudduth|Katarina Witt|Michael Lonsdale|Ron Perkins,John Frankenheimer,David Mamet|J.D. Zeik|Ted Boonthanakit
10586,The Ghost and the Darkness,Michael Douglas|Val Kilmer|Tom Wilkinson|John Kani|Emily Mortimer|Bernard Hill|Brian McCardie|Om Puri|Henry Cele|Kurt Egelhof,Stephen Hopkins,William Goldman|John Henry Patterson
116149,Paddington,Nicole Kidman|Peter Capaldi|Ben Whishaw|Michael Gambon|Imelda Staunton|Sally Hawkins|Julie Walters|Hugh Bonneville|Jim Broadbent|Matt Lucas,Paul King,Paul King|Michael Bond
80035,The Watch,Ben Stiller|Vince Vaughn|Jonah Hill|Richard Ayoade|Rosemarie DeWitt|Will Forte|Mel Rodriguez|Doug Jones|Erin Moriarty|Nicholas Braun,Akiva Schaffer,Seth Rogen|Evan Goldberg|Jared Stern
10632,The Hunted,Tommy Lee Jones|Benicio del Toro|Connie Nielsen|Leslie Stefanson|John Finn,William Friedkin,Art Monterastelli|David Griffiths|Peter Griffiths
12117,Instinct,Anthony Hopkins|Cuba Gooding Jr.|Donald Sutherland|Maura Tierney|George Dzundza|John Ashton|John Aylward|Doug Spinuzza|Thomas Q. Morris|Vivienne Sendaydiego,Jon Turteltaub,Gerald Di Pego
1792,Stuck on You,Matt Damon|Greg Kinnear|Eva Mendes|Wen Yann Shih|Seymour Cassel|Dane Cook|Cam Neely|Cher|Frankie Muniz|Daniel Greene,Bobby Farrelly|Peter Farrelly,Bobby Farrelly|Peter Farrelly
13260,Semi-Pro,Will Ferrell|Maura Tierney|Woody Harrelson|David Koechner|Will Arnett|André Benjamin|Andy Richter|Rob Corddry|Tim Meadows|Jackie Earle Haley,Kent Alterman,Scot Armstrong
72197,The Pirates! In an Adventure with Scientists!,Hugh Grant|Brendan Gleeson|Jeremy Piven|Brian Blessed|Salma Hayek|Imelda Staunton|David Tennant|Lenny Henry|Martin Freeman|Russell Tovey,Peter Lord|Jeff Newitt,Robert Stevenhagen|Paul Bolger|Mike Smith|Gideon Defoe|Kris Pearn|Matt Jones|Sharon Smith|Ashley Boddy|Jay Clarke|Andy Janes|Jean-Paul Vermeulen|Jean-Philippe Vine|David Vinicombe
3580,Changeling,Angelina Jolie|Jeffrey Donovan|John Malkovich|Geoff Pierson|Amy Ryan|Gattlin Griffith|Michelle Gunn|Frank Wood|Colm Feore|Michael Kelly,Clint Eastwood,J. Michael Straczynski
12123,Chain Reaction,Keanu Reeves|Morgan Freeman|Rachel Weisz|Fred Ward|Kevin Dunn|Brian Cox|Joanna Cassidy|Chelcie Ross|Nicholas Rudall|Tzi Ma,Andrew Davis,Josh Friedman|J. F. Lawton|Arne Schmidt|Rick Seaman|Michael Bortman
9566,The Fan,Robert De Niro|Wesley Snipes|Ellen Barkin|John Leguizamo|Benicio del Toro|Patti D'Arbanville|Chris Mulkey|Dan Butler|Kurt Fuller|Frank Medrano,Tony Scott,Phoef Sutton|Peter Abrahams
9833,The Phantom of the Opera,Gerard Butler|Emmy Rossum|Patrick Wilson|Miranda Richardson|Minnie Driver|Ciarán Hinds|Simon Callow|Victor McGuire|Jennifer Ellison,Joel Schumacher,Joel Schumacher|Gaston Leroux|Andrew Lloyd Webber
4517,Elizabeth: The Golden Age,Cate Blanchett|Clive Owen|Geoffrey Rush|Laurence Fox|Tom Hollander|Abbie Cornish|Rhys Ifans|Jordi Mollà|Samantha Morton|Eddie Redmayne,Shekhar Kapur,William Nicholson|Michael Hirst
8202,Æon Flux,Charlize Theron|Marton Csokas|Jonny Lee Miller|Sophie Okonedo|Frances McDormand|Pete Postlethwaite|Amelia Warner|Caroline Chikezie|Paterson Joseph|Nikolai Kinski,Karyn Kusama,Peter Chung|Phil Hay|Matt Manfredi
16072,Gods and Generals,Stephen Lang|Jeff Daniels|Robert Duvall|Kevin Conway|C. Thomas Howell|Jeremy London|Matt Letscher|Brian Mallon|Bo Brinkman|Bruce Boxleitner,Ronald F. Maxwell,Ronald F. Maxwell|Jeff Shaara
34314,Turbulence,Ray Liotta|Lauren Holly|Brendan Gleeson|Héctor Elizondo|Rachel Ticotin|Ben Cross|Catherine Hicks|Jeffrey DeMunn|John Finn|Heidi Kling,Robert Butler,Jonathan Brett
19724,Imagine That,Eddie Murphy|Thomas Haden Church|Yara Shahidi|Ronny Cox|Stephen Rannazzisi|Nicole Ari Parker|DeRay Davis|Martin Sheen|Timm Sharp|Daniel Polo,Karey Kirkpatrick,Ed Solomon|Chris Matheson
145220,Muppets Most Wanted,Ricky Gervais|Ty Burrell|Tina Fey|Steve Whitmire|Eric Jacobson|Dave Goelz|Bill Barretta|Matt Vogel|Peter Linz|Tom Hiddleston,James Bobin,Nicholas Stoller|James Bobin
14623,Thunderbirds,Brady Corbet|Soren Fulton|Debora Weston|Lou Hirsch|Alex Barringer|Demetri Goritsas|Genie Francis|Philip Winchester|Deobia Oparei|Bill Paxton,Jonathan Frakes,Michael McCullers|Peter Hewitt|William Osborne|Sylvia Anderson|Gerry Anderson
42297,Burlesque,Cher|Christina Aguilera|Eric Dane|Cam Gigandet|Julianne Hough|Alan Cumming|Peter Gallagher|Kristen Bell|Stanley Tucci|Dianna Agron,Steve Antin,Steve Antin
2841,A Very Long Engagement,Audrey Tautou|Gaspard Ulliel|Dominique Pinon|Chantal Neuwirth|André Dussollier|Ticky Holgado|Marion Cotillard|Dominique Bettenfeld|Jodie Foster|Jean-Pierre Darroussin,Jean-Pierre Jeunet,Jean-Pierre Jeunet|Guillaume Laurant
802,Lolita,James Mason|Sue Lyon|Shelley Winters|Peter Sellers|Lois Maxwell|John Harrison|Diana Decker|Jerry Stovin|Gary Cockrell|Bill Greene,Stanley Kubrick,Stanley Kubrick|James B. Harris|Vladimir Nabokov
10375,D-Tox,Sylvester Stallone|Courtney B. Vance|Tom Berenger|Charles S. Dutton|Jeffrey Wright|Kris Kristofferson|Stephen Lang|Robert Patrick|Sean Patrick Flanery|Dina Meyer,Jim Gillespie,Howard Swindle
36586,Blade II,Wesley Snipes|Kris Kristofferson|Ron Perlman|Leonor Varela|Norman Reedus|Thomas Kretschmann|Luke Goss|Matt Schulze|Danny John-Jules|Donnie Yen,Guillermo del Toro,David S. Goyer|Marv Wolfman|Gene Colan|Jason Brubaker
11321,Seven Pounds,Will Smith|Rosario Dawson|Sarah Jane Morris|Woody Harrelson|Michael Ealy|Connor Cruise|Barry Pepper|Elpidia Carrillo|Robinne Lee|Joe Nunez,Gabriele Muccino,Grant Nieporte
70074,Bullet to the Head,Sylvester Stallone|Sung Kang|Sarah Shahi|Adewale Akinnuoye-Agbaje|Jason Momoa|Christian Slater|Jon Seda|Holt McCallany|Brian Van Holt|Weronika Rosati,Walter Hill,Colin Wilson|Alessandro Camon|Alexis Nolent
242,The Godfather: Part III,Al Pacino|Diane Keaton|Andy García|Talia Shire|Sofia Coppola|Eli Wallach|Joe Mantegna|George Hamilton|Bridget Fonda|Raf Vallone,Francis Ford Coppola,Francis Ford Coppola|Mario Puzo
9621,Elizabethtown,Orlando Bloom|Kirsten Dunst|Susan Sarandon|Alec Baldwin|Bruce McGill|Judy Greer|Jessica Biel|Paul Schneider|Jed Rees|Paula Deen,Cameron Crowe,Cameron Crowe
1819,"You, Me and Dupree",Kate Hudson|Owen Wilson|Matt Dillon|Michael Douglas|Seth Rogen|Amanda Detmer|Ralph Ting|Todd Stashwick|Bill Hader|Lance Armstrong,Anthony Russo|Joe Russo,Michael LeSieur
8536,Superman II,Gene Hackman|Christopher Reeve|Ned Beatty|Jackie Cooper|Sarah Douglas|Margot Kidder|Jack O'Halloran|Valerie Perrine|Susannah York|Clifton James,Richard Lester,Mario Puzo|David Newman|Jerry Siegel|Joe Shuster|Leslie Newman
8046,Gigli,Ben Affleck|Jennifer Lopez|Justin Bartha|Lainie Kazan|Lenny Venito|Missy Crider|Al Pacino|Christopher Walken|Terry Camilleri|David Backus,Martin Brest,Martin Brest
1717,All the King's Men,Sean Penn|Jude Law|Kate Winslet|James Gandolfini|Patricia Clarkson|Mark Ruffalo|Anthony Hopkins|Kathy Baker|Jackie Earle Haley|Travis Champagne,Steven Zaillian,Steven Zaillian|Robert Penn Warren
479,Shaft,Samuel L. Jackson|Jeffrey Wright|Christian Bale|Busta Rhymes|Dan Hedaya|Toni Collette|Richard Roundtree|Pat Hingle|Philip Bosco|Vanessa Williams,John Singleton,Richard Price|Shane Salerno|John Singleton|Ernest Tidyman
9444,Anastasia,Meg Ryan|John Cusack|Christopher Lloyd|Angela Lansbury|Hank Azaria|Kelsey Grammer|Bernadette Peters|Kirsten Dunst|Andrea Martin|Glenn Walker Harris Jr.,Gary Goldman|Don Bluth,Susan Gauthier|Bob Tzudiker|Noni White|Bruce Graham|Eric Tuchman|Joe Orrantia
824,Moulin Rouge!,Nicole Kidman|Ewan McGregor|John Leguizamo|Jim Broadbent|Richard Roxburgh|Garry McDonald|Jacek Koman|Matthew Whittet|Kerry Walker|Caroline O'Connor,Baz Luhrmann,Baz Luhrmann|Craig Pearce
11456,Domestic Disturbance,John Travolta|Vince Vaughn|Teri Polo|Matt O'Leary|Steve Buscemi|James Lashly|Rebecca Tilney|Debra Mooney|Rodney Pike,Harold Becker,Lewis Colick
261023,Black Mass,Johnny Depp|Joel Edgerton|Benedict Cumberbatch|Dakota Johnson|Kevin Bacon|Peter Sarsgaard|Jesse Plemons|David Harbour|Adam Scott|Corey Stoll,Scott Cooper,Jez Butterworth|Mark Mallouk|Gerard O'Neill|Dick Lehr
3683,Flags of Our Fathers,Ryan Phillippe|Adam Beach|Jesse Bradford|John Benjamin Hickey|John Slattery|Barry Pepper|Jamie Bell|Paul Walker|Robert Patrick|Neal McDonough,Clint Eastwood,William Broyles Jr.|Paul Haggis
22803,Law Abiding Citizen,Jamie Foxx|Gerard Butler|Colm Meaney|Bruce McGill|Leslie Bibb|Michael Irby|Gregory Itzin|Regina Hall|Emerald-Angel Young|Christian Stolte,F. Gary Gray,Kurt Wimmer
285923,Grindhouse,Kurt Russell|Zoë Bell|Rosario Dawson|Vanessa Ferlito|Sydney Tamiia Poitier|Tracie Thoms|Rose McGowan|Jordan Ladd|Mary Elizabeth Winstead|Quentin Tarantino,Robert Rodriguez|Quentin Tarantino|Edgar Wright|Eli Roth|Rob Zombie|Jason Eisener,Robert Rodriguez|Quentin Tarantino|Edgar Wright|Eli Roth|Rob Zombie|Jason Eisener|Rob Cotterill|John Davies|Jeff Rendell
39437,Beloved,Oprah Winfrey|Danny Glover|Thandie Newton|Lisa Gay Hamilton|Albert Hall|Irma P. Hall|Kimberly Elise|Beah Richards|Vertamae Grosvenor,Jonathan Demme,Richard LaGravenese|Adam Brooks|Akosua Busia|Toni Morrison
1950,Lucky You,Eric Bana|Drew Barrymore|Robert Duvall|Debra Messing|Robert Downey Jr.|Phyllis Somerville|Horatio Sanz|Michael Shannon,Curtis Hanson,Eric Roth|Curtis Hanson
640,Catch Me If You Can,Leonardo DiCaprio|Tom Hanks|Christopher Walken|Martin Sheen|Nathalie Baye|Amy Adams|James Brolin|Brian Howe|Frank John Hughes|Steve Eastin,Steven Spielberg,Jeff Nathanson|Frank Abagnale Jr.|Stan Redding
97630,Zero Dark Thirty,Jessica Chastain|Jason Clarke|Mark Strong|Joel Edgerton|Chris Pratt|Kyle Chandler|Edgar Ramírez|Mark Duplass|Scott Adkins|Jennifer Ehle,Kathryn Bigelow,Mark Boal
9767,The Break-Up,Vince Vaughn|Jennifer Aniston|Joey Lauren Adams|Cole Hauser|Jon Favreau|Jason Bateman|Judy Davis|Justin Long|Ivan Sergei|John Michael Higgins,Peyton Reed,Vince Vaughn|Jeremy Garelick|Jay Lavender
11631,Mamma Mia!,Meryl Streep|Pierce Brosnan|Amanda Seyfried|Colin Firth|Stellan Skarsgård|Julie Walters|Christine Baranski|Dominic Cooper|Ashley Lilley|Rachel McDowall,Phyllida Lloyd,Catherine Johnson
32856,Valentine's Day,Jessica Alba|Jessica Biel|Bradley Cooper|Eric Dane|Patrick Dempsey|Héctor Elizondo|Jamie Foxx|Jennifer Garner|Topher Grace|Anne Hathaway,Garry Marshall,Katherine Fugate|Abby Kohn|Marc Silverstein
6519,The Dukes of Hazzard,Johnny Knoxville|Seann William Scott|Jessica Simpson|Willie Nelson|Burt Reynolds|M.C. Gainey|James Roday|David Koechner|Michael Weston|Nikki Griffin,Jay Chandrasekhar,John O'Brien|Gy Waldron|Jonathan L. Davis
8741,The Thin Red Line,Sean Penn|Adrien Brody|Jim Caviezel|Ben Chaplin|George Clooney|John Cusack|Woody Harrelson|Elias Koteas|Nick Nolte|John C. Reilly,Terrence Malick,Terrence Malick|James Jones
49520,The Change-Up,Olivia Wilde|Ryan Reynolds|Jason Bateman|Leslie Mann|Mircea Monroe|Alan Arkin|TJ Hassan|Gregory Itzin|Ned Schmidtke|Ming Lo,David Dobkin,Jon Lucas|Scott Moore
1850,Man on the Moon,Jim Carrey|Courtney Love|Bob Zmuda|Danny DeVito|Gerry Becker|Leslie Lyles|Greyson Erik Pendry|George Shapiro|Vincent Schiavelli|Paul Giamatti,Miloš Forman,Scott Alexander|Larry Karaszewski
524,Casino,Robert De Niro|Sharon Stone|Joe Pesci|James Woods|Don Rickles|Alan King|Kevin Pollak|Pasquale Cajano|L.Q. Jones|Dick Smothers,Martin Scorsese,Martin Scorsese|Nicholas Pileggi
26389,From Paris with Love,John Travolta|Jonathan Rhys Meyers|Kasia Smutniak|Richard Durden|Bing Yin|Amber Rose Revah|Eric Godon|François Bredon|Chems Dahmani|Sami Darr,Pierre Morel,Luc Besson|Adi Hasak|Eric Gandois
11817,Bulletproof Monk,Seann William Scott|Jaime King|Karel Roden|Chow Yun-fat|K. C. Collins|Victoria Smurfit|Marcus Jean Pirae|Mako|Roger Yuan|Sean Bell,Paul Hunter,Ethan Reiff|Cyrus Voris
2123,"Me, Myself & Irene",Jim Carrey|Renée Zellweger|Anthony Anderson|Robert Forster|Richard Jenkins|Zen Gesner|Mongo Brownlee|Jerod Mixon|Chris Cooper|Cam Neely,Bobby Farrelly|Peter Farrelly,Bobby Farrelly|Peter Farrelly|Mike Cerrone
9907,Barnyard,Courteney Cox|Kevin James|Sam Elliott|Danny Glover|Wanda Sykes|David Koechner|Andie MacDowell|Jeffrey Garcia|S. Scott Bullock|John DiMaggio,Steve Oedekerk,Steve Oedekerk
9969,Deck the Halls,Danny DeVito|Matthew Broderick|Kristin Davis|Kristin Chenoweth|Fred Armisen|Dylan Blue|Kelly Aldridge|Alia Shawkat|Sean O'Bryan|Sabrina Aldridge,John Whitesell,Don Rhymer|Chris Ord|Matt Corman
18239,The Twilight Saga: New Moon,Kristen Stewart|Robert Pattinson|Taylor Lautner|Billy Burke|Ashley Greene|Jackson Rathbone|Peter Facinelli|Elizabeth Reaser|Kellan Lutz|Nikki Reed,Chris Weitz,Melissa Rosenberg|Stephenie Meyer
808,Shrek,Mike Myers|Eddie Murphy|Cameron Diaz|John Lithgow|Vincent Cassel|Peter Dennis|Clive Pearse|Jim Cummings|Bobby Block|Chris Miller,Andrew Adamson|Vicky Jenson,Ted Elliott|Terry Rossio|William Steig|Roger S.H. Schulman|Joe Stillman|Hank Mayo
38050,The Adjustment Bureau,Matt Damon|Emily Blunt|John Slattery|Anthony Mackie|Lauren Hodges|Shane McRae|Terence Stamp|Michael Kelly|Lisa Thoreson|Florence Kastriner,George Nolfi,Philip K. Dick|George Nolfi
8367,Robin Hood: Prince of Thieves,Kevin Costner|Morgan Freeman|Christian Slater|Mary Elizabeth Mastrantonio|Alan Rickman|Geraldine McEwan|Michael McShane|Brian Blessed|Michael Wincott|Nick Brimble,Kevin Reynolds,Pen Densham|John Watson
9390,Jerry Maguire,Tom Cruise|Cuba Gooding Jr.|Renée Zellweger|Kelly Preston|Alison Armitage|Jonathan Lipnicki|Jerry O'Connell|Jay Mohr|Bonnie Hunt|Regina King,Cameron Crowe,Cameron Crowe
72105,Ted,Mark Wahlberg|Mila Kunis|Seth MacFarlane|Joel McHale|Giovanni Ribisi|Patrick Warburton|Matt Walsh|Jessica Barth|Aedin Mincks|Bill Smitrovich,Seth MacFarlane,Seth MacFarlane|Alec Sulkin|Wellesley Wild
2898,As Good as It Gets,Jack Nicholson|Helen Hunt|Greg Kinnear|Cuba Gooding Jr.|Skeet Ulrich|Shirley Knight|Yeardley Smith|Lupe Ontiveros|Lawrence Kasdan|Harold Ramis,James L. Brooks,James L. Brooks|Mark Andrus
10312,Patch Adams,Robin Williams|Philip Seymour Hoffman|Bob Gunton|Peter Coyote|Michael Jeter|Monica Potter|Harve Presnell|Daniel London|Josef Sommer|Irma P. Hall,Tom Shadyac,Steve Oedekerk|Patch Adams
109443,Anchorman 2: The Legend Continues,Will Ferrell|Steve Carell|Paul Rudd|Christina Applegate|David Koechner|James Marsden|Kristen Wiig|Meagan Good|Dylan Baker|Tina Fey,Adam McKay,Will Ferrell|Adam McKay
2022,Mr. Deeds,Adam Sandler|Winona Ryder|John Turturro|Allen Covert|Peter Gallagher|Erick Avari|Jared Harris|Steve Buscemi|Conchata Ferrell|Peter Dante,Steven Brill,Tim Herlihy
37686,Super 8,Joel Courtney|Elle Fanning|Riley Griffiths|Kyle Chandler|Ryan Lee|Ron Eldard|Gabriel Basso|Bruce Greenwood|Noah Emmerich|AJ Michalka,J.J. Abrams,J.J. Abrams
462,Erin Brockovich,Julia Roberts|Albert Finney|Aaron Eckhart|Marg Helgenberger|Cherry Jones|Veanne Cox|Conchata Ferrell|Tracey Walter|Peter Coyote|Erin Brockovich,Steven Soderbergh,Susannah Grant
9919,How to Lose a Guy in 10 Days,Kate Hudson|Matthew McConaughey|Kathryn Hahn|Annie Parisse|Adam Goldberg|Thomas Lennon|Michael Michele|Shalom Harlow|Robert Klein|Bebe Neuwirth,Donald Petrie,Burr Steers|Kristen Buckley|Brian Regan
187017,22 Jump Street,Jonah Hill|Channing Tatum|Dave Franco|Ice Cube|Nick Offerman|Peter Stormare|Rob Riggle|Wyatt Russell|Richard Grieco|Amber Stevens,Phil Lord|Christopher Miller,Jonah Hill|Michael Bacall|Rodney Rothman|Oren Uziel
628,Interview with the Vampire,Brad Pitt|Tom Cruise|Kirsten Dunst|Antonio Banderas|Christian Slater|Stephen Rea|Thandie Newton|Domiziana Giordano|Sara Stockbridge|Indra Ové,Neil Jordan,Anne Rice
10201,Yes Man,Jim Carrey|Zooey Deschanel|Rhys Darby|Sasha Alexander|Fionnula Flanagan|Luis Guzmán|Danny Masterson|Molly Sims|Bradley Cooper|John Michael Higgins,Peyton Reed,Nicholas Stoller|Jarrad Paul|Danny Wallace|Andrew Mogel
302699,Central Intelligence,Dwayne Johnson|Kevin Hart|Amy Ryan|Aaron Paul|Danielle Nicolet|Ryan Hansen|Timothy John Smith|Megan Park|Thomas Kretschmann|Jason Bateman,Rawson Marshall Thurber,Peter Steinfeld|Rawson Marshall Thurber|Ike Barinholtz|David Stassen
9441,Stepmom,Julia Roberts|Susan Sarandon|Ed Harris|Jena Malone|Liam Aiken|Jason Maves|Naama Kates|Andre B. Blake|Mary Louise Wilson|Mak Gilchrist,Chris Columbus,Gigi Levangie Grazer
274167,Daddy's Home,Will Ferrell|Mark Wahlberg|Linda Cardellini|Thomas Haden Church|Scarlett Estevez|Owen Vaccaro|Bobby Cannavale|Hannibal Buress|John Cena|Alessandra Ambrosio,Sean Anders,Adam McKay|Chris Henchy|Brian Burns
224141,Into the Woods,Meryl Streep|Emily Blunt|James Corden|Anna Kendrick|Chris Pine|Tracey Ullman|Christine Baranski|Johnny Depp|Lilla Crawford|Daniel Huttlestone,Rob Marshall,Stephen Sondheim|James Lapine|Nick Pelham
388,Inside Man,Denzel Washington|Clive Owen|Jodie Foster|Christopher Plummer|Willem Dafoe|Chiwetel Ejiofor|Kim Director|James Ransone|Carlos Andrés Gómez|Bernie Rachelle,Spike Lee,Russell Gewirtz
2112,Payback,Mel Gibson|Kris Kristofferson|Gregg Henry|Maria Bello|David Paymer|Bill Duke|Deborah Kara Unger|John Glover|William Devane|Lucy Liu,Brian Helgeland,Brian Helgeland|Terry Hayes|Donald E. Westlake
10329,Congo,Laura Linney|Dylan Walsh|Ernie Hudson|Tim Curry|Grant Heslov|Joe Don Baker|Lorene Noh|Mary Ellen Trainor|Misty Rosas|Stuart Pankin,Frank Marshall,Michael Crichton|John Patrick Shanley
74465,We Bought a Zoo,Matt Damon|Scarlett Johansson|Thomas Haden Church|Colin Ford|Maggie Elizabeth Jones|Angus Macfadyen|Elle Fanning|Patrick Fugit|John Michael Higgins|Stephanie Szostak,Cameron Crowe,Aline Brosh McKenna|Cameron Crowe
13811,Knowing,Nicolas Cage|Rose Byrne|Chandler Canterbury|Ben Mendelsohn|Nadia Townsend|D.G. Maloney|Lara Robinson|Alan Hopgood|Adrienne Pickering|Joshua Long,Alex Proyas,Ryne Douglas Pearson|Juliet Snowden|Stiles White
6877,Failure to Launch,Matthew McConaughey|Sarah Jessica Parker|Zooey Deschanel|Justin Bartha|Bradley Cooper|Terry Bradshaw|Kathy Bates|Tyrel Jackson Williams|Katheryn Winnick|Patton Oswalt,Tom Dey,Tom J. Astle|Matt Ember
10320,The Ring Two,Naomi Watts|Simon Baker|Elizabeth Perkins|David Dorfman|Gary Cole|Sissy Spacek|Ryan Merriman|Emily VanCamp|Kelly Overton|James Lesure,Hideo Nakata,Ehren Kruger|Kôji Suzuki|Michael Anthony Jackson
50646,"Crazy, Stupid, Love.",Steve Carell|Julianne Moore|Ryan Gosling|Emma Stone|Marisa Tomei|Kevin Bacon|Analeigh Tipton|Jonah Bobo|Joey King|Beth Littleford,Glenn Ficarra|John Requa,Dan Fogelman
8920,Garfield,Bill Murray|Breckin Meyer|Jennifer Love Hewitt|Stephen Tobolowsky|Evan Arnold|Mark Christopher Lawrence|Vanessa Christelle|Daamen J. Krall|Eve Brent|Bill Hoag,Peter Hewitt,Joel Cohen|Alec Sokolow|Jim Davis
13673,Christmas with the Kranks,Tim Allen|Jamie Lee Curtis|Dan Aykroyd|M. Emmet Walsh|Elizabeth Franz|Erik Per Sullivan|Cheech Marin|Jake Busey|Austin Pendleton|Tom Poston,Joe Roth,Chris Columbus|John Grisham
60308,Moneyball,Brad Pitt|Jonah Hill|Philip Seymour Hoffman|Robin Wright|Chris Pratt|Stephen Bishop|Brent Jennings|Ken Medlock|Tammy Blanchard|Jack McGee,Bennett Miller,Steven Zaillian|Aaron Sorkin|Michael Lewis|Stan Chervin
6950,Outbreak,Dustin Hoffman|Rene Russo|Morgan Freeman|Kevin Spacey|Cuba Gooding Jr.|Donald Sutherland|Patrick Dempsey|Benito Martinez|Malick Bowens|Zakes Mokae,Wolfgang Petersen,Robert Roy Pool|Laurence Dworet
225574,Non-Stop,Liam Neeson|Julianne Moore|Scoot McNairy|Michelle Dockery|Nate Parker|Corey Stoll|Lupita Nyong'o|Jason Butler Harner|Linus Roache|Shea Whigham,Jaume Collet-Serra,John W. Richardson|Christopher Roach|Ryan Engle
13836,Race to Witch Mountain,Dwayne Johnson|AnnaSophia Robb|Alexander Ludwig|Carla Gugino|Chris Marquette|Kim Richards|Meredith Salenger|Ciarán Hinds|Tom Everett Scott|Billy Brown,Andy Fickman,Mark Bomback|Matt Lopez|Alexander Key
752,V for Vendetta,Natalie Portman|Hugo Weaving|Stephen Rea|Stephen Fry|John Hurt|Tim Pigott-Smith|Natasha Wightman|Rupert Graves|Roger Allam|Ben Miles,James McTeigue,Lilly Wachowski|Lana Wachowski|David Lloyd
6038,Shanghai Knights,Jackie Chan|Owen Wilson|Fann Wong|Aaron Taylor-Johnson|Aidan Gillen|Donnie Yen|Alison King|Constantine Gregory|Anna-Louise Plowman|Georgina Chapman,David Dobkin,Miles Millar|Alfred Gough
9975,Curious George,Will Ferrell|Drew Barrymore|David Cross|Eugene Levy|Dick Van Dyke|Frank Welker|Joan Plowright|Ed O'Ross|Kath Soucie|Billy West,Matthew O'Callaghan,Mike Werb|Ken Kaufman|Margret Rey|H. A. Rey|Kurt Anderson|Caroline Cruikshank|Bill Thyen|Frans Vischer|Barry Caldwell|Peter Paul Bautista
11451,Herbie Fully Loaded,Lindsay Lohan|Michael Keaton|Matt Dillon|Breckin Meyer|Justin Long|Cheryl Hines|Jimmi Simpson|Scoot McNairy|Thomas Lennon|Jill Ritchie,Angela Robinson,Thomas Lennon|Miles Millar|Alfred Gough|Mark Perez|Ben Garant|Gordon Buford|David Cooney
12103,Don't Say a Word,Michael Douglas|Sean Bean|Brittany Murphy|Skye McCole Bartusiak|Guy Torry|Jennifer Esposito|Shawn Doyle|Victor Argo|Conrad Goode|Paul Schulze,Gary Fleder,Patrick Smith Kelly|Andrew Klavan|Anthony Peckham|Paul Berta
60304,Hansel & Gretel: Witch Hunters,Jeremy Renner|Gemma Arterton|Famke Janssen|Pihla Viitala|Derek Mears|Peter Stormare|Thomas Mann|Ingrid Bolsø Berdal|Zoë Bell|Joanna Kulig,Tommy Wirkola,Tommy Wirkola|Dante Harper
2251,Unfaithful,Richard Gere|Diane Lane|Olivier Martinez|Erik Per Sullivan|Zeljko Ivanek|Dominic Chianese|Kate Burton|Chad Lowe|Gary Basaraba|Myra Lucretia Taylor,Adrian Lyne,William Broyles Jr.|Alvin Sargent
46529,I Am Number Four,Alex Pettyfer|Timothy Olyphant|Teresa Palmer|Dianna Agron|Callan McAuliffe|Jake Abel|Kevin Durand|Garrett M. Brown|Patrick Sebes|Emily Wickersham,D.J. Caruso,Miles Millar|Alfred Gough|Marti Noxon|Jobie Hughes|James Frey
231,Syriana,George Clooney|Matt Damon|Jeffrey Wright|Chris Cooper|Amanda Peet|William Hurt|Christopher Plummer|Alexander Siddig|Kayvan Novak|Amr Waked,Stephen Gaghan,Stephen Gaghan|Robert Baer
300671,13 Hours: The Secret Soldiers of Benghazi,James Badge Dale|John Krasinski|Max Martini|Pablo Schreiber|Toby Stephens|Dominic Fumusa|Matt Letscher|David Denman|Alexia Barlier|Freddie Stroma,Michael Bay,Chuck Hogan|Mitchell Zuckoff
228326,The Book of Life,Diego Luna|Channing Tatum|Zoe Saldana|Christina Applegate|Eugenio Derbez|Cheech Marin|Gabriel Iglesias|Ron Perlman|Kate del Castillo|Ana de la Reguera,Jorge R. Gutierrez,Doug Langdale|Jorge R. Gutierrez
9754,Firewall,Harrison Ford|Paul Bettany|Virginia Madsen|Carly Schroeder|Jimmy Bennett|Mary Lynn Rajskub|Robert Patrick|Robert Forster|Alan Arkin|Matthew Currie Holmes,Richard Loncraine,Joe Forte
66,Absolute Power,Clint Eastwood|Gene Hackman|Ed Harris|Scott Glenn|Laura Linney|Judy Davis|Dennis Haysbert|Alison Eastwood|Melora Hardin|E.G. Marshall,Clint Eastwood,William Goldman|David Baldacci
4421,G.I. Jane,Demi Moore|Viggo Mortensen|Anne Bancroft|Jason Beghe|Daniel von Bargen|John Michael Higgins|Kevin Gage|David Warshofsky|David Vadim|Morris Chestnut,Ridley Scott,David Twohy|Danielle Alexandra
2649,The Game,Michael Douglas|Sean Penn|Deborah Kara Unger|James Rebhorn|Spike Jonze|Anna Katarina|Armin Mueller-Stahl|Carroll Baker|Scott Hunter McGuire|Elizabeth Dennehy,David Fincher,John D. Brancato|Michael Ferris
588,Silent Hill,Radha Mitchell|Sean Bean|Laurie Holden|Deborah Kara Unger|Kim Coates|Tanya Allen|Alice Krige|Jodelle Ferland|Colleen Williams|Ron Gabriel,Christophe Gans,Roger Avary
10393,The Replacements,Keanu Reeves|Gene Hackman|Brooke Langton|Orlando Jones|Faizon Love|Jon Favreau|Rhys Ifans|Ace Yonamine|Troy Winbush|David Denman,Howard Deutch,Vince McKewin
71552,American Reunion,Jason Biggs|Alyson Hannigan|Seann William Scott|Chris Klein|Thomas Ian Nicholas|Tara Reid|Mena Suvari|Eddie Kaye Thomas|John Cho|Jennifer Coolidge,Jon Hurwitz|Hayden Schlossberg,Adam Herz
9631,The Negotiator,Samuel L. Jackson|Kevin Spacey|David Morse|Ron Rifkin|John Spencer|J. T. Walsh|Siobhan Fallon|Paul Giamatti|Regina Taylor|Bruce Beatty,F. Gary Gray,James DeMonaco|Kevin Fox
216282,Into the Storm,Richard Armitage|Sarah Wayne Callies|Matt Walsh|Nathan Kress|Alycia Debnam-Carey|Jeremy Sumpter|Kyle Davis|Brandon Ruiter|Max Deacon|Arlen Escarpeta,Steven Quale,John Swetnam
306,Beverly Hills Cop III,Eddie Murphy|Judge Reinhold|Héctor Elizondo|Gilbert R. Hill|Timothy Carhart|Bronson Pinchot|Stephen McHattie|Theresa Randle|John Saxon|Jon Tenney,John Landis,"Danilo Bach|Daniel Petrie, Jr.|Steven E. de Souza"
928,Gremlins 2: The New Batch,Zach Galligan|Phoebe Cates|John Glover|Robert Prosky|Robert Picardo|Christopher Lee|Haviland Morris|Jackie Joseph|Gedde Watanabe|Keye Luke,Joe Dante,Chris Columbus
205587,The Judge,Robert Duvall|Robert Downey Jr.|Vera Farmiga|Vincent D'Onofrio|Jeremy Strong|Billy Bob Thornton|Sarah Lancaster|David Krumholtz|Emma Tremblay|Ken Howard,David Dobkin,David Dobkin|Nick Schenk|Bill Dubuque
6623,The Peacemaker,George Clooney|Nicole Kidman|Marcel Iureș|Goran Visnjic|Armin Mueller-Stahl|Tamara Tunie|Aleksandr Baluev|Rene Medvešek|Gary Werntz|Randall Batinkoff,Mimi Leder,Michael Schiffer|David Lowery
1577,Resident Evil: Apocalypse,Milla Jovovich|Sienna Guillory|Oded Fehr|Thomas Kretschmann|Sophie Vavasseur|Razaaq Adoti|Jared Harris|Mike Epps|Sandrine Holt|Matthew G. Taylor,Alexander Witt,Paul W.S. Anderson|Rob McCallum
9801,Bridget Jones: The Edge of Reason,Renée Zellweger|Hugh Grant|Colin Firth|Jim Broadbent|Gemma Jones|Celia Imrie|James Faulkner|Jacinda Barrett|Sally Phillips|Shirley Henderson,Beeban Kidron,Adam Brooks|Richard Curtis|Helen Fielding|Andrew Davies|Tony Chance
2116,Out of Time,Denzel Washington|Eva Mendes|Sanaa Lathan|John Billingsley|Dean Cain|Alex Carter|Antoni Corone|Robert Baker|Ron Madoff|Terry Loughlin,Carl Franklin,David Collard|David J. Negron
9624,On Deadly Ground,Steven Seagal|Michael Caine|Joan Chen|John C. McGinley|R. Lee Ermey|Shari Shattuck|Billy Bob Thornton|Richard Hamilton|Mike Starr|Irvin Kershner,Steven Seagal,Ed Horowitz|Robin U. Russin
14199,The Adventures of Sharkboy and Lavagirl,Taylor Lautner|Taylor Dooley|Cayden Boyd|David Arquette|Kristin Davis|Jacob Davich|Sasha Pieterse|George Lopez,Robert Rodriguez,Robert Rodriguez|Marcel Rodriguez
1907,The Beach,Leonardo DiCaprio|Guillaume Canet|Tilda Swinton|Virginie Ledoyen|Staffan Kihlbom|Paterson Joseph|Peter Youngblood Hills|Robert Carlyle|Jerry Swindall|Lars Arentz-Hansen,Danny Boyle,Alex Garland|John Hodge
4599,Raising Helen,Kate Hudson|John Corbett|Joan Cusack|Hayden Panettiere|Spencer Breslin|Abigail Breslin|Helen Mirren|Felicity Huffman|Kevin Kilner|Sakina Jaffrey,Garry Marshall,Jack Amiel|Michael Begler|Patrick J. Clifton|Beth Rigazio
22832,Ninja Assassin,Rain|Naomie Harris|Sung Kang|Randall Duk Kim|Rick Yune|Yuki Iwamoto|Sho Kosugi|Ben Miles|Linh Đan Phạm|Lee Joon,James McTeigue,J. Michael Straczynski|Matthew Sand
10390,For Love of the Game,Kevin Costner|Kelly Preston|John C. Reilly|Jena Malone|J.K. Simmons|Brian Cox|David Mucci,Sam Raimi,Dana Stevens|Michael Shaara
9879,Striptease,Demi Moore|Burt Reynolds|Armand Assante|Ving Rhames|Robert Patrick|Paul Guilfoyle|Rumer Willis|Jerry Grayson|Robert Stanton|Stuart Pankin,Andrew Bergman,Andrew Bergman|Carl Hiaasen
38579,Marmaduke,Owen Wilson|Emma Stone|George Lopez|Christopher Mintz-Plasse|Steve Coogan|Fergie|Kiefer Sutherland|Damon Wayans Jr.|Marlon Wayans|Sam Elliott,Tom Dey,Tim Rasmussen|Vince Di Meglio
44603,Hereafter,Matt Damon|Bryce Dallas Howard|George McLaren|Thierry Neuvic|Cyndi Mayo Davis|Lisa Griffiths|Jessica Griffiths|Ferguson Reid|Derek Sakakura|Charlie Creed-Miles,Clint Eastwood,Peter Morgan
11892,Murder by Numbers,Sandra Bullock|Ben Chaplin|Ryan Gosling|Michael Pitt|Agnes Bruckner|Chris Penn|R. D. Call|Tom Verica|Janni Brenn|John Vickery,Barbet Schroeder,Tony Gayton
9691,Assassins,Sylvester Stallone|Antonio Banderas|Julianne Moore|Anatoli Davydov|Muse Watson|Steve Kahan|Kelly Rowan|Reed Diamond|Kai Wulff|Kerry Skalsky,Richard Donner,Brian Helgeland|Lilly Wachowski|Lana Wachowski
1248,Hannibal Rising,Gaspard Ulliel|Aaran Thomas|Gong Li|Dominic West|Rhys Ifans|Richard Brake|Kevin McKidd|Stephen Walters|Ivan Marevich|Helena-Lia Tachovská,Peter Webber,Thomas Harris
12220,The Story of Us,Bruce Willis|Michelle Pfeiffer|Rob Reiner|Colleen Rennison|Jake Sandvig|Casey Boersma|Julie Hagerty|Rita Wilson|Paul Reiser|Red Buttons,Rob Reiner,Jessie Nelson|Alan Zweibel
72710,The Host,Saoirse Ronan|Diane Kruger|Jake Abel|William Hurt|Frances Fisher|Max Irons|Chandler Canterbury|Boyd Holbrook|Stephen Rider|Emily Browning,Andrew Niccol,Andrew Niccol|Stephenie Meyer
10782,Basic,John Travolta|Connie Nielsen|Samuel L. Jackson|Giovanni Ribisi|Tim Daly|Brian Van Holt|Roselyn Sánchez|Cristián de la Fuente|Taye Diggs|Dash Mihok,John McTiernan,James Vanderbilt
9573,Blood Work,Clint Eastwood|Jeff Daniels|Anjelica Huston|Wanda De Jesus|Tina Lifford|Paul Rodríguez|Dylan Walsh|Mason Lucero|Gerry Becker|Rick Hoffman,Clint Eastwood,Brian Helgeland|Michael Connelly
4959,The International,Clive Owen|Naomi Watts|Armin Mueller-Stahl|Ulrich Thomsen|Brían F. O'Byrne|Michel Voletti|Patrick Baladi|Jay Villiers|James Rebhorn|Jack McGee,Tom Tykwer,Eric Singer
10061,Escape from L.A.,Kurt Russell|Stacy Keach|Steve Buscemi|Pam Grier|Cliff Robertson|Georges Corraface|Michelle Forbes|Valeria Golino|A. J. Langer|Peter Fonda,John Carpenter,Debra Hill|Kurt Russell|John Carpenter|Nick Castle
10386,The Iron Giant,Eli Marienthal|Jennifer Aniston|Vin Diesel|Christopher McDonald|Harry Connick Jr.|John Mahoney|Cloris Leachman|James Gammon|M. Emmet Walsh|Jack Angel,Brad Bird,Steve Lumley|Brad Bird|Fergal Reilly|Ted Hughes|Tim McCanlies|Piet Kroon|Kevin O'Brien|Viki Anderson|Steve Markowski|Dean Wellins
421,The Life Aquatic with Steve Zissou,Bill Murray|Anjelica Huston|Cate Blanchett|Willem Dafoe|Owen Wilson|Jeff Goldblum|Michael Gambon|Noah Taylor|Bud Cort|Seu Jorge,Wes Anderson,Wes Anderson|Noah Baumbach
316152,Free State of Jones,Matthew McConaughey|Gugu Mbatha-Raw|Mahershala Ali|Keri Russell|Jacob Lofland|Sean Bridgers|Brad Carter|Jane McNeill|Gary Grubbs|Christopher Berry,Gary Ross,Gary Ross|Leonard Hartman
11615,The Life of David Gale,Kevin Spacey|Kate Winslet|Laura Linney|Gabriel Mann|Rhona Mitra|Matt Craven|Melissa McCarthy|Cleo King|Lee Ritchey|Brandy Little,Alan Parker,Charles Randolph
13498,Man of the House,Tommy Lee Jones|Cedric the Entertainer|Christina Milian|Paula Garcés|Monica Keena|Vanessa Ferlito|Kelli Garner|Anne Archer|Brian Van Holt|Shea Whigham,Stephen Herek,Scott Lobdell|John J. McLaughlin
241554,Run All Night,Liam Neeson|Ed Harris|Joel Kinnaman|Boyd Holbrook|Bruce McGill|Génesis Rodríguez|Vincent D'Onofrio|Lois Smith|Common|Beau Knapp,Jaume Collet-Serra,Brad Ingelsby
2252,Eastern Promises,Naomi Watts|Viggo Mortensen|Vincent Cassel|Armin Mueller-Stahl|Sinéad Cusack|Donald Sumpter|Jerzy Skolimowski|Josef Altin|Mina E. Mina|Aleksander Mikic,David Cronenberg,Steven Knight
11968,Into the Blue,Paul Walker|Jessica Alba|Scott Caan|Ashley Scott|Josh Brolin|Chris Taloa|James Frain|Dwayne Adway|Tyson Beckford,John Stockwell,Matt Johnson
10047,The Messenger: The Story of Joan of Arc,Milla Jovovich|Dustin Hoffman|Faye Dunaway|John Malkovich|Vincent Cassel|Tchéky Karyo|Rab Affleck|Stéphane Algoud|Edwin Apps|David Bailie,Luc Besson,Luc Besson|Andrew Birkin
38319,Your Highness,Danny McBride|James Franco|Natalie Portman|Zooey Deschanel|Justin Theroux|Toby Jones|Damian Lewis|Rasmus Hardiker|Simon Farnaby|Deobia Oparei,David Gordon Green,Ben Best|Danny McBride
69668,Dream House,Daniel Craig|Naomi Watts|Rachel Weisz|Marton Csokas|Elias Koteas|Taylor Geare|Claire Geare|Rachel G. Fox|Jane Alexander|Brian Murray,Jim Sheridan,David Loucka
9770,Mad City,John Travolta|Dustin Hoffman|Mia Kirshner|Alan Alda|Robert Prosky|Blythe Danner|William Atherton|Ted Levine|Milton Davis Jr.|Bill Nunn,Costa-Gavras,Tom Matthews|Eric Williams
11212,Baby's Day Out,Joe Mantegna|Lara Flynn Boyle|Joe Pantoliano|Brian Haley|Cynthia Nixon|John Neville|William Holmes|Anna Levine,Patrick Read Johnson,John Hughes
10533,The Scarlet Letter,Demi Moore|Gary Oldman|Robert Duvall|Robert Prosky|Edward Hardwicke|Joan Plowright|Roy Dotrice|Larissa Laskin|Amy Wright|Dana Ivey,Roland Joffé,Douglas Day Stewart|Nathaniel Hawthorne
38363,Fair Game,Naomi Watts|Sean Penn|Ty Burrell|Brooke Smith|Bruce McGill|Anand Tiwari|Jessica Hecht|Norbert Leo Butz|Rebecca Rigg|Tom McCarthy,Doug Liman,Jez Butterworth|John-Henry Butterworth
9923,Domino,Keira Knightley|Mickey Rourke|Edgar Ramírez|Delroy Lindo|Mo'Nique|Riz Abbasi|Brian Austin Green|Macy Gray|Shondrella Avery|Ian Ziering,Tony Scott,Richard Kelly|Steve Barancik
11863,Jade,David Caruso|Linda Fiorentino|Chazz Palminteri|Michael Biehn|Richard Crenna|Angie Everhart|Donna Murphy|Holt McCallany|David Hunt|Kevin Tighe,William Friedkin,Joe Eszterhas
18501,Gamer,Gerard Butler|Michael C. Hall|Logan Lerman|Amber Valletta|Terry Crews|Kyra Sedgwick|Ludacris|Alison Lohman|Milo Ventimiglia|Aaron Yoo,Brian Taylor|Mark Neveldine,Brian Taylor|Mark Neveldine
109491,Beautiful Creatures,Alden Ehrenreich|Alice Englert|Jeremy Irons|Viola Davis|Emmy Rossum|Thomas Mann|Emma Thompson|Eileen Atkins|Margo Martindale|Zoey Deutch,Richard LaGravenese,Richard LaGravenese|Kami Garcia|Margaret Stohl
9275,Death to Smoochy,Robin Williams|Catherine Keener|Edward Norton|Danny DeVito|Jon Stewart|Pam Ferris|Danny Woodburn|Michael Rispoli|Harvey Fierstein|Vincent Schiavelli,Danny DeVito,Adam Resnick
329833,Zoolander 2,Ben Stiller|Owen Wilson|Will Ferrell|Penélope Cruz|Kristen Wiig|Fred Armisen|Kyle Mooney|Milla Jovovich|Christine Taylor|Justin Theroux,Ben Stiller,Justin Theroux|Ben Stiller|John Hamburg|Nicholas Stoller
12634,The Big Bounce,Owen Wilson|Morgan Freeman|Gary Sinise|Sara Foster|Willie Nelson|Vinnie Jones|Bebe Neuwirth|Charlie Sheen|Harry Dean Stanton|Andrew Wilson,George Armitage,Elmore Leonard|Sebastian Gutierrez
10416,What Planet Are You From?,Garry Shandling|Annette Bening|John Goodman|Greg Kinnear|Linda Fiorentino|Ben Kingsley|Judy Greer|Richard Jenkins|Stacey Travis|Janeane Garofalo,Mike Nichols,Ed Solomon|Peter Tolan|Garry Shandling
47327,Drive Angry,Nicolas Cage|Amber Heard|William Fichtner|Billy Burke|David Morse|Katy Mixon|Charlotte Ross|Christa Campbell|Todd Farmer|Jack McGee,Patrick Lussier,Patrick Lussier|Todd Farmer
15268,Street Fighter: The Legend of Chun-Li,Kristin Kreuk|Chris Klein|Neal McDonough|Michael Clarke Duncan|Moon Bloodgood|Robin Shou|Josie Ho,Andrzej Bartkowiak,Justin Marks
10796,The One,Jet Li|Jason Statham|Carla Gugino|Delroy Lindo|James Morrison|Dylan Bruno|Richard Steinmetz|Steve Rankin|Tucker Smallwood|Harriet Sansom Harris,James Wong,Glenn Morgan|James Wong
9548,The Adventures of Ford Fairlane,Andrew Dice Clay|Wayne Newton|Priscilla Presley|Morris Day|Lauren Holly|Ed O'Neill|Maddie Corman|Gilbert Gottfried|Robert Englund|David Patrick Kelly,Renny Harlin,Daniel Waters|Rex Weiner|James Cappe|David Arnott
18947,The Boat That Rocked,Tom Sturridge|Philip Seymour Hoffman|Rhys Ifans|Bill Nighy|Emma Thompson|Nick Frost|Kenneth Branagh|January Jones|Gemma Arterton|Jack Davenport,Richard Curtis,Richard Curtis
1900,Traffic,Michael Douglas|Benicio del Toro|Jacob Vargas|Tomás Milián|Russell G. Jones|Michael O'Neill|Catherine Zeta-Jones|Dennis Quaid|Erika Christensen|Don Cheadle,Steven Soderbergh,Stephen Gaghan|Simon Moore
89,Indiana Jones and the Last Crusade,Harrison Ford|Sean Connery|Denholm Elliott|Alison Doody|John Rhys-Davies|Julian Glover|River Phoenix|Michael Byrne|Kevork Malikyan|Robert Eddison,Steven Spielberg,George Lucas|Philip Kaufman|Menno Meyjes|Jeffrey Boam
96724,Anna Karenina,Keira Knightley|Jude Law|Aaron Taylor-Johnson|Kelly Macdonald|Matthew Macfadyen|Domhnall Gleeson|Ruth Wilson|Alicia Vikander|Olivia Williams|Emily Watson,Joe Wright,Tom Stoppard|Leo Tolstoy
198184,Chappie,Sharlto Copley|Dev Patel|Ninja|Yolandi Visser|Jose Pablo Cantillo|Hugh Jackman|Sigourney Weaver|Brandon Auret|Johnny Selema|Anderson Cooper,Neill Blomkamp,Neill Blomkamp|Terri Tatchell
9481,The Bone Collector,Denzel Washington|Angelina Jolie|Queen Latifah|Michael Rooker|Michael McGlone|Luis Guzmán|Leland Orser|John Benjamin Hickey|Bobby Cannavale|Ed O'Neill,Phillip Noyce,Jeffery Deaver|Jeremy Iacone|Alex Maleev
4547,Panic Room,Jodie Foster|Kristen Stewart|Forest Whitaker|Dwight Yoakam|Jared Leto|Ann Magnuson|Ian Buchanan|Patrick Bauchau|Paul Schulze|Andrew Kevin Walker,David Fincher,David Koepp
53953,The Tooth Fairy,Lochlyn Munro|Chandra West|Steve Bacic|Jianna Ballard|Carrie Fleming|Peter New|Jesse Hutch|Ben Cotton|Sonya Salomaa|Karin Konoval,Chuck Bowman,
6415,Three Kings,George Clooney|Mark Wahlberg|Ice Cube|Spike Jonze|Cliff Curtis|Nora Dunn|Jamie Kennedy|Saïd Taghmaoui|Mykelti Williamson|Holt McCallany,David O. Russell,David O. Russell|John Ridley
181283,Child 44,Tom Hardy|Gary Oldman|Noomi Rapace|Joel Kinnaman|Paddy Considine|Jason Clarke|Mark Lewis Jones|Vincent Cassel|Fares Fares|Nikolaj Lie Kaas,Daniel Espinosa,Richard Price|Tom Rob Smith
9896,Rat Race,Cuba Gooding Jr.|Seth Green|Whoopi Goldberg|Breckin Meyer|Amy Smart|John Cleese|Wayne Knight|Vince Vieluf|Lanei Chapman|Jon Lovitz,Jerry Zucker,Andy Breckman
167,K-PAX,Jeff Bridges|Kevin Spacey|Mary McCormack|Alfre Woodard|Ajay Naidu|Vincent Laresca|Kimberly Scott|Conchata Ferrell|Saul Williams|Peter Gerety,Iain Softley,Charles Leavitt|Gene Brewer
11232,Kate & Leopold,Meg Ryan|Hugh Jackman|Liev Schreiber|Breckin Meyer|Natasha Lyonne|Bradley Whitford|Paxton Whitehead|Spalding Gray|Josh Stamberg|Matthew Sussman,James Mangold,James Mangold|Steven Rogers
1636,Bedazzled,Elizabeth Hurley|Brendan Fraser|Frances O'Connor|Orlando Jones|Paul Adelstein|Toby Huss|Gabriel Casseus|Miriam Shor|Brian Doyle-Murray|Jeff Doucette,Harold Ramis,Harold Ramis|Larry Gelbart|Peter Tolan
2148,The Cotton Club,Richard Gere|Gregory Hines|Diane Lane|Lonette McKee|Bob Hoskins|James Remar|Nicolas Cage|Allen Garfield|Fred Gwynne|Gwen Verdon,Francis Ford Coppola,Francis Ford Coppola|William Kennedy|Jim Haskins
5176,3:10 to Yuma,Russell Crowe|Christian Bale|Logan Lerman|Dallas Roberts|Peter Fonda|Gretchen Mol|Ben Foster|Alan Tudyk|Vinessa Shaw|Lennie Loftin,James Mangold,Elmore Leonard|Michael Brandt|Derek Haas|Halsted Welles
260346,Taken 3,Liam Neeson|Forest Whitaker|Maggie Grace|Famke Janssen|Dougray Scott|Sam Spruell|Don Harvey|Dylan Bruno|Leland Orser|David Warshofsky,Olivier Megaton,Luc Besson|Robert Mark Kamen
1389,Out of Sight,George Clooney|Jennifer Lopez|Ving Rhames|Don Cheadle|Albert Brooks|Steve Zahn|Isaiah Washington|Dennis Farina|Luis Guzmán|Keith Loneker,Steven Soderbergh,Scott Frank|Elmore Leonard
9894,The Cable Guy,Jim Carrey|Matthew Broderick|Leslie Mann|Jack Black|George Segal|Diane Baker|Ben Stiller|Eric Roberts|Janeane Garofalo|Andy Dick,Ben Stiller,Lou Holtz Jr.
7504,Earth,Aamir Khan|Nandita Das|Maia Sethna|Kitu Gidwani|Arif Zakaria|Eric Peterson|Kulbhushan Kharbanda|Pavan Malhotra|Sunil Mehra|Navtej Singh Johar,Deepa Mehta,Deepa Mehta|Bapsi Sidhwa
8592,Dick Tracy,Warren Beatty|Al Pacino|Madonna|Charlie Korsmo|Glenne Headly|Dustin Hoffman|James Caan|William Forsythe|Seymour Cassel|Dick Van Dyke,Warren Beatty,Jim Cash|Jack Epps Jr.
913,The Thomas Crown Affair,Pierce Brosnan|Rene Russo|Denis Leary|Ben Gazzara|Frankie Faison|Fritz Weaver|Charles Keating|Mark Margolis|Faye Dunaway|Michael Lombard,John McTiernan,Leslie Dixon|Kurt Wimmer
11091,Riding in Cars with Boys,Drew Barrymore|Steve Zahn|Adam Garcia|Brittany Murphy|Logan Lerman|Susan Forristal|Lorraine Bracco|James Woods|Marisa Ryan|Maggie Gyllenhaal,Penny Marshall,Morgan Ward
1368,First Blood,Sylvester Stallone|Richard Crenna|Brian Dennehy|Bill McKinney|Jack Starrett|Michael Talbott|Chris Mulkey|John McLiam|Alf Humphreys|David Caruso,Ted Kotcheff,Sylvester Stallone|David Morrell|Michael Kozoll|William Sackheim|William Stout
593,Solaris,Donatas Banionis|Natalya Bondarchuk|Jüri Järvet|Anatoliy Solonitsyn|Nikolay Grinko|Vladislav Dvorzhetsky|Georgiy Teykh|Sos Sargsyan|Olga Barnet|Tamara Ogorodnikova,Andrei Tarkovsky,Andrei Tarkovsky|Stanisław Lem|Fridrikh Gorenshteyn|N. Boyarova|L. Lazarev
5393,Happily N'Ever After,George Carlin|Andy Dick|Sarah Michelle Gellar|Lisa Kaplan|Michael McShane|Rob Paulsen|Freddie Prinze Jr.|Wallace Shawn|Patrick Warburton|Sigourney Weaver,Yvette Kaplan|Paul Bolger|Greg Tiernan,Robert Moreland
9095,Mary Reilly,Julia Roberts|John Malkovich|George Cole|Michael Gambon|Glenn Close|Kathy Staff|Michael Sheen|Bronagh Gallagher|Linda Bassett|Ciarán Hinds,Stephen Frears,Christopher Hampton|Valerie Martin
8874,My Best Friend's Wedding,Julia Roberts|Dermot Mulroney|Cameron Diaz|Rupert Everett|Philip Bosco|M. Emmet Walsh|Rachel Griffiths|Carrie Preston|Susan Sullivan|Christopher Masterson,P.J. Hogan,Ronald Bass
11467,America's Sweethearts,Julia Roberts|Billy Crystal|Catherine Zeta-Jones|John Cusack|Hank Azaria|Stanley Tucci|Christopher Walken|Alan Arkin|Seth Green|Rainn Wilson,Joe Roth,Billy Crystal|Peter Tolan
320,Insomnia,Al Pacino|Robin Williams|Hilary Swank|Maura Tierney|Martin Donovan|Nicky Katt|Paul Dooley|Crystal Lowe|Jay Brazeau|Larry Holden,Christopher Nolan,Hillary Seitz
199,Star Trek: First Contact,Patrick Stewart|Jonathan Frakes|Brent Spiner|LeVar Burton|Michael Dorn|Gates McFadden|Marina Sirtis|James Cromwell|Alfre Woodard|Alice Krige,Jonathan Frakes,Ronald D. Moore|Brannon Braga
20533,Jonah Hex,Josh Brolin|John Malkovich|Megan Fox|Michael Fassbender|Will Arnett|Michael Shannon|Aidan Quinn|Lance Reddick|David Jensen|John Gallagher Jr.,Jimmy Hayward,Brian Taylor|Mark Neveldine|John Albano|Tony Dezuniga|William Farmer
10684,Courage Under Fire,Denzel Washington|Meg Ryan|Lou Diamond Phillips|Matt Damon|Michael Moriarty|Michole Briana White|Bronson Pinchot|Amy Hathaway|Diane Baker|Seth Gilliam,Edward Zwick,Patrick Sheane Duncan
1624,Liar Liar,Jim Carrey|Maura Tierney|Cary Elwes|Jennifer Tilly|Swoosie Kurtz|Sara Paxton|Anne Haney|Amanda Donohoe|Jason Bernard|Mitchell Ryan,Tom Shadyac,Paul Guay|Stephen Mazur|Dan Sweetman
325789,The Infiltrator,Bryan Cranston|Diane Kruger|John Leguizamo|Daniel Mays|Benjamin Bratt|Amy Ryan|Elena Anaya|Joseph Gilgun|Gino Picciano|Art Malik,Brad Furman,Ellen Brown Furman|Robert Mazur
113464,Inchon,Laurence Olivier|Jacqueline Bisset|Ben Gazzara|Toshirō Mifune|Richard Roundtree|David Janssen|Nam Kung-won|Gabriele Ferzetti|Rex Reed|Sabine Sun,Terence Young,Robin Moore|Laird Koenig|Paul Savage
888,The Flintstones,John Goodman|Elizabeth Perkins|Rick Moranis|Rosie O'Donnell|Kyle MacLachlan|Halle Berry|Elizabeth Taylor|Dann Florek|Richard Moll|Irwin Keyes,Brian Levant,Steven E. de Souza|Tom S. Parker|Jim Jennewein|Joseph Barbera|William Hanna|R.S. Allen|Harvey Bullock|Warren Foster|Alex Lovy
82675,Taken 2,Liam Neeson|Maggie Grace|Famke Janssen|Rade Serbedzija|Luke Grimes|Jon Gries|Leland Orser|D. B. Sweeney|Kevork Malikyan|Alain Figlarz,Olivier Megaton,Luc Besson|Robert Mark Kamen
4256,Scary Movie 3,Pamela Anderson|Jenny McCarthy|Marny Eng|Charlie Sheen|Simon Rex|Jianna Ballard|Jeremy Piven|Anna Faris|Regina Hall|Denise Richards,David Zucker,Marlon Wayans|Shawn Wayans|Buddy Johnson|Phil Beauman|Jason Friedberg|Aaron Seltzer|Craig Mazin|Pat Proft|Nelson Dewey
1493,Miss Congeniality,Sandra Bullock|Benjamin Bratt|Michael Caine|Candice Bergen|William Shatner|Ernie Hudson|John DiResta|Heather Burns|Melissa De Sousa|Steve Monroe,Donald Petrie,Marc Lawrence|Katie Ford|Caryn Lucas
88751,Journey to the Center of the Earth,Brendan Fraser|Josh Hutcherson|Anita Briem|Seth Meyers|Jean Michel Paré|Jane Wheeler|Frank Fontaine|Giancarlo Caltabiano|Kaniehtiio Horn|Garth Gilker,Eric Brevig,Jules Verne|Michael D. Weiss|Jennifer Flackett|Mark Levin
11130,The Princess Diaries 2: Royal Engagement,Anne Hathaway|Julie Andrews|Héctor Elizondo|John Rhys-Davies|Heather Matarazzo|Chris Pine|Callum Blue|Larry Miller|Raven-Symoné|Kathleen Marshall,Garry Marshall,Shonda Rhimes
9944,The Pelican Brief,Julia Roberts|Denzel Washington|Sam Shepard|William Atherton|John Lithgow|Tom Quinn|John Heard|Hume Cronyn|Tony Goldwyn|Robert Culp,Alan J. Pakula,Alan J. Pakula|John Grisham
10731,The Client,Susan Sarandon|Tommy Lee Jones|Mary-Louise Parker|Anthony LaPaglia|Bradley Whitford|Will Patton|Brad Renfro|Anthony Edwards|J. T. Walsh|Anthony Heald,Joel Schumacher,Akiva Goldsman|John Grisham|Robert Getchell
7350,The Bucket List,Jack Nicholson|Morgan Freeman|Sean Hayes|Beverly Todd|Alfonso Freeman|Rowena King|Rob Morrow|Annton Berry Jr.|Verda Bridges|Destiny Brownridge,Rob Reiner,Justin Zackham|Mark Moretti
9869,Patriot Games,Harrison Ford|Anne Archer|Patrick Bergin|Thora Birch|James Fox|Samuel L. Jackson|Polly Walker|J.E. Freeman|James Earl Jones|Sean Bean,Phillip Noyce,W. Peter Iliff|Tom Clancy|Donald Stewart
4379,Monster-in-Law,Jennifer Lopez|Jane Fonda|Michael Vartan|Wanda Sykes|Adam Scott|Monet Mazur|Annie Parisse|Will Arnett|Elaine Stritch|Stephen Dunham,Robert Luketic,Anya Kochoff
146233,Prisoners,Hugh Jackman|Jake Gyllenhaal|Paul Dano|Maria Bello|Melissa Leo|Viola Davis|Terrence Howard|Dylan Minnette|Zoë Borde|Wayne Duvall,Denis Villeneuve,Aaron Guzikowski
2034,Training Day,Denzel Washington|Ethan Hawke|Scott Glenn|Tom Berenger|Harris Yulin|Cliff Curtis|Snoop Dogg|Dr. Dre|Eva Mendes|Nick Chinlund,Antoine Fuqua,David Ayer
926,Galaxy Quest,Tim Allen|Sigourney Weaver|Alan Rickman|Tony Shalhoub|Sam Rockwell|Daryl Mitchell|Enrico Colantoni|Robin Sachs|Jed Rees|Justin Long,Dean Parisot,David Howard|Robert Gordon
4248,Scary Movie 2,Anna Faris|Marlon Wayans|James DeBello|Shawn Wayans|David Cross|Christopher Masterson|Regina Hall|Tim Curry|Kathleen Robertson|Chris Elliott,Keenen Ivory Wayans,Marlon Wayans|Shawn Wayans|Buddy Johnson|Phil Beauman|Jason Friedberg|Aaron Seltzer|Alyson Fouse|Greg Grabianski|Dave Polsky|Michael Anthony Snowden|Craig Wayans
64328,The Muppets,Amy Adams|Jason Segel|Emily Blunt|John Krasinski|Zach Galifianakis|Jack Black|Jim Parsons|Mickey Rooney|Neil Patrick Harris|Chris Cooper,James Bobin,Jason Segel|Nicholas Stoller
36647,Blade,Wesley Snipes|Stephen Dorff|Kris Kristofferson|N'Bushe Wright|Donal Logue|Udo Kier|Arly Jover|Traci Lords|Kevin Patrick Walls|Tim Guinee,Stephen Norrington,David S. Goyer
7214,Coach Carter,Samuel L. Jackson|Rob Brown|Robert Ri'chard|Rick Gonzalez|Channing Tatum|Texas Battle|Lacey Beeman|Octavia Spencer|Allison Kyler|Cindy Chiu,Thomas Carter,Mark Schwahn|John Gatins
1537,Changing Lanes,Ben Affleck|Samuel L. Jackson|Kim Staunton|Toni Collette|Sydney Pollack|Matt Malloy|William Hurt|John Benjamin Hickey|Amanda Peet|Michael Pitt,Roger Michell,Michael Tolkin|Chap Taylor
9360,Anaconda,Jennifer Lopez|Ice Cube|Jon Voight|Eric Stoltz|Owen Wilson|Jonathan Hyde|Kari Wuhrer|Vincent Castellanos|Danny Trejo|Frank Welker,Luis Llosa,Jim Cash|Jack Epps Jr.|Hans Bauer|David J. Negron Jr.
6282,Coyote Ugly,Piper Perabo|Adam Garcia|John Goodman|Izabella Miko|Tyra Banks|Maria Bello|Bridget Moynahan|Greg Collins|Chip Chinery|Michael Bay,David McNally,Gina Wendkos
508,Love Actually,Keira Knightley|Heike Makatsch|Emma Thompson|Laura Linney|Hugh Grant|January Jones|Bill Nighy|Gregor Fisher|Colin Firth|Sienna Guillory,Richard Curtis,Richard Curtis
9487,A Bug's Life,Kevin Spacey|Julia Louis-Dreyfus|Hayden Panettiere|Phyllis Diller|Bonnie Hunt|Joe Ranft|Jonathan Harris|Madeline Kahn|Richard Kind|Denis Leary,Andrew Stanton|John Lasseter,Andrew Stanton|John Lasseter|Joe Ranft|Don McEnery|Bob Shaw
768,From Hell,Johnny Depp|Heather Graham|Ian Holm|Robbie Coltrane|Ian Richardson|Jason Flemyng|Katrin Cartlidge|Terence Harvey|Susan Lynch|Paul Rhys,Albert Hughes|Allen Hughes,Alan Moore|Eddie Campbell|Terry Hayes|Rafael Yglesias
2636,The Specialist,Sylvester Stallone|Sharon Stone|James Woods|Rod Steiger|Eric Roberts|Mario Ernesto Sánchez|Sergio Doré Jr.|Chase Randolph|Jeana Bell|Brittany Paige Bouck,Luis Llosa,Alexandra Seros|John Shirley
10478,Tin Cup,Kevin Costner|Don Johnson|Cheech Marin|George Perez|Rene Russo|Linda Hart|Dennis Burkley|Rex Linn|Lou Myers|Richard Lineback,Ron Shelton,Ron Shelton|John Norville
27983,"Yours, Mine and Ours",Lucille Ball|Henry Fonda|Van Johnson|Tom Bosley|Louise Troy|Sidney Miller|Morgan Brittany|Tracy Nelson|Tim Matheson,Melville Shavelson,Bob Carroll Jr.|Madelyn Davis
9981,Kicking & Screaming,Will Ferrell|Robert Duvall|Kate Walsh|Musetta Vander|Josh Hutcherson|Steven Anthony Lawrence|Mike Ditka|Dylan McLaughlin|Jeremy Bergman|Elliott Cho,Jesse Dylan,Steve Rudnick|Leo Benvenuti
7453,The Hitchhiker's Guide to the Galaxy,Martin Freeman|Zooey Deschanel|Sam Rockwell|Yasiin Bey|John Malkovich|Helen Mirren|Stephen Fry|Anna Chancellor|Bill Bailey|Dominique Jackson,Garth Jennings,Douglas Adams|Karey Kirkpatrick
15045,Fat Albert,Kenan Thompson|Shedrack Anderson III|Jermaine Williams|Keith Robinson|Alphonso McAuley|Aaron Frazier|Marques Houston|Dania Ramirez|Omarion|Keri Lynn Pratt,Joel Zwick,Bill Cosby|Charles Kipps
7737,Resident Evil: Extinction,Milla Jovovich|Oded Fehr|Ali Larter|Iain Glen|Mike Epps|Ashanti|Spencer Locke|Matthew Marsden|Linden Ashby|Jason O'Mara,Russell Mulcahy,Paul W.S. Anderson
232672,Blended,Drew Barrymore|Adam Sandler|Wendi McLendon-Covey|Bella Thorne|Terry Crews|Joel McHale|Lauren Lapkus|Kevin Nealon|Alyvia Alyn Lind|Emma Fuhrmann,Frank Coraci,Ivan Menchell|Clare Sera
17379,Last Holiday,Queen Latifah|LL Cool J|Timothy Hutton|Giancarlo Esposito|Alicia Witt|Gérard Depardieu|Jane Adams,Wayne Wang,Jeffrey Price|Peter S. Seaman
8987,The River Wild,Meryl Streep|David Strathairn|Kevin Bacon|Benjamin Bratt|John C. Reilly|Joseph Mazzello|Stephanie Sawyer|William Lucking|Elizabeth Hoffman|Victor Galloway,Curtis Hanson,Denis O'Neill
11359,The Indian in the Cupboard,Hal Scardino|Litefoot|Lindsay Crouse|Richard Jenkins|Rishi Bhat|Steve Coogan|David Keith|Sakina Jaffrey|Vincent Kartheiser|Nestor Serrano,Frank Oz,Melissa Mathison
82525,Savages,Blake Lively|Taylor Kitsch|Aaron Taylor-Johnson|Benicio del Toro|Salma Hayek|John Travolta|Demián Bichir|Emile Hirsch|Mía Maestro|Diego Cataño,Oliver Stone,Oliver Stone|Shane Salerno|Don Winslow
9759,Cellular,Chris Evans|Kim Basinger|Jason Statham|Jessica Biel|William H. Macy|Will Beinbrink|Valerie Cruz|Brenda Ballard|Caroline Aaron|Chase Bloch,David R. Ellis,Larry Cohen|Chris Morgan
9486,Johnny English,Rowan Atkinson|John Malkovich|Natalie Imbruglia|Tasha de Vasconcelos|Ben Miller|Greg Wise|Douglas McFerran|Steve Nicolson|Terence Harvey|Kevin McNally,Peter Howitt,Peter Howitt|Robert Wade|Neal Purvis|William Davies
9906,The Ant Bully,Julia Roberts|Meryl Streep|Nicolas Cage|Paul Giamatti|Bruce Campbell|Regina King|Lily Tomlin|Larry Miller|Cheri Oteri|Zach Tyler,John A. Davis,John A. Davis|John Nickle
841,Dune,Kyle MacLachlan|Francesca Annis|Leonardo Cimino|Brad Dourif|José Ferrer|Linda Hunt|Freddie Jones|Richard Jordan|Virginia Madsen|Silvana Mangano,David Lynch,David Lynch|Frank Herbert
4688,Across the Universe,Evan Rachel Wood|Jim Sturgess|Joe Anderson|Dana Fuchs|Martin Luther|T.V. Carpio|Spencer Liff|Lisa Hogg|Nicholas Lumley|Michael Ryan,Julie Taymor,Dick Clement|Ian La Frenais
4148,Revolutionary Road,Leonardo DiCaprio|Kate Winslet|Michael Shannon|Kathryn Hahn|David Harbour|Kathy Bates|Ty Simpkins|Ryan Simpkins|Richard Easton|Dylan Baker,Sam Mendes,Justin Haythe|Richard Yates
2207,16 Blocks,Bruce Willis|Yasiin Bey|David Morse|Jenna Stern|David Zayas|Casey Sander|Cylk Cozart|Robert Racki|Patrick Garrow|Sasha Roiz,Richard Donner,Richard Wenk
9381,Babylon A.D.,Vin Diesel|Michelle Yeoh|Mélanie Thierry|Lambert Wilson|Charlotte Rampling|Gérard Depardieu|Mark Strong|Jérôme Le Banner|Joel Kirby|Souleymane Dicko,Mathieu Kassovitz,Mathieu Kassovitz|Éric Besnard|Maurice G. Dantec
9625,The Glimmer Man,Steven Seagal|Keenen Ivory Wayans|Bob Gunton|Brian Cox|Michelle Johnson|Johnny Strong|John M. Jackson|Stephen Tobolowsky|Ryan Cutrona|Richard Gant,John Gray,Kevin Brodbin
9304,Multiplicity,Michael Keaton|Andie MacDowell|Harris Yulin|Eugene Levy|Zack Duhame|Katie Schlossberg|Richard Masur|Ann Cusack|John de Lancie|Judith Kahan,Harold Ramis,Lowell Ganz|Babaloo Mandel|Chris Miller|Mary Hale
20856,Aliens in the Attic,Carter Jenkins|Austin Butler|Kevin Nealon|Robert Hoffman|Doris Roberts|Tim Meadows|Ashley Boettcher|Henri Young|Regan Young|Ashley Tisdale,John Schultz,Mark Burton|Adam F. Goldberg
5955,The Pledge,Jack Nicholson|Aaron Eckhart|Helen Mirren|Robin Wright|Vanessa Redgrave|Sam Shepard|Benicio del Toro|Mickey Rourke|Harry Dean Stanton|Patricia Clarkson,Sean Penn,Friedrich Dürrenmatt|Jerzy Kromolowski|Mary Olson-Kromolowski
9899,The Producers,Matthew Broderick|Uma Thurman|Will Ferrell|Eileen Essell|Gary Beach|Michael McKean|David Huddleston|Debra Monk|Andrea Martin|Jon Lovitz,Susan Stroman,Mel Brooks|Thomas Meehan
9826,The Phantom,Billy Zane|Kristy Swanson|Treat Williams|Catherine Zeta-Jones|James Remar|Cary-Hiroyuki Tagawa|Bill Smitrovich|Casey Siemaszko|David Proval|Joseph Ragno,Simon Wincer,Jeffrey Boam
21355,All the Pretty Horses,Matt Damon|Henry Thomas|Penélope Cruz|Sam Shepard|Robert Patrick|Lucas Black|Jesse Plemons|Rubén Blades,Billy Bob Thornton,Cormac McCarthy|Ted Tally
10858,Nixon,Anthony Hopkins|Joan Allen|Powers Boothe|Ed Harris|Bob Hoskins|E.G. Marshall|David Paymer|David Hyde Pierce|Paul Sorvino|Mary Steenburgen,Oliver Stone,Oliver Stone|Stephen J. Rivele
11439,The Ghost Writer,Ewan McGregor|Pierce Brosnan|Jon Bernthal|Kim Cattrall|Tom Wilkinson|Olivia Williams|Timothy Hutton|Jim Belushi|Nyasha Hatendi|Tim Preece,Roman Polanski,Roman Polanski|Robert Harris
9457,Deep Rising,Treat Williams|Famke Janssen|Anthony Heald|Kevin J. O'Connor|Una Damon|Wes Studi|Derrick O'Connor|Jason Flemyng|Cliff Curtis|Clifton Powell,Stephen Sommers,Stephen Sommers
12412,Miracle at St. Anna,Derek Luke|Michael Ealy|Laz Alonso|John Turturro|Valentina Cervi|Joseph Gordon-Levitt|John Leguizamo|Kerry Washington|D. B. Sweeney|Omar Benson Miller,Spike Lee,James McBride
1494,Curse of the Golden Flower,Chow Yun-fat|Gong Li|Jay Chou|Liu Ye|Qin Jun-Jie|Li Man|Ni Dahong|Chen Jin,Zhang Yimou,Zhang Yimou|Chow Yun-fat|Bian Zhihong|Wang Bin|Yu Cao
13184,Bangkok Dangerous,Nicolas Cage|Shahkrit Yamnarm|Charlie Yeung|Panward Hemmanee|Nirattisai Kaljaruek|Dom Hetrakul|Tuck Napaskorn|Steve Baldocchi|Chris Heebink|James With,Danny Pang|Oxide Pang Chun,Danny Pang|Oxide Pang Chun|Jason Richman
2185,Big Trouble,Tim Allen|Rene Russo|Patrick Warburton|Ben Foster|Zooey Deschanel|Stanley Tucci|Tom Sizemore|Johnny Knoxville|Dennis Farina|Jack Kehler,Barry Sonnenfeld,Robert Ramsey
6639,Love in the Time of Cholera,Javier Bardem|Unax Ugalde|Benjamin Bratt|Catalina Sandino Moreno|Héctor Elizondo|Liev Schreiber|Fernanda Montenegro|Laura Harring|John Leguizamo|Ana Claudia Talancón,Mike Newell,Ronald Harwood|Gabriel García Márquez
38153,Shadow Conspiracy,Charlie Sheen|Donald Sutherland|Linda Hamilton|Stephen Lang|Nicholas Turturro|Stanley Anderson|Theodore Bikel|Charles Cioffi|Paul Gleason|Terry O'Quinn,George P. Cosmatos,Adi Hasak
58233,Johnny English Reborn,Rowan Atkinson|Dominic West|Gillian Anderson|Rosamund Pike|Daniel Kaluuya|Tim McInnerny|Stephen Campbell Moore|Mariella Frostrup|Richard Schiff|Rupert Vansittart,Oliver Parker,William Davies
116977,Foodfight!,Charlie Sheen|Wayne Brady|Hilary Duff|Eva Longoria|Christopher Lloyd|Haylie Duff|Chris Kattan|Greg Ellis|Martin Klebba|Daniel Franzese,Lawrence Kasanoff,Lawrence Kasanoff|Joshua Wexler|Brent V. Friedman|Rebecca Swanson|Sean Catherine Derek
68734,Argo,Ben Affleck|Bryan Cranston|Alan Arkin|John Goodman|Victor Garber|Tate Donovan|Clea DuVall|Scoot McNairy|Rory Cochrane|Christopher Denham,Ben Affleck,Chris Terrio
5503,The Fugitive,Harrison Ford|Tommy Lee Jones|Sela Ward|Julianne Moore|Joe Pantoliano|Andreas Katsulas|Jeroen Krabbé|Daniel Roebuck|L. Scott Caldwell|Ron Dean,Andrew Davis,Jeb Stuart|David Twohy|Roy Huggins
27573,The Bounty Hunter,Gerard Butler|Jennifer Aniston|Gio Perez|Siobhan Fallon|Joel Garland|Jason Kolotouros|Matt Malloy|Jason Sudeikis|Adam Rose|Christine Baranski,Andy Tennant,Sarah Maur Thorp
819,Sleepers,Robert De Niro|Brad Pitt|Kevin Bacon|Jason Patric|Ron Eldard|Billy Crudup|Dustin Hoffman|Minnie Driver|Vittorio Gassman|Joe Perrino,Barry Levinson,Barry Levinson|Lorenzo Carcaterra
1369,Rambo: First Blood Part II,Sylvester Stallone|Richard Crenna|Charles Napier|Steven Berkoff|Julia Nickson|George Cheung|Andy Wood|William Ghent|Voyo Goric|Dana Lee,George P. Cosmatos,James Cameron|Sylvester Stallone
9623,The Juror,Demi Moore|Alec Baldwin|Joseph Gordon-Levitt|Anne Heche|James Gandolfini|Lindsay Crouse|Tony Lo Bianco|Michael Constantine|Matt Craven|Todd Susman,Brian Gibson,Ted Tally|George Dawes Green
10895,Pinocchio,Mel Blanc|Don Brodie|Walter Catlett|Marion Darlington|Frankie Darro|Cliff Edwards|Dickie Jones|Charles Judels|Clarence Nash|Patricia Page,Ben Sharpsteen|Hamilton Luske,Ted Sears|Otto Englander|Webb Smith|Erdman Penner|Collodi|William Cottrell|Joseph Sabo|Aurelius Battaglia|Joe Grant|John Walbridge|John P. Miller|Albert Hurter|Campbell Grant|Martin Provensen
10935,Heaven's Gate,Kris Kristofferson|Christopher Walken|John Hurt|Isabelle Huppert|Sam Waterston|Brad Dourif|Jeff Bridges|Joseph Cotten|Ronnie Hawkins|Paul Koslo,Michael Cimino,Michael Cimino
834,Underworld: Evolution,Kate Beckinsale|Scott Speedman|Tony Curran|Shane Brolly|Derek Jacobi|Bill Nighy|Steven Mackintosh|Zita Görög|Brian Steele|Scott McElroy,Len Wiseman,Danny McBride
228066,Victor Frankenstein,James McAvoy|Daniel Radcliffe|Jessica Brown Findlay|Andrew Scott|Charles Dance|Louise Brealey|Mark Gatiss|Freddie Fox|Callum Turner|Daniel Mays,Paul McGuigan,Mary Shelley|Max Landis
711,Finding Forrester,Sean Connery|Rob Brown|F. Murray Abraham|Anna Paquin|Busta Rhymes|April Grace|Michael Pitt|Michael Nouri|Matt Damon|Richard Easton,Gus Van Sant,Mike Rich
10468,28 Days,Sandra Bullock|Viggo Mortensen|Dominic West|Elizabeth Perkins|Alan Tudyk|Steve Buscemi|Reni Santoni|Marianne Jean-Baptiste|Mike O'Malley|Azura Skye,Betty Thomas,Susannah Grant
10027,Unleashed,Jet Li|Morgan Freeman|Bob Hoskins|Vincent Regan|Dylan Brown|Tamer Hassan|Phyllida Law|Michael Jenn|Carole Ann Wilson|Kerry Condon,Louis Leterrier,Luc Besson
11812,The Sweetest Thing,Cameron Diaz|Christina Applegate|Thomas Jane|Selma Blair|Jason Bateman|Parker Posey|Frank Grillo|Eddie McClintock|James Mangold|Georgia Engel,Roger Kumble,Nancy Pimental
37233,The Firm,Tom Cruise|Jeanne Tripplehorn|Gene Hackman|Holly Hunter|Ed Harris|Hal Holbrook|Jerry Hardin|David Strathairn|Terry Kinney|Wilford Brimley,Sydney Pollack,Robert Towne|John Grisham|David Rayfiel|David Rabe
37950,Charlie St. Cloud,Zac Efron|Amanda Crew|Charlie Tahan|Augustus Prew|Donal Logue|Kim Basinger|Ray Liotta|Dave Franco|Tegan Moss|Julia Maxwell,Burr Steers,Lewis Colick|Craig Pearce
27582,The Mechanic,Jason Statham|Ben Foster|Donald Sutherland|Mini Anden|Tony Goldwyn|Christa Campbell|Katarzyna Wolejnio|Jeff Chase|Eddie J. Fernandez|John McConnell,Simon West,Richard Wenk|Karl Gajdusek
64688,21 Jump Street,Channing Tatum|Jonah Hill|Brie Larson|Dave Franco|Ellie Kemper|Ice Cube|Nick Offerman|Rob Riggle|Jake Johnson|Holly Robinson Peete,Phil Lord|Christopher Miller,Jonah Hill|Michael Bacall|Stephen J. Cannell|Patrick Hasburgh 
509,Notting Hill,Julia Roberts|Hugh Grant|Gina McKee|Tim McInnerny|Rhys Ifans|Emma Chambers|Hugh Bonneville|Richard McCabe|James Dreyfus|Dylan Moran,Roger Michell,Richard Curtis
7443,Chicken Run,Mel Gibson|Miranda Richardson|Timothy Spall|Imelda Staunton|Jane Horrocks|Phil Daniels|Lynn Ferguson|Tony Haygarth|Julia Sawalha|Benjamin Whitrow,Nick Park|Peter Lord,Nick Park|Vicky Jenson|Kelly Asbury|Cody Cameron|Simon Wells|Peter Lord|Karey Kirkpatrick|Brenda Chapman|Serguei Kouchnerov|Randy Cartwright|Jurgen Gross|Robert Koo|Damian Neary|Catherine Yuh Rader
5966,Along Came Polly,Ben Stiller|Jennifer Aniston|Philip Seymour Hoffman|Debra Messing|Alec Baldwin|Hank Azaria|Bryan Brown|Michele Lee|Bob Dishy|Missi Pyle,John Hamburg,John Hamburg
11066,Boomerang,Eddie Murphy|Robin Givens|Halle Berry|David Alan Grier|Grace Jones|Martin Lawrence|Geoffrey Holder|Eartha Kitt|Chris Rock|Tisha Campbell-Martin,Reginald Hudlin,Barry W. Blaustein
136795,The Heat,Sandra Bullock|Melissa McCarthy|Demián Bichir|Michael Rapaport|Taran Killam|Marlon Wayans|Andy Buckley|Bill Burr|Steve Bannos|Jane Curtin,Paul Feig,Katie Dippold
8095,Cleopatra,Elizabeth Taylor|Richard Burton|Rex Harrison|Roddy McDowall|Martin Landau|Hume Cronyn|Andrew Keir|Kenneth Haigh|George Cole|Pamela Brown,Joseph L. Mankiewicz,Joseph L. Mankiewicz|Sidney Buchman|Ranald MacDougall|Carlo Mario Franzero
87826,Here Comes the Boom,Salma Hayek|Kevin James|Henry Winkler|Joe Rogan|Reggie Lee|Greg Germann|Bas Rutten|Charice|Nicholas R. Grava|Frank Coraci,Frank Coraci,Kevin James|Allan Loeb|Rock Reuben
11560,High Crimes,Ashley Judd|Morgan Freeman|Jim Caviezel|Amanda Peet|Adam Scott|Bruce Davison|Tom Bower|Juan Carlos Hernández|Michael Gaston|Jude Ciccolella,Carl Franklin,Yuri Zeltser
25189,The Mirror Has Two Faces,Barbra Streisand|Jeff Bridges|Lauren Bacall|George Segal|Mimi Rogers|Pierce Brosnan|Brenda Vaccaro|Elle Mcpherson,Barbra Streisand,Gérard Oury
2637,The Mothman Prophecies,Richard Gere|Laura Linney|Will Patton|Bob Tracey|Debra Messing|Tom Stoviak|David Eigenberg|Bill Laing|Alan Bates|Ron Emanuel,Mark Pellington,John A. Keel|Richard Hatem
18480,Brüno,Sacha Baron Cohen|Richard Bey|Ron Paul|Gustaf Hammarsten|Clifford Bañagale|Josh Meyers|Chris Martin|Elton John|Slash|Bono,Larry Charles,Sacha Baron Cohen|Anthony Hines|Peter Baynham|Dan Mazer|Jeff Schaffer
709,Licence to Kill,Timothy Dalton|Carey Lowell|Robert Davi|Talisa Soto|Anthony Zerbe|Frank McRae|David Hedison|Wayne Newton|Benicio del Toro|Anthony Starke,John Glen,Ian Fleming|Richard Maibaum|Michael G. Wilson
49730,Red Riding Hood,Amanda Seyfried|Gary Oldman|Billy Burke|Shiloh Fernandez|Max Irons|Julie Christie|Lukas Haas|Virginia Madsen|Shauna Kain|Michael Hogan,Catherine Hardwicke,David Leslie Johnson
2749,15 Minutes,Robert De Niro|Charlize Theron|Edward Burns|Kelsey Grammer|Avery Brooks|Vera Farmiga|Kim Cattrall|David Alan Grier|Roseanne Barr|Anton Yelchin,John Herzfeld,John Herzfeld|David E. Duncan
9607,Super Mario Bros.,Bob Hoskins|John Leguizamo|Dennis Hopper|Samantha Mathis|Fisher Stevens|Richard Edson|Fiona Shaw|Mojo Nixon|Lance Henriksen|Dan Castellaneta,Annabel Jankel|Rocky Morton,Ed Solomon|Parker Bennett|Terry Runte
1830,Lord of War,Nicolas Cage|Bridget Moynahan|Jared Leto|Ethan Hawke|Eamonn Walker|Ian Holm|Sammi Rotibi|Yevgeni Lazarev|Tanit Phoenix|Shake Tukhmanyan,Andrew Niccol,Andrew Niccol
79,Hero,Jet Li|Tony Leung Chiu-Wai|Maggie Cheung|Donnie Yen|Zhang Ziyi|Chen Dao-Ming|Liu Zhong Yuan|Zheng Tia Yong|Yan Qin|Chang Xiao Yang,Zhang Yimou,Zhang Yimou|Feng Li|Wang Bin
54054,One for the Money,Katherine Heigl|Jason O'Mara|Daniel Sunjata|John Leguizamo|Sherri Shepherd|Debbie Reynolds|Patrick Fischler|Harry O'Toole|Debra Monk|Nate Mooney,Julie Anne Robinson,Liz Brixius|Stacy Sherman|Karen Ray|Janet Evanovich
228967,The Interview,James Franco|Seth Rogen|Lizzy Caplan|Randall Park|Diana Bang|Timothy Simons|Reese Alexander|James Yi|Paul Bae|Geoff Gustafson,Seth Rogen|Evan Goldberg,Seth Rogen|Evan Goldberg|Dan Sterling|Phil Langone
46528,The Warrior's Way,Kate Bosworth|Jang Dong-gun|Geoffrey Rush|Danny Huston|Ti Lung|Tony Cox|Analin Rudd|Markus Hamilton|Rod Lousich|Matt Gillanders,Sngmoo Lee,Sngmoo Lee
27936,Micmacs,Dany Boon|Dominique Pinon|André Dussollier|Jean-Pierre Marielle|Julie Ferrier|Yolande Moreau|Michel Crémadès|Nicolas Marié|Omar Sy|Marie-Julie Baup,Jean-Pierre Jeunet,Jean-Pierre Jeunet|Guillaume Laurant
65,8 Mile,Eminem|Mekhi Phifer|Brittany Murphy|Kim Basinger|Michael Shannon|Taryn Manning|Anthony Mackie|De'Angelo Wilson|Evan Jones|Omar Benson Miller,Curtis Hanson,Scott Silver|Marc Gabbana
280391,Why I Did (Not) Eat My Father,Jamel Debbouze|Arié Elmaleh|Mélissa Theuriau|Patrice Thibaud|Christian Hecq|Dioucounda Koma|Adrien Antoine|Georgette Kala-Lobé|Nathalie Homs|Youssef Hajdi,Jamel Debbouze,Jamel Debbouze|Fred Fougea
9476,A Knight's Tale,Heath Ledger|Rufus Sewell|Shannyn Sossamon|Paul Bettany|Laura Fraser|Mark Addy|Alan Tudyk|James Purefoy|Bérénice Bejo|Scott Handy,Brian Helgeland,Brian Helgeland|Dan Sweetman
10610,The Medallion,Jackie Chan|Lee Evans|Claire Forlani|Julian Sands|John Rhys-Davies|Anthony Wong|Christy Chung|Lau Siu-Ming|Nicholas Tse|Edison Chen,Gordon Chan,Gordon Chan|Alfred Cheung Kin-Ting|Bey Logan|Bennett Davlin|Paul Wheeler
745,The Sixth Sense,Bruce Willis|Toni Collette|Olivia Williams|Haley Joel Osment|Donnie Wahlberg|Glenn Fitzgerald|Mischa Barton|Trevor Morgan|Bruce Norris|Angelica Page,M. Night Shyamalan,M. Night Shyamalan|Brick Mason
49527,Man on a Ledge,Sam Worthington|Elizabeth Banks|Jamie Bell|Ed Harris|Edward Burns|Kyra Sedgwick|Anthony Mackie|William Sadler|Génesis Rodríguez|Afton Williamson,Asger Leth,Pablo F. Fenjves
73937,The Big Year,Owen Wilson|Steve Martin|Jack Black|Rashida Jones|Jim Parsons|Anjelica Huston|Tim Blake Nelson|Kevin Pollak|Rosamund Pike|Joel McHale,David Frankel,Howard Franklin
1885,The Karate Kid,Ralph Macchio|Pat Morita|William Zabka|Martin Kove|Chad McQueen|Randee Heller|Elisabeth Shue|Ron Thomas|Rob Garrison|Scott Strader,John G. Avildsen,Robert Mark Kamen
168672,American Hustle,Christian Bale|Bradley Cooper|Amy Adams|Jeremy Renner|Jennifer Lawrence|Louis C.K.|Jack Huston|Michael Peña|Shea Whigham|Alessandro Nivola,David O. Russell,David O. Russell|Eric Singer
18240,The Proposal,Sandra Bullock|Ryan Reynolds|Mary Steenburgen|Craig T. Nelson|Betty White|Denis O'Hare|Malin Åkerman|Oscar Nunez|Aasif Mandvi|Michael Nouri,Anne Fletcher,Pete Chiarelli
10398,Double Jeopardy,Tommy Lee Jones|Ashley Judd|Bruce Greenwood|Annabeth Gish|Benjamin Weir|Jay Brazeau|John Maclaren|Tracy Vilar,Bruce Beresford,David Weisberg|Douglas Cook
165,Back to the Future Part II,Michael J. Fox|Christopher Lloyd|Lea Thompson|Elisabeth Shue|James Tolkan|Jeffrey Weissman|Casey Siemaszko|Billy Zane|Darlene Vogel|Elijah Wood,Robert Zemeckis,Robert Zemeckis|Bob Gale
240832,Lucy,Scarlett Johansson|Morgan Freeman|Choi Min-sik|Amr Waked|Julian Rhind-Tutt|Pilou Asbæk|Analeigh Tipton|Nicolas Phongpheth|Jan Oliver Schroeder|Luca Angeletti,Luc Besson,Luc Besson
216015,Fifty Shades of Grey,Dakota Johnson|Jamie Dornan|Jennifer Ehle|Eloise Mumford|Victor Rasuk|Luke Grimes|Marcia Gay Harden|Rita Ora|Max Martini|Callum Keith Rennie,Sam Taylor-Johnson,E.L. James|Kelly Marcel|Max Martin
12279,Spy Kids 3-D: Game Over,Antonio Banderas|Carla Gugino|Alexa PenaVega|Daryl Sabara|Sylvester Stallone|Salma Hayek|Ricardo Montalban|Holland Taylor|Mike Judge|Matt O'Leary,Robert Rodriguez,Robert Rodriguez
1645,A Time to Kill,Matthew McConaughey|Sandra Bullock|Samuel L. Jackson|Kevin Spacey|Oliver Platt|Charles S. Dutton|Brenda Fricker|Donald Sutherland|Kiefer Sutherland|Patrick McGoohan,Joel Schumacher,Akiva Goldsman|John Grisham
11007,Cheaper by the Dozen,Steve Martin|Bonnie Hunt|Piper Perabo|Tom Welling|Hilary Duff|Kevin G. Schmidt|Alyson Stoner|Jacob Smith|Liliana Mumy|Morgan York,Shawn Levy,Joel Cohen|Alec Sokolow|Sam Harper|Frank B. Gilbreth Jr.|Ernestine Gilbreth Carey|Craig Titley
193756,Lone Survivor,Mark Wahlberg|Taylor Kitsch|Emile Hirsch|Ben Foster|Yousuf Azami|Ali Suliman|Eric Bana|Alexander Ludwig|Rich Ting|Dan Bilzerian,Peter Berg,Peter Berg|Patrick Robinson|Marcus Luttrell
11287,A League of Their Own,Tom Hanks|Geena Davis|Madonna|Lori Petty|Jon Lovitz|David Strathairn|Garry Marshall|Bill Pullman|Megan Cavanagh|Rosie O'Donnell,Penny Marshall,Lowell Ganz|Babaloo Mandel
259693,The Conjuring 2,Patrick Wilson|Vera Farmiga|Madison Wolfe|Frances O'Connor|Lauren Esposito|Benjamin Haigh|Patrick McAuley|Simon McBurney|Maria Doyle Kennedy|Simon Delaney,James Wan,James Wan|Carey Hayes|Chad Hayes|David Leslie Johnson
37799,The Social Network,Jesse Eisenberg|Andrew Garfield|Justin Timberlake|Armie Hammer|Max Minghella|Rooney Mara|Brenda Song|Rashida Jones|John Getz|David Selby,David Fincher,Aaron Sorkin|Ben Mezrich
10184,He's Just Not That Into You,Ben Affleck|Jennifer Aniston|Drew Barrymore|Jennifer Connelly|Kevin Connolly|Bradley Cooper|Ginnifer Goodwin|Scarlett Johansson|Justin Long|Kris Kristofferson,Ken Kwapis,Abby Kohn|Marc Silverstein|Greg Behrendt
4257,Scary Movie 4,Anna Faris|Regina Hall|Craig Bierko|Bill Pullman|Anthony Anderson|Leslie Nielsen|Carmen Electra|Shaquille O'Neal|DeRay Davis|Michael Madsen,David Zucker,Jim Abrahams|Craig Mazin|Pat Proft
4234,Scream 3,David Arquette|Neve Campbell|Courteney Cox|Patrick Dempsey|Scott Foley|Lance Henriksen|Matt Keeslar|Jenny McCarthy|Emily Mortimer|Parker Posey,Wes Craven,Ehren Kruger|Kevin Williamson
196,Back to the Future Part III,Michael J. Fox|Christopher Lloyd|Mary Steenburgen|Thomas F. Wilson|Lea Thompson|Elisabeth Shue|James Tolkan|Matt Clark|Christopher Wynne|Sean Sullivan,Robert Zemeckis,Robert Zemeckis|Bob Gale
257091,Get Hard,Will Ferrell|Kevin Hart|Alison Brie|Craig T. Nelson|T.I.|Edwina Findley Dickerson|Erick Chavarria|Ariana Neal|Paul Ben-Victor|John Mayer,Etan Cohen,Ian Roberts|Etan Cohen|Adam McKay|Jay Martel
6114,Dracula,Gary Oldman|Winona Ryder|Anthony Hopkins|Keanu Reeves|Richard E. Grant|Sadie Frost|Cary Elwes|Billy Campbell|Tom Waits|Jay Robinson,Francis Ford Coppola,Bram Stoker|James V. Hart
24803,Julie & Julia,Meryl Streep|Amy Adams|Stanley Tucci|Chris Messina|Linda Emond|Helen Carey|Mary Lynn Rajskub|Jane Lynch|Joan Juliet Buck|Crystal Noelle,Nora Ephron,Nora Ephron|Julia Child|Julie Powell|Alex Prud'homme
109410,42,Chadwick Boseman|T.R. Knight|Harrison Ford|Nicole Beharie|Christopher Meloni|John C. McGinley|Ryan Merriman|Jud Tylor|Brett Cullen|Brad Beyer,Brian Helgeland,Brian Helgeland
1213,The Talented Mr. Ripley,Matt Damon|Gwyneth Paltrow|Jude Law|Cate Blanchett|Philip Seymour Hoffman|Jack Davenport|James Rebhorn|Sergio Rubini|Philip Baker Hall|Celia Weston,Anthony Minghella,Anthony Minghella|Patricia Highsmith|Tony Wright
100042,Dumb and Dumber To,Jim Carrey|Jeff Daniels|Rachel Melvin|Kathleen Turner|Brady Bluhm|Laurie Holden|Steve Tom|Rob Riggle|Don Lake|Patricia French,Bobby Farrelly|Peter Farrelly,Bobby Farrelly|Peter Farrelly|Mike Cerrone|Bennett Yellin|Sean Anders|John Morris
9036,Eight Below,Paul Walker|Bruce Greenwood|Moon Bloodgood|Jason Biggs|Gerard Plunkett|August Schellenberg|Wendy Crewson,Frank Marshall,David DiGilio
257211,The Intern,Robert De Niro|Anne Hathaway|Rene Russo|Anders Holm|JoJo Kushner|Andrew Rannells|Adam Devine|Zack Pearlman|Jason Orley|Christina Scherer,Nancy Meyers,Nancy Meyers
323675,Ride Along 2,Kevin Hart|Ice Cube|Olivia Munn|Tika Sumpter|Ken Jeong|Tyrese Gibson|Nadine Velazquez|Benjamin Bratt|Glen Powell|Sherri Shepherd,Tim Story,Greg Coolidge|Phil Hay|Matt Manfredi
9361,The Last of the Mohicans,Daniel Day-Lewis|Madeleine Stowe|Russell Means|Eric Schweig|Jodhi May|Steven Waddington|Wes Studi|Maurice Roeves|Patrice Chéreau|Edward Blatchford,Michael Mann,Michael Mann|Christopher Crowe|James Fenimore Cooper|Paul Perez
1677,Ray,Jamie Foxx|Kerry Washington|Regina King|Harry Lennix|Clifton Powell|Bokeem Woodbine|Sharon Warren|C.J. Sanders|Curtis Armstrong|Richard Schiff,Taylor Hackford,Taylor Hackford|James L. White
187,Sin City,Jessica Alba|Devon Aoki|Clive Owen|Rosario Dawson|Mickey Rourke|Bruce Willis|Benicio del Toro|Michael Clarke Duncan|Alexis Bledel|Carla Gugino,Robert Rodriguez|Frank Miller,Frank Miller
7461,Vantage Point,Dennis Quaid|Matthew Fox|Forest Whitaker|Sigourney Weaver|William Hurt|Ayelet Zurer|Edgar Ramírez|Eduardo Noriega|Saïd Taghmaoui|Zoe Saldana,Pete Travis,Barry Levy
16538,"I Love You, Man",Paul Rudd|Jason Segel|Rashida Jones|Andy Samberg|J.K. Simmons|Jane Curtin|Jon Favreau|Jaime Pressly|Rob Huebel|Thomas Lennon,John Hamburg,John Hamburg|Larry Levin
9889,Shallow Hal,Gwyneth Paltrow|Jack Black|Jason Alexander|Joe Viterelli|Bruce McGill|Tony Robbins|Susan Ward|Zen Gesner|Brooke Burns|Rob Moran,Bobby Farrelly|Peter Farrelly,Bobby Farrelly|Peter Farrelly|Sean Moynihan
820,JFK,Kevin Costner|Tommy Lee Jones|Gary Oldman|Kevin Bacon|Michael Rooker|Jack Lemmon|Laurie Metcalf|Sissy Spacek|Joe Pesci|John Candy,Oliver Stone,Oliver Stone|Jim Marrs|Jim Garrison|Zachary Sklar
11565,Big Momma's House 2,Martin Lawrence|Nia Long|Emily Procter|Zachary Levi|Mark Moses|Kat Dennings|Chloë Grace Moretz|Marisol Nichols,John Whitesell,Don Rhymer
6073,The Mexican,Brad Pitt|Julia Roberts|James Gandolfini|J.K. Simmons|Gene Hackman|Bob Balaban|Michael Cerveris|Richard Coca|David Krumholtz|Castulo Guerra,Gore Verbinski,J.H. Wyman
16996,17 Again,Zac Efron|Leslie Mann|Matthew Perry|Tyler Steelman|Allison Miller|Michelle Trachtenberg|Sterling Knight|Thomas Lennon|Kat Graham|Tiya Sircar,Burr Steers,Jason Filardi
193610,The Other Woman,Cameron Diaz|Leslie Mann|Kate Upton|Don Johnson|Nikolaj Coster-Waldau|Taylor Kinney|Nicki Minaj|Alyshia Ochse|David Thornton|Kenneth Maharaj,Nick Cassavetes,Melissa Stack
19912,The Final Destination,Bobby Campo|Shantel VanSanten|Nick Zano|Haley Webb|Krista Allen|Andrew Fiscella|Justin Welborn|Stephanie Honoré|Lara Grice|Jackson Walker,David R. Ellis,Eric Bress|Jeffrey Reddick
296098,Bridge of Spies,Tom Hanks|Mark Rylance|Amy Ryan|Alan Alda|Sebastian Koch|Austin Stowell|Billy Magnussen|Michael Simon Hall|Edward James Hyland|Stephen Kunken,Steven Spielberg,Joel Coen|Ethan Coen|Matt Charman
8007,Behind Enemy Lines,Owen Wilson|Gene Hackman|Gabriel Macht|Charles Malik Whitfield|David Keith|Olek Krupa|Joaquim de Almeida|Vladimir Mashkov|Marko Igonda|Eyal Podell,John Moore,David Veloz|Zak Penn
32823,Get Him to the Greek,Jonah Hill|Russell Brand|Rose Byrne|Elisabeth Moss|Colm Meaney|Sean Combs|Kali Hawk|Aziz Ansari|Nick Kroll|Carla Gallo,Nicholas Stoller,Jason Segel|Nicholas Stoller
4380,Shall We Dance?,Richard Gere|Jennifer Lopez|Susan Sarandon|Lisa Ann Walter|Stanley Tucci|Anita Gillette|Bobby Cannavale|Omar Benson Miller|Tamara Hope|Stark Sands,Peter Chelsom,Audrey Wells
11551,Small Soldiers,Gregory Smith|Kirsten Dunst|Denis Leary|Phil Hartman|David Cross|Jay Mohr|Kevin Dunn|Ann Magnuson|Wendy Schaal|Jacob Smith,Joe Dante,Ted Elliott|Terry Rossio|Adam Rifkin|Gavin Scott
10336,Spawn,Michael Jai White|Martin Sheen|John Leguizamo|Theresa Randle|Nicol Williamson|D. B. Sweeney|Melinda Clarke|Miko Hughes|Sydni Beaudoin|Frank Welker,Mark A.Z. Dippé,Alan B. McElroy|Todd McFarlane
11362,The Count of Monte Cristo,Jim Caviezel|Guy Pearce|Richard Harris|James Frain|Dagmara Domińczyk|Michael Wincott|Luis Guzmán|Christopher Adamson|J. B. Blanc|Henry Cavill,Kevin Reynolds,Jay Wolpert|Alexandre Dumas père
50348,The Lincoln Lawyer,Matthew McConaughey|Marisa Tomei|Ryan Phillippe|William H. Macy|Josh Lucas|John Leguizamo|Michael Peña|Bob Gunton|Frances Fisher|Bryan Cranston,Brad Furman,Michael Connelly|John Romano
48138,Unknown,Liam Neeson|Diane Kruger|January Jones|Aidan Quinn|Bruno Ganz|Frank Langella|Sebastian Koch|Olivier Schneider|Stipe Erceg|Rainer Bock,Jaume Collet-Serra,Stephen Cornwell|Oliver Butcher|Didier Van Cauwelaert
1124,The Prestige,Hugh Jackman|Christian Bale|Michael Caine|Scarlett Johansson|Andy Serkis|Samantha Mahurin|David Bowie|Piper Perabo|Rebecca Hall|Daniel Davis,Christopher Nolan,Christopher Nolan|Jonathan Nolan|Christopher Priest
227159,Horrible Bosses 2,Jason Bateman|Jason Sudeikis|Charlie Day|Jennifer Aniston|Kevin Spacey|Jamie Foxx|Chris Pine|Christoph Waltz|Jonathan Banks|Lindsay Sloane,Sean Anders,John Francis Daley|Sean Anders|John Morris|Michael Markowitz|Jonathan M. Goldstein
68179,Escape from Planet Earth,Brendan Fraser|Rob Corddry|Ricky Gervais|Jessica Alba|Sarah Jessica Parker|Kaitlin Olson|Ashley Eckstein|Gregg Binkley|Sofía Vergara|Steve Zahn,Callan Brunker,Cory Edwards|Tony Leech|Callan Brunker|Bob Barlen|Scott Underwood
1579,Apocalypto,Rudy Youngblood|Raoul Max Trujillo|Gerardo Taracena|Iazua Larios|Antonio Monroy|María Isabel Díaz|Dalia Hernández|Jonathan Brewer|Morris Birdyellowhead|Carlos Emilio Báez,Mel Gibson,Mel Gibson|Farhad Safinia
708,The Living Daylights,Timothy Dalton|Maryam d'Abo|Jeroen Krabbé|Joe Don Baker|John Rhys-Davies|Art Malik|Andreas Wisniewski|Thomas Wheatley|Desmond Llewelyn|Robert Brown,John Glen,Ian Fleming|Richard Maibaum|Michael G. Wilson
34851,Predators,Topher Grace|Alice Braga|Laurence Fishburne|Adrien Brody|Danny Trejo|Walton Goggins|Oleg Taktarov|Louis Ozawa Changchien|Carey Jones|Brian Steele,Nimród Antal,Jim Thomas|Alex Litvak|Michael Finch
9930,Legal Eagles,Robert Redford|Debra Winger|Daryl Hannah|Brian Dennehy|Terence Stamp|Steven Hill|David Clennon|John McMartin|Jennifer Dundas|Roscoe Lee Browne,Ivan Reitman,Jim Cash|Jack Epps Jr.
1586,Secret Window,Johnny Depp|John Turturro|Timothy Hutton|Charles S. Dutton|Len Cariou|Joan Heney|John Dunn-Hill|Vlasta Vrána|Matt Holland|Gillian Ferrabee,David Koepp,David Koepp|Stephen King|Brick Mason
2044,The Lake House,Keanu Reeves|Sandra Bullock|Shohreh Aghdashloo|Christopher Plummer|Ebon Moss-Bachrach|Willeke van Ammelrooy|Dylan Walsh|Lynn Collins|Mike Bacarella|Kevin M. Brennan,Alejandro Agresti,David Auburn
9913,The Skeleton Key,Kate Hudson|Gena Rowlands|Peter Sarsgaard|John Hurt|Joy Bryant|Marion Zinser|Maxine Barnett|Fahnlohnee R. Harris|Deneen Tyler|Ann Dalrymple,Iain Softley,Ehren Kruger|Richard K. Buoen
71864,The Odd Life of Timothy Green,Jennifer Garner|Joel Edgerton|Ron Livingston|Rosemarie DeWitt|CJ Adams|Patrick Brouder|Chan Creswell|William J. Harrison|Odeya Rush|Shohreh Aghdashloo,Peter Hedges,Peter Hedges
10761,Made of Honor,Patrick Dempsey|Michelle Monaghan|Kevin McKidd|Chris Messina|Richmond Arquette|Busy Philipps|Kadeem Hardison|Whitney Cummings|Kathleen Quinlan|Sydney Pollack,Paul Weiland,Deborah Kaplan|Harry Elfont|Adam Sztykiel
209451,Jersey Boys,Christopher Walken|Vincent Piazza|Freya Tingley|James Madio|Sean Whalen|Kathrine Narducci|Francesca Eastwood|Mike Doyle|Steve Schirripa|Barry Livingston,Clint Eastwood,Marshall Brickman|Rick Elice
11975,The Rainmaker,Matt Damon|Danny DeVito|Jon Voight|Claire Danes|Mary Kay Place|Dean Stockwell|Virginia Madsen|Mickey Rourke|Randy Travis|Roy Scheider,Francis Ford Coppola,Francis Ford Coppola|Michael Herr|John Grisham
4970,Gothika,Halle Berry|Robert Downey Jr.|Charles S. Dutton|Penélope Cruz|John Carroll Lynch|Bernard Hill|Dorian Harewood|Kathleen Mackey|Matthew G. Taylor|Andrea Sheldon,Mathieu Kassovitz,Sebastian Gutierrez|Geof Isherwood
11831,Amistad,Morgan Freeman|Nigel Hawthorne|Anthony Hopkins|Djimon Hounsou|Matthew McConaughey|David Paymer|Pete Postlethwaite|Stellan Skarsgård|Chiwetel Ejiofor|Anna Paquin,Steven Spielberg,David Franzoni
9096,Medicine Man,Sean Connery|Lorraine Bracco|José Wilker|Rodolfo De Alexandre|Angelo Barra Moreira|Francisco Tsiren Tsere Rereme|Elias Monteiro Da Silva|Edinei Maria Serrio Dos Santos|Bec-Kana-Re Dos Santos Kaiapo|José Lavat,John McTiernan,Tom Schulman|Sally Robinson
440,Aliens vs Predator: Requiem,Steven Pasquale|Reiko Aylesworth|John Ortiz|Ariel Gade|Sam Trammell|Kristen Hager|Robert Joy|David Paetkau|Tom Woodruff Jr.|Ian Whyte,Colin Strause|Greg Strause,Jim Thomas|John Thomas|Dan O'Bannon|Ronald Shusett|Shane Salerno
11011,Ri¢hie Ri¢h,Macaulay Culkin|John Larroquette|Edward Herrmann|Christine Ebersole|Michael Maccarone|Joel Robinson|Jonathan Hilario|Rory Culkin|Jonathan Hyde|Stephi Lineburg,Donald Petrie,Tom S. Parker|Jim Jennewein
10641,Autumn in New York,Richard Gere|Winona Ryder|Anthony LaPaglia|Elaine Stritch|Vera Farmiga|Sherry Stringfield|Jill Hennessy|J.K. Simmons|Sam Trammell|Mary Beth Hurt,Joan Chen,Allison Burnett
11172,Music and Lyrics,Drew Barrymore|Hugh Grant|Scott Porter|Brad Garrett|Haley Bennett|Nick Bacon|Andrew Wyatt|Dan McMillan|Tom Foligno|Zak Orth,Marc Lawrence,Marc Lawrence
39513,Paul,Seth Rogen|Simon Pegg|Nick Frost|Jason Bateman|Kristen Wiig|Bill Hader|Blythe Danner|Joe Lo Truglio|John Carroll Lynch|Jane Lynch,Greg Mottola,Simon Pegg|Nick Frost
82687,The Guilt Trip,Seth Rogen|Barbra Streisand|Yvonne Strahovski|Colin Hanks|Adam Scott|Danny Pudi|Kathy Najimy|Casey Wilson|Brett Cullen|Dale Dickey,Anne Fletcher,Dan Fogelman
41446,Scream 4,David Arquette|Neve Campbell|Courteney Cox|Emma Roberts|Hayden Panettiere|Anthony Anderson|Adam Brody|Rory Culkin|Mary McDonnell|Marley Shelton,Wes Craven,Kevin Williamson
8224,8MM,Nicolas Cage|Joaquin Phoenix|James Gandolfini|Chris Bauer|Anthony Heald|Peter Stormare|Catherine Keener|Norman Reedus|Amy Morton|Jenny Powell,Joel Schumacher,Andrew Kevin Walker
10537,The Doors,Val Kilmer|Meg Ryan|Kyle MacLachlan|Frank Whaley|Kevin Dillon|Michael Wincott|Michael Madsen|Josh Evans|Costas Mandylor|Dennis Burkley,Oliver Stone,Oliver Stone|Randall Jahnson
225886,Sex Tape,Cameron Diaz|Jason Segel|Rob Corddry|Ellie Kemper|Rob Lowe|Nat Faxon|Nancy Lenehan|Giselle Eisenberg|Harrison Holzer|Sebastian Hedges Thomas,Jake Kasdan,Jason Segel|Nicholas Stoller|Kate Angelo
10385,Hanging Up,Meg Ryan|Diane Keaton|Lisa Kudrow|Walter Matthau|Adam Arkin|Shaun Duke|Ann Bortolotti|Cloris Leachman|Maree Cheatham|Myndy Crist,Diane Keaton,Nora Ephron|Delia Ephron
55779,Final Destination 5,Emma Bell|Nicholas D'Agosto|Miles Fisher|Ellen Wroe|Jacqueline MacInnes Wood|P. J. Byrne|Arlen Escarpeta|David Koechner|Courtney B. Vance|Tony Todd,Steven Quale,Eric Heisserer
10154,Mickey Blue Eyes,Hugh Grant|James Caan|Jeanne Tripplehorn|Burt Young|James Fox|Joe Viterelli|Gerry Becker|Maddie Corman|Tony Darrow|Paul Lazar,Kelly Makin,Robert Kuhn|Adam Scheinman
10647,Pay It Forward,Kevin Spacey|Helen Hunt|Haley Joel Osment|Jay Mohr|Jim Caviezel|Jon Bon Jovi|Angie Dickinson|David Ramsey|Gary Werntz|Colleen Flynn,Mimi Leder,Leslie Dixon|Catherine Ryan Hyde
11431,Fever Pitch,Drew Barrymore|Jimmy Fallon|Jason Spevack|Jack Kehler|Maureen Keiller|Daniel Greene|Ione Skye|Marissa Jaret Winokur|KaDee Strickland|JoBeth Williams,Bobby Farrelly|Peter Farrelly,Nick Hornby|Lowell Ganz|Babaloo Mandel
8457,Drillbit Taylor,Owen Wilson|Leslie Mann|Josh Peck|David Dorfman|Nate Hartley|Alex Frost|Troy Gentile|Casey Boersma|Dylan Boersma|Lisa Ann Walter,Steven Brill,John Hughes|Seth Rogen|Kristofor Brown
188161,A Million Ways to Die in the West,Seth MacFarlane|Charlize Theron|Liam Neeson|Amanda Seyfried|Neil Patrick Harris|Giovanni Ribisi|Sarah Silverman|Christopher Hagen|Wes Studi|Matt Clark,Seth MacFarlane,Seth MacFarlane|Alec Sulkin|Wellesley Wild
8850,The Shadow,Alec Baldwin|John Lone|Penelope Ann Miller|Peter Boyle|Ian McKellen|Tim Curry|Jonathan Winters|Sab Shimono|Brady Tsurutani|James Hong,Russell Mulcahy,David Koepp
64685,Extremely Loud & Incredibly Close,Thomas Horn|Tom Hanks|Sandra Bullock|Max von Sydow|John Goodman|Viola Davis|Jeffrey Wright|Zoe Caldwell|Hazelle Goodman|Adrian Martinez,Stephen Daldry,Eric Roth|Jonathan Safran Foer
38357,Morning Glory,Rachel McAdams|Harrison Ford|Patrick Wilson|Jeff Goldblum|Diane Keaton|50 Cent|Arden Myrin|Noah Bean|Vanessa Aspillaga|Jeff Hiller,Roger Michell,Aline Brosh McKenna
10060,Get Rich or Die Tryin',50 Cent|Joy Bryant|Adewale Akinnuoye-Agbaje|Omar Benson Miller|Terrence Howard|Viola Davis|Ashley Walters|Tory Kittles|Marc John Jefferies|Sullivan Walker,Jim Sheridan,Terence Winter
11398,The Art of War,Wesley Snipes|Donald Sutherland|Maury Chaykin|Anne Archer|Michael Biehn|Cary-Hiroyuki Tagawa|Marie Matiko,Christian Duguay,Wayne Beach|Simon Barry
1833,Rent,Anthony Rapp|Adam Pascal|Rosario Dawson|Jesse L. Martin|Wilson Jermaine Heredia|Idina Menzel|Tracie Thoms|Taye Diggs|Aaron Lohr|Daniel London,Chris Columbus,Stephen Chbosky|Jonathan Larson
10391,Bless the Child,Kim Basinger|Angela Bettis|Holliston Coleman|Rufus Sewell|Christina Ricci|Jimmy Smits|Michael Gaston|Lumi Cavazos|Dimitra Arliss|Eugene Lipinski,Chuck Russell,Tom Rickman|Clifford Green|Cathy Cash Spellman|Ellen Green
8970,The Out-of-Towners,Steve Martin|Goldie Hawn|John Cleese|Mark McKinney|Jessica Cauffiel|Charlie Dell|Tom Riis Farrell|Cynthia Nixon|Josh Mostel|Anne Haney,Sam Weisman,Marc Lawrence
9306,The Island of Dr. Moreau,Marlon Brando|Val Kilmer|David Thewlis|Fairuza Balk|Daniel Rigney|Temuera Morrison|Nelson de la Rosa|Peter Elliott|Mark Dacascos|Ron Perlman,John Frankenheimer|Richard Stanley,H.G. Wells|Richard Stanley|Ron Hutchinson
11370,The Musketeer,Catherine Deneuve|Mena Suvari|Stephen Rea|Tim Roth|Justin Chambers|Bill Treacher|Daniel Mesguich|David Schofield|Nick Moran|Steve Speirs,Peter Hyams,Alexandre Dumas père|Gene Quintano|James Doh
12184,The Other Boleyn Girl,Natalie Portman|Scarlett Johansson|Eric Bana|Jim Sturgess|Kristin Scott Thomas|Mark Rylance|David Morrissey|Ana Torrent|Eddie Redmayne|Benedict Cumberbatch,Justin Chadwick,Peter Morgan|Philippa Gregory
1921,Sweet November,Keanu Reeves|Charlize Theron|Jason Isaacs|Greg Germann|Lauren Graham|Michael Rosenbaum|Frank Langella|Robert Joy|Liam Aiken|Jason Kravits,Pat O'Connor,Kurt Voelker
1683,The Reaping,Hilary Swank|David Morrissey|Idris Elba|AnnaSophia Robb|Stephen Rea|Andrea Frankle|William Ragsdale|John McConnell|David Jensen|Yvonne Landry,Stephen Hopkins,Carey Hayes|Chad Hayes|Brian Rousso
203,Mean Streets,Harvey Keitel|Robert De Niro|David Proval|Amy Robinson|Richard Romanus|Cesare Danova|Victor Argo|George Memmoli|Lenny Scaletta|Jean Bell,Martin Scorsese,Martin Scorsese|Mardik Martin
11858,Renaissance Man,Danny DeVito|Mark Wahlberg|Gregory Hines|James Remar|Ed Begley Jr.|Lillo Brancato|Stacey Dash|Kadeem Hardison|Cliff Robertson|Richard T. Jones,Penny Marshall,Jim Burnstein
62835,Colombiana,Zoe Saldana|Cliff Curtis|Callum Blue|Michael Vartan|Lennie James|Amandla Stenberg|Graham McTavish|Jesse Borrego|Cynthia Addai-Robinson|Ofelia Medina,Olivier Megaton,Luc Besson|Robert Mark Kamen
18937,Quest for Camelot,Jessalyn Gilsig|Cary Elwes|Gary Oldman|Don Rickles|Jane Seymour|Pierce Brosnan|Bronson Pinchot|Jaleel White|Gabriel Byrne|John Gielgud,Frederik Du Chau,Kirk De Micco|David Seidler|Jacqueline Feather|Vera Chapman|Stephan Franck|William Schifrin
13536,City By The Sea,Robert De Niro|James Franco|Frances McDormand|Eliza Dushku|George Dzundza|Patti LuPone|Linda Emond|Stephi Lineburg,Michael Caton-Jones,Ken Hixon
15556,At First Sight,Val Kilmer|Mira Sorvino|Kelly McGillis|Steven Weber|Bruce Davison|Nathan Lane|Ken Howard|Laura Kirk|Drena De Niro|Margo Winkler,Irwin Winkler,Oliver Sacks|Steve Levitt
10718,Torque,Martin Henderson|Ice Cube|Monet Mazur|Adam Scott|Matt Schulze|Jaime Pressly|Joseph Kahn|Jay Hernandez|Christina Milian|Faizon Love,Joseph Kahn,Matt Johnson|Jonathan Woods
11062,City Hall,Al Pacino|John Cusack|Bridget Fonda|Danny Aiello|Martin Landau|David Paymer|Richard Schiff,Harold Becker,Ken Lipper
10802,Showgirls,Elizabeth Berkley|Kyle MacLachlan|Gina Gershon|Glenn Plummer|Robert Davi|Alan Rachins|Gina Ravera|Lin Tucci|Greg Travis|Al Ruscio,Paul Verhoeven,Joe Eszterhas
1887,Marie Antoinette,Kirsten Dunst|Jason Schwartzman|Judy Davis|Rip Torn|Rose Byrne|Asia Argento|Molly Shannon|Shirley Henderson|Danny Huston|Marianne Faithfull,Sofia Coppola,Sofia Coppola
6071,Kiss of Death,David Caruso|Samuel L. Jackson|Nicolas Cage|Helen Hunt|Kathryn Erbe|Stanley Tucci|Michael Rapaport|Ving Rhames|Philip Baker Hall|Anthony Heald,Barbet Schroeder,Richard Price|Eleazar Lipsky
10461,Get Carter,Sylvester Stallone|Miranda Richardson|Rachael Leigh Cook|Mickey Rourke|Johnny Strong|Rhona Mitra|John C. McGinley|Alan Cumming|Michael Caine|Gretchen Mol,Stephen T. Kay,David McKenna|Ted Lewis
80278,The Impossible,Naomi Watts|Ewan McGregor|Tom Holland|Samuel Joslin|Oaklee Pendergast|Marta Etura |Sönke Möhring|Geraldine Chaplin|Ploy Jindachote|Jomjaoi Sae-Limh,Juan Antonio Bayona,Sergio G. Sánchez
12704,Ishtar,Warren Beatty|Dustin Hoffman|Isabelle Adjani|Charles Grodin|Jack Weston|Tess Harper|Carol Kane|Aharon Ipalé|Cristine Rose|Matt Frewer,Elaine May,Elaine May
10315,Fantastic Mr. Fox,George Clooney|Meryl Streep|Jason Schwartzman|Bill Murray|Wallace Wolodarsky|Eric Chase Anderson|Michael Gambon|Willem Dafoe|Owen Wilson|Jarvis Cocker,Wes Anderson,Roald Dahl|Wes Anderson|Noah Baumbach
16643,Life or Something Like It,Angelina Jolie|Edward Burns|Tony Shalhoub|Christian Kane|Melissa Errico|Lisa Thornhill|Stockard Channing|Gregory Itzin|Max Baker|Christopher Shyer,Stephen Herek,Dana Stevens|John Scott Shepherd
2687,Memoirs of an Invisible Man,Chevy Chase|Daryl Hannah|Sam Neill|Michael McKean|Stephen Tobolowsky|Jim Norton|Pat Skipper|Paul Perri|Richard Epcar|Steven Barr,John Carpenter,William Goldman|H.F. Saint|Robert Collector|Dana Olsen
194,Amélie,Audrey Tautou|Mathieu Kassovitz|Rufus|Jamel Debbouze|Claire Maurier|Isabelle Nanty|Dominique Pinon|Artus de Penguern|Yolande Moreau|Lorella Cravotta,Jean-Pierre Jeunet,Jean-Pierre Jeunet|Guillaume Laurant
11025,New York Minute,Ashley Olsen|Mary-Kate Olsen|Eugene Levy|Andy Richter|Riley Smith|Drew Pinsky|Darrell Hammond|Andrea Martin|Bob Saget|Jack Osbourne,Dennie Gordon,Adam Cooper|Bill Collage|Emily Fox
8849,Alfie,Jude Law|Marisa Tomei|Omar Epps|Jane Krakowski|Renée Taylor|Jeff Harding|Sienna Miller|Nia Long|Susan Sarandon|Kevin Rahm,Charles Shyer,Charles Shyer|Elaine Pope|Bill Naughton
78698,Big Miracle,Drew Barrymore|John Krasinski|Kristen Bell|Vinessa Shaw|Dermot Mulroney|Ted Danson|Kathy Baker|Tim Blake Nelson|Stephen Root|John Michael Higgins,Ken Kwapis,Jack Amiel|Michael Begler|Thomas Rose
30943,The Deep End of the Ocean,Michelle Pfeiffer|Treat Williams|Whoopi Goldberg|Jonathan Jackson|Cory Buck|Ryan Merriman|Alexa PenaVega|Michael McGrady|Brenda Strong|Michael McElroy,Ulu Grosbard,Stephen Schiff|Jacquelyn Mitchard
9544,FearDotCom,Stephen Dorff|Natascha McElhone|Stephen Rea|Udo Kier|Amelia Curtis|Jeffrey Combs|Anna Thalbach|Gesine Cukrowski|Nigel Terry|Michael Sarrazin,William Malone,Moshe Diamant|Josephine Coyle
24418,Cirque du Freak: The Vampire's Assistant,John C. Reilly|Josh Hutcherson|Chris Massoglia|Patrick Fugit|Salma Hayek|Jessica Carlson|Michael Cerveris|Ray Stevenson|Morgan Saylor|Don McManus,Paul Weitz,Paul Weitz|Brian Helgeland|Darren Shan
7288,Duplex,Ben Stiller|Drew Barrymore|Eileen Essell|Amber Valletta|Justin Theroux|Swoosie Kurtz|Jackie Sandler|Harvey Fierstein|James Remar|Robert Wisdom,Danny DeVito,Larry Doyle
14655,Soul Men,Samuel L. Jackson|Bernie Mac|Sharon Leal|Adam Herschman|Sean Hayes|Affion Crockett|Jackie Long|Mike Epps|John Legend|Isaac Hayes,Malcolm D. Lee,Robert Ramsey|Matthew Stone
24575,Raise the Titanic,M. Emmet Walsh|Richard Jordan|David Selby|Anne Archer|Alec Guinness|Bo Brundin|Jason Robards|Michael Ensign|Maurice Kowalewski,Jerry Jameson,Clive Cussler|Adam Kennedy|Eric Hughes
10366,Universal Soldier: The Return,Jean-Claude Van Damme|Kiana Tom|Bill Goldberg|Michael Jai White|Heidi Schanz|Xander Berkeley|Justin Lazard|Daniel von Bargen|James Black|Karis Paige Bryant,Mic Rodgers,William Malone|John Fasano
19898,Pandorum,Ben Foster|Dennis Quaid|Cam Gigandet|Antje Traue|Cung Le|Eddie Rouse|Norman Reedus|André Hennicke|Friederike Kempter|Niels-Bruno Schmidt,Christian Alvart,Christian Alvart|Travis Milloy
4965,Impostor,Gary Sinise|Madeleine Stowe|Mekhi Phifer|Vincent D'Onofrio|Tony Shalhoub|Tim Guinee|Gary Dourdan|Ivana Miličević|Burt Bulos|DTeflon,Gary Fleder,Philip K. Dick|Scott Rosenberg|Ehren Kruger|David Twohy|Caroline Case
15074,Extreme Ops,Devon Sawa|Bridgette Wilson|Rufus Sewell|Rupert Graves|Heino Ferch|Joe Absolom|Jana Pallaske|Jean-Pierre Castaldi|Liliana Komorowska|Klaus Löwitsch,Christian Duguay,Timothy Scott Bogart|Michael Zaidan|Mark Mullin
56715,Just Visiting,Jean Reno|Christina Applegate|Christian Clavier|Matt Ross|Tara Reid|Bridgette Wilson|John Aylward|Malcolm McDowell|George Plimpton|Sarah Badel,Jean-Marie Poiré,John Hughes|Christian Clavier|Jean-Marie Poiré
1272,Sunshine,Cillian Murphy|Rose Byrne|Chris Evans|Michelle Yeoh|Cliff Curtis|Hiroyuki Sanada|Troy Garity|Benedict Wong|Mark Strong|Chipo Chung,Danny Boyle,Alex Garland
72358,A Thousand Words,Eddie Murphy|Allison Janney|Cliff Curtis|Clark Duke|Kerry Washington|Emanuel Ragsdale|Jill Basey|Greg Collins|Robert LeQuang|Michael G. Wilkinson,Brian Robbins,Steve Koren
20542,Delgo,"Freddie Prinze Jr.|Jennifer Love Hewitt|Val Kilmer|Anne Bancroft|Chris Kattan|Malcolm McDowell|Michael Clarke Duncan|Louis Gossett, Jr.|Eric Idle|Burt Reynolds",Marc F. Adler|Jason Maurer,Marc F. Adler|Jason Maurer|Scott Biear|Carl Dream|Patrick J. Cowan|Jennifer A. Jones
266396,The Gunman,Sean Penn|Jasmine Trinca|Javier Bardem|Ray Winstone|Mark Rylance|Idris Elba|Peter Franzén|Billy Billingham|Daniel Adegboyega|Ade Oyefeso,Pierre Morel,Sean Penn|Pete Travis|Don MacPherson|Jean-Patrick Manchette
9978,Stormbreaker,Alex Pettyfer|Sarah Bolger|Ewan McGregor|Robbie Coltrane|Stephen Fry|Damian Lewis|Bill Nighy|Sophie Okonedo|Missi Pyle|Mickey Rourke,Geoffrey Sax,Anthony Horowitz
8271,Disturbia,Shia LaBeouf|Sarah Roemer|Carrie-Anne Moss|David Morse|Aaron Yoo|Jose Pablo Cantillo|Matt Craven|Viola Davis|Brandon Caruso|Luciano Rauso,D.J. Caruso,Christopher B. Landon|Carl Ellsworth
10428,Hackers,Jonny Lee Miller|Angelina Jolie|Jesse Bradford|Matthew Lillard|Renoly Santiago|Fisher Stevens|Alberta Watson|Laurence Mason|Lorraine Bracco|Wendell Pierce,Iain Softley,Rafael Moreu
5353,The Hunting Party,Richard Gere|Terrence Howard|James Brolin|Diane Kruger|Jesse Eisenberg|Goran Kostić|Mark Ivanir|Lejla Hadzimuratovic|Kristina Krepela|Ljubomir Kerekeš,Richard Shepard,Richard Shepard
11934,The Hudsucker Proxy,Tim Robbins|Jennifer Jason Leigh|Paul Newman|Charles Durning|John Mahoney|Jim True-Frost|Bill Cobbs|Bruce Campbell|Harry Bugin|Joe Grifasi,Joel Coen,Joel Coen|Ethan Coen|Sam Raimi
14392,The Warlords,Jet Li|Andy Lau|Takeshi Kaneshiro|Xu Jinglei|Wei Zongwan|Gu Bao-Ming|Wang Kuirong|Zhou Bo|Guo Xiaodong|Shi Zhao-Qi,Peter Chan|Raymond Yip Wai-Man,Chun Tin-Nam|James Yuen|Huang Jianxin|Aubrey Lam Oi-Wah|Guo Junli|Yuet-Jan Hui|He Jiping|Lan Xu
19495,Nomad: The Warrior,Kuno Becker|Jay Hernandez|Jason Scott Lee|Doskhan Zholzhaksynov|Ayanat Ksenbai|Mark Dacascos|Aziz Beyshenaliev|Erik Zholzhaksynov|Dilnaz Akhmadieva,Sergei Bodrov Jr.|Ivan Passer,Rustam Ibragimbekov
110415,Snowpiercer,Chris Evans|Song Kang-ho|Ed Harris|John Hurt|Tilda Swinton|Jamie Bell|Octavia Spencer|Ewen Bremner|Ko Ah-sung|Alison Pill,Bong Joon-ho,Bong Joon-ho|Kelly Masterson|Benjamin Legrand|Jacques Lob|Jean-Marc Rochette
77459,A Monster in Paris,Vanessa Paradis|Mathieu Chedid|Gad Elmaleh|François Cluzet|Ludivine Sagnier|Julie Ferrier|Bruno Salomone|Sébastien Desjours|Philippe Peythieu,Bibo Bergeron,Bibo Bergeron|Stéphane Kazandjian|Antoine Antin|Habib Louati
26486,The Last Shot,Matthew Broderick|Alec Baldwin|Toni Collette|Calista Flockhart|Ray Liotta|Tim Blake Nelson|James Rebhorn|Tony Shalhoub|Judy Greer|Buck Henry,Jeff Nathanson,Jeff Nathanson
9495,The Crow,Brandon Lee|Rochelle Davis|Ernie Hudson|Michael Wincott|Bai Ling|Sofia Shinas|Anna Levine|David Patrick Kelly|Angel David|Laurence Mason,Alex Proyas,James O'Barr|David J. Schow|John Shirley
256040,Baahubali: The Beginning,Prabhas|Rana Daggubati|Tamanna Bhatia|Anushka Shetty|Ramya Krishnan|Nassar|Sathyaraj|Sudeep|Adivi Sesh|Tanikella Bharani,S.S. Rajamouli,S.S. Rajamouli|Vijayendra Prasad|Madhan Karky|Rahul Koda
24420,The Time Traveler's Wife,Eric Bana|Rachel McAdams|Michelle Nolden|Arliss Howard|Ron Livingston|Brian Bisson|Maggie Castle|Fiona Reid|Philip Craig|Alex Ferris,Robert Schwentke,Bruce Joel Rubin|Audrey Niffenegger
1257,Because I Said So,Diane Keaton|Mandy Moore|Gabriel Macht|Tom Everett Scott|Lauren Graham|Piper Perabo|Stephen Collins|Ty Panitz|Matt Champagne|Colin Ferguson,Michael Lehmann,Karen Leigh Hopkins|Jessie Nelson
62214,Frankenweenie,Charlie Tahan|Catherine O'Hara|Martin Short|Martin Landau|Atticus Shaffer|Winona Ryder|Robert Capron|James Hiroyuki Liao|Conchata Ferrell|Tom Kenny,Tim Burton,Tim Burton|John August|Leonard Ripps|Jorgen Klubien|Philip Vallentin|Christian De Vita|Padraig Collins|Dean Roberts|Sharon Smith|Gabriele Zucchelli
16320,Serenity,Nathan Fillion|Gina Torres|Alan Tudyk|Morena Baccarin|Adam Baldwin|Jewel Staite|Sean Maher|Summer Glau|Ron Glass|Chiwetel Ejiofor,Joss Whedon,Joss Whedon
8842,Against the Ropes,Meg Ryan|Tony Shalhoub|Joe Cortese|Kerry Washington|Omar Epps|Charles S. Dutton|Tim Daly,Charles S. Dutton,Cheryl Edwards
9531,Superman III,Christopher Reeve|Richard Pryor|Jackie Cooper|Marc McClure|Annette O'Toole|Annie Ross|Pamela Stephenson|Robert Vaughn|Margot Kidder|Gavin O'Herlihy,Richard Lester,David Newman|Jerry Siegel|Joe Shuster|Leslie Newman
64807,Grudge Match,Robert De Niro|Sylvester Stallone|Alan Arkin|Jon Bernthal|Kevin Hart|Kim Basinger|LL Cool J|Judd Lormand|Nicole Andrews|Han Soto,Peter Segal,Rodney Rothman|Tim Kelleher
12289,Red Cliff,Chang Chen|Hu Jun|Tony Leung Chiu-Wai|Takeshi Kaneshiro|Song Jia|Zhao Wei|Zhang Fengyi|Lin Chi-Ling|Shidou Nakamura|You Yong,John Woo,John Woo|Luo Guanzhong|Chan Hon|Cheng Kuo|Sheng He-Yu
11529,Sweet Home Alabama,Reese Witherspoon|Josh Lucas|Patrick Dempsey|Candice Bergen|Rhona Mitra|Deborah Duke|Fred Ward|Mary Kay Place|Kevin Sussman|Melanie Lynskey,Andy Tennant,Douglas J. Eboch|C. Jay Cox
20943,The Ugly Truth,Katherine Heigl|Gerard Butler|Eric Winter|Bree Turner|Nick Searcy|Jesse D. Goins|Cheryl Hines|John Michael Higgins|Noah Matthews|Bonnie Somerville,Robert Luketic,Karen McCullah Lutz|Nicole Eastman
9099,Sgt. Bilko,Steve Martin|Dan Aykroyd|Phil Hartman|Glenne Headly|Daryl Mitchell|Chris Rock|Mitchell Whitfield|Eric Edwards|Austin Pendleton|Debra Jo Rupp,Jonathan Lynn,Andy Breckman
9488,Spy Kids 2: The Island of Lost Dreams,Antonio Banderas|Carla Gugino|Alexa PenaVega|Daryl Sabara|Steve Buscemi|Mike Judge|Danny Trejo|Cheech Marin|Matt O'Leary|Emily Osment,Robert Rodriguez,Robert Rodriguez
193,Star Trek: Generations,Patrick Stewart|Jonathan Frakes|Brent Spiner|LeVar Burton|Michael Dorn|Gates McFadden|Marina Sirtis|William Shatner|James Doohan|Walter Koenig,David Carson,Ronald D. Moore|Brannon Braga
44865,The Grandmaster,Tony Leung Chiu-Wai|Zhang Ziyi|Song Hye-kyo|Chang Chen|Zhao Benshan|Cung Le|Yuen Woo-ping|Wang Qingxiang|Zhang Jin|Julian Cheung,Wong Kar-wai,Wong Kar-wai|Xu Haofeng
55787,Water for Elephants,Robert Pattinson|Reese Witherspoon|Christoph Waltz|Tatum Etheridge|Hal Holbrook|Richard Brake|Paul Schneider|Sam Anderson|William Morse|Jim Norton,Francis Lawrence,Richard LaGravenese|Sara Gruen
257932,Dragon Nest: Warriors' Dawn,Carrie-Anne Moss|Lucas Grabeel|Blythe Auffarth|Charlie Schlatter|Simon Jaglom|Matthew Temple|Ying Huang|Ye Sun|Bianca Collins,Yuefeng Song,Bill Borden
10400,The Hurricane,Denzel Washington|Vicellous Reon Shannon|Deborah Kara Unger|Liev Schreiber|John Hannah|Dan Hedaya|Debbi Morgan|Clancy Brown|David Paymer|Harris Yulin,Norman Jewison,Armyan Bernstein|Dan Gordon|Rubin 'Hurricane' Carter
1957,Enough,Jennifer Lopez|Billy Campbell|Juliette Lewis|Dan Futterman|Fred Ward|Bill Cobbs|Jeff Kober|Bruce A. Young|Tessa Allen|Christopher Maher,Michael Apted,Nicholas Kazan
10833,Heartbreakers,Sigourney Weaver|Jennifer Love Hewitt|Gene Hackman|Ray Liotta|Jason Lee|Anne Bancroft|Stacey Travis|Jeffrey Jones|Nora Dunn|Sarah Silverman,David Mirkin,Paul Guay|Stephen Mazur|Robert Dunn
256961,Paul Blart: Mall Cop 2,Kevin James|Raini Rodriguez|Eduardo Verástegui|Daniella Alonso|Neal McDonough|David Henrie|D.B. Woodside|Nicholas Turturro|Loni Love|Gary Valentine,Andy Fickman,Kevin James|Nick Bakay
5852,Angel Eyes,Jennifer Lopez|Jim Caviezel|Jeremy Sisto|Terrence Howard|Sônia Braga|Victor Argo|Monet Mazur|Shirley Knight|Daniel Magder|Guylaine St-Onge,Luis Mandoki,Gerald Di Pego
12312,Joe Somebody,Tim Allen|Julie Bowen|Kelly Lynch|Greg Germann|Jim Belushi|Hayden Panettiere|Patrick Warburton|Ken Marino|Wolfgang Bodison|Cristi Conaway,John Pasquin,John Scott Shepherd
622,The Ninth Gate,Johnny Depp|Frank Langella|Lena Olin|Emmanuelle Seigner|Barbara Jefford|Jack Taylor|José López Rodero|James Russo|Willy Holt|Allen Garfield,Roman Polanski,Roman Polanski|Arturo Pérez-Reverte|John Brownjohn|Enrique Urbizu
11306,Extreme Measures,Hugh Grant|Gene Hackman|Sarah Jessica Parker|David Morse|Bill Nunn|John Toles-Bey|Paul Guilfoyle|Debra Monk|Shaun Austin-Olsen|André De Shields,Michael Apted,Tony Gilroy
12508,Rock Star,Mark Wahlberg|Jennifer Aniston|Jason Flemyng|Dominic West|Jason Bonham|Zakk Wylde|Jeff Pilson|Timothy Olyphant|Beth Grant|Timothy Spall,Stephen Herek,John Stockwell
25793,Precious,Gabourey Sidibe|Mo'Nique|Paula Patton|Mariah Carey|Lenny Kravitz|Sherri Shepherd|Stephanie Andujar|Chyna Layne|Amina Robinson|Xosha Roquemore,Lee Daniels,Geoffrey Fletcher|Sapphire
10534,White Squall,Jeff Bridges|Caroline Goodall|John Savage|Scott Wolf|Jeremy Sisto|Ryan Phillippe|David Lascher|David Lascher|Eric Michael Cole|Jason Marsden,Ridley Scott,Todd Robinson|Charles Gieg Jr.|Felix Sutton
1091,The Thing,Kurt Russell|Keith David|Wilford Brimley|Donald Moffat|Richard Dysart|Charles Hallahan|T. K. Carter|David Clennon|Peter Maloney|Richard Masur,John Carpenter,Bill Lancaster|John W. Campbell Jr.
87421,Riddick,Vin Diesel|Karl Urban|Katee Sackhoff|Jordi Mollà|Bokeem Woodbine|Nolan Gerard Funk|Noah Danby|Keri Hilson|Neil Napier|Dave Bautista,David Twohy,David Twohy
10871,Switchback,Dennis Quaid|Danny Glover|R. Lee Ermey|Claudia Stedelin|Brent Hinkley|Jared Leto|Ian Nelson|Walton Goggins|Ted Levine|Louis Schaefer,Jeb Stuart,Mel Efros
13503,Texas Rangers,James Van Der Beek|Rachael Leigh Cook|Ashton Kutcher|Dylan McDermott|Usher Raymond|Tom Skerritt|Randy Travis|Leonor Varela|Brian Martell|Alfred Molina,Steve Miner,George Durham|Scott Busby|Martin Copeland
13600,City of Ember,Saoirse Ronan|Harry Treadaway|Mary Kay Place|Bill Murray|Martin Landau|Toby Jones|Tim Robbins|David Ryall|Ian McElhinney|B.J. Hogg,Gil Kenan,Caroline Thompson|Jeanne Duprau
68722,The Master,Joaquin Phoenix|Philip Seymour Hoffman|Amy Adams|Laura Dern|Jesse Plemons|Ambyr Childers|Rami Malek|Madisen Beaty|Kevin J. O'Connor|Patty McCormack,Paul Thomas Anderson,Paul Thomas Anderson
14324,Virgin Territory,Ryan Cartwright|Hayden Christensen|Mischa Barton|Jay Villiers|Simone Spinazzè|Christopher Egan|Tim Roth|Craig Parkinson|Silvia Colloca|Chiara Gensini,David Leland,David Leland
14325,The Express,Rob Brown|Dennis Quaid|Darrin Henson|Charles S. Dutton|Aunjanue Ellis|Omar Benson Miller|Clancy Brown|Chadwick Boseman,Gary Fleder,Charles Leavitt
299687,The 5th Wave,Chloë Grace Moretz|Nick Robinson|Alex Roe|Maika Monroe|Zackary Arthur|Liev Schreiber|Maria Bello|Maggie Siff|Ron Livingston|Talitha Bateman,J Blakeson,Akiva Goldsman|Susannah Grant|Jeff Pinkner|Rick Yancey
312221,Creed,Michael B. Jordan|Sylvester Stallone|Graham McTavish|Tessa Thompson|Phylicia Rashād|Hans Marrero|Will Blagrove|Tony Bellew|Ritchie Coster|Jacob 'Stitch' Duran,Ryan Coogler,Sylvester Stallone|Ryan Coogler|Aaron Covington
23168,The Town,Ben Affleck|Rebecca Hall|Jeremy Renner|Jon Hamm|Blake Lively|Owen Burke|Titus Welliver|Pete Postlethwaite|Chris Cooper|Corena Chase,Ben Affleck,Ben Affleck|Aaron Stockard|Peter Craig|Chuck Hogan
76494,What to Expect When You're Expecting,Cameron Diaz|Jennifer Lopez|Elizabeth Banks|Anna Kendrick|Brooklyn Decker|Matthew Morrison|Rodrigo Santoro|Ben Falcone|Dennis Quaid|Chace Crawford,Kirk Jones,Heather Hach|Shauna Cross|Heidi Murkoff
4944,Burn After Reading,George Clooney|Frances McDormand|Brad Pitt|John Malkovich|Tilda Swinton|Richard Jenkins|Elizabeth Marvel|David Rasche|J.K. Simmons|Olek Krupa,Joel Coen|Ethan Coen,Joel Coen|Ethan Coen
10488,Nim's Island,Abigail Breslin|Jodie Foster|Gerard Butler|Michael Carman|Mark Brady|Anthony Simcoe|Christopher James Baker|Maddison Joyce|Peter Callan|Rhonda Doyle,Jennifer Flackett|Mark Levin,Paula Mazur|Jennifer Flackett|Mark Levin|Joseph Kwong|Wendy Orr
96721,Rush,Daniel Brühl|Chris Hemsworth|Olivia Wilde|Alexandra Maria Lara|Natalie Dormer|Christian McKay|Tom Wlaschiha|Pierfrancesco Favino|David Calder|Stephen Mangan,Ron Howard,Peter Morgan
334,Magnolia,Julianne Moore|William H. Macy|John C. Reilly|Tom Cruise|Philip Baker Hall|Philip Seymour Hoffman|Jason Robards|Alfred Molina|Melora Walters|Michael Bowen,Paul Thomas Anderson,Paul Thomas Anderson
23742,Cop Out,Bruce Willis|Tracy Morgan|Juan Carlos Hernández|Seann William Scott|Michelle Trachtenberg|Jason Lee|Kevin Pollak|Adam Brody|Ana de la Reguera|Rashida Jones,Kevin Smith,Mark Cullen|Robb Cullen
259694,How to Be Single,Dakota Johnson|Rebel Wilson|Alison Brie|Nicholas Braun|Damon Wayans Jr.|Anders Holm|Jake Lacy|Jason Mantzoukas|Leslie Mann|Maria Breyman,Christian Ditter,Dana Fox|Abby Kohn|Marc Silverstein|Liz Tuccillo
62837,Dolphin Tale,Morgan Freeman|Ashley Judd|Harry Connick Jr.|Nathan Gamble|Kris Kristofferson|Ray McKinnon|Frances Sternhagen|Cozi Zuehlsdorff|Nicholas Turner Martin|Carlos Jorge Guerrero,Charles Martin Smith,Karen Janszen|Noam Dromi
8966,Twilight,Kristen Stewart|Robert Pattinson|Billy Burke|Taylor Lautner|Peter Facinelli|Ashley Greene|Jackson Rathbone|Elizabeth Reaser|Kellan Lutz|Nikki Reed,Catherine Hardwicke,Melissa Rosenberg|Stephenie Meyer
8470,John Q,Denzel Washington|Robert Duvall|Anne Heche|Kimberly Elise|Daniel E. Smith|Larissa Laskin|James Woods|Ethan Suplee|Shawn Hatosy|Heather Wahlquist,Nick Cassavetes,James Kearns|Vince Peets
11001,Blue Streak,Martin Lawrence|Luke Wilson|Dave Chappelle|Peter Greene|Nicole Ari Parker|William Forsythe|Graham Beckel|Robert Miranda|Olek Krupa|Saverio Guerra,Les Mayfield,Stephen Carpenter|Michael Berry|John Blumenthal
138832,We're the Millers,Jason Sudeikis|Jennifer Aniston|Will Poulter|Emma Roberts|Ed Helms|Nick Offerman|Thomas Lennon|Kathryn Hahn|Molly C. Quinn|Tomer Sisley,Rawson Marshall Thurber,Steve Faber|Bob Fisher|Sean Anders|John Morris
16911,The Inhabited Island,Vasily Stepanov|Pyotr Fyodorov|Юлия Снигирь|Fyodor Bondarchuk|Sergey Garmash|Mikhail Evlanov|Anna Mikhalkova|Sergei Barkovsky|Maksim Sukhanov|Ignat Akrachkov,Fyodor Bondarchuk,Marina Dyashenko|Sergei Dyashenko|Arkadiy Strugatskiy|Борис Стругацкий|Eduard Volodarskiy
2163,Breakdown,Kurt Russell|J. T. Walsh|Kathleen Quinlan|M.C. Gainey|Jack Noseworthy|Rex Linn|Ritch Brinkley|Moira Harris|Kim Robillard|Thomas Kopache,Jonathan Mostow,Jonathan Mostow|Sam Montgomery
36670,Never Say Never Again,Sean Connery|Kim Basinger|Klaus Maria Brandauer|Edward Fox|Barbara Carrera|Max von Sydow|Bernie Casey|Alec McCowen|Pamela Salem|Rowan Atkinson,Irvin Kershner,Kevin McClory
23048,Hot Tub Time Machine,John Cusack|Lizzy Caplan|Rob Corddry|Craig Robinson|Clark Duke|Chevy Chase|Sebastian Stan|Collette Wolfe|Lyndsy Fonseca|Crispin Glover,Steve Pink,Sean Anders|John Morris|Josh Heald
227735,Dolphin Tale 2,Morgan Freeman|Ashley Judd|Nathan Gamble|Cozi Zuehlsdorff|Harry Connick Jr.|Kris Kristofferson|Bethany Hamilton|Austin Stowell|Austin Highsmith|Denisea Wilson,Charles Martin Smith,Charles Martin Smith|Karen Janszen|Noam Dromi
2155,Reindeer Games,Ben Affleck|Gary Sinise|Charlize Theron|Dennis Farina|Donal Logue|Danny Trejo|Isaac Hayes|James Frain|Dana Stubblefield|Mark Acheson,John Frankenheimer,Ehren Kruger
8409,A Man Apart,Vin Diesel|Larenz Tate|Timothy Olyphant|Geno Silva|Jacqueline Obradors|Steve Eastin|Juan Fernández|Jeff Kober|Marco Rodríguez|Mike Moroff,F. Gary Gray,Christian Gudegast|Paul Scheuring
222936,Aloha,Bradley Cooper|Emma Stone|Rachel McAdams|Bill Murray|John Krasinski|Danny McBride|Alec Baldwin|Bill Camp|Jaeden Lieberher|Danielle Rose Russell,Cameron Crowe,Cameron Crowe
31908,Ghosts of Mississippi,Alec Baldwin|James Woods|Virginia Madsen|Whoopi Goldberg|Craig T. Nelson|William H. Macy|Susanna Thompson|Lucas Black|Joseph Tello|Alexa PenaVega,Rob Reiner,Lewis Colick
10219,Snow Falling on Cedars,Ethan Hawke|Youki Kudoh|Reeve Carney|Anne Suzuki|Rick Yune|Max von Sydow|James Rebhorn|James Cromwell|Richard Jenkins|Arija Bareikis,Scott Hicks,Ronald Bass|Scott Hicks|David Guterson
48171,The Rite,Anthony Hopkins|Colin O'Donoghue|Alice Braga|Toby Jones|Ciarán Hinds|Rutger Hauer|Marta Gastini|Maria Grazia Cucinotta|Arianna Veronesi|Andrea Calligari,Mikael Håfström,Michael Petroni|Matt Baglio
782,Gattaca,Ethan Hawke|Jude Law|Gore Vidal|Uma Thurman|Alan Arkin|Xander Berkeley|Jayne Brook|William Lee Scott|Loren Dean|Ernest Borgnine,Andrew Niccol,Andrew Niccol
75531,Isn't She Great,Bette Midler|Nathan Lane|Stockard Channing|David Hyde Pierce|John Cleese|John Larroquette|Amanda Peet|Dina Spybey-Waters,Andrew Bergman,Paul Rudnick
11802,Space Chimps,Andy Samberg|Cheryl Hines|Jeff Daniels|Patrick Warburton|Kristin Chenoweth|Kenan Thompson|Zack Shada|Carlos Alazraqui|Omid Abtahi|Patrick Breen,Kirk De Micco,Kirk De Micco
9776,Head of State,Chris Rock|Bernie Mac|Dylan Baker|Nick Searcy|Lynn Whitfield|Robin Givens|Tamala Jones|James Rebhorn|Keith David|Tracy Morgan,Chris Rock,Chris Rock|Ali LeRoi
18785,The Hangover,Bradley Cooper|Ed Helms|Zach Galifianakis|Justin Bartha|Heather Graham|Sasha Barrese|Jeffrey Tambor|Ken Jeong|Rachael Harris|Mike Tyson,Todd Phillips,Jon Lucas|Scott Moore
365222,Ip Man 3,Donnie Yen|Lynn Hung|Zhang Jin|Patrick Tam|Karena Ng|Kent Cheng|Louis Cheung|Leung Kar-Yan|Mike Tyson|Danny Chan Kwok-Kwan,Wilson Yip,Edmond Wong|Lai-yin Leung|Chan Tai-Li
817,Austin Powers: The Spy Who Shagged Me,Mike Myers|Heather Graham|Michael York|Robert Wagner|Rob Lowe|Seth Green|Mindy Sterling|Verne Troyer|Elizabeth Hurley|Gia Carides,Jay Roach,Mike Myers|Michael McCullers
268,Batman,Jack Nicholson|Michael Keaton|Kim Basinger|Michael Gough|Pat Hingle|Billy Dee Williams|Jack Palance|Jerry Hall|Tracey Walter|Lee Wallace,Tim Burton,Warren Skaaren|Bob Kane|Sam Hamm
45054,There Be Dragons,Charlie Cox|Dougray Scott|Wes Bentley|Rodrigo Santoro|Jordi Mollà|Derek Jacobi|Ana Torrent|Geraldine Chaplin|Charles Dance|Lily Cole,Roland Joffé,Roland Joffé
943,Lethal Weapon 3,Mel Gibson|Danny Glover|Joe Pesci|Rene Russo|Stuart Wilson|Steve Kahan|Mary Ellen Trainor|Darlene Love|Traci Wolfe|Ebonie Smith,Richard Donner,Robert Mark Kamen|Jeffrey Boam
22881,The Blind Side,Sandra Bullock|Quinton Aaron|Kathy Bates|Tim McGraw|Jae Head|Lily Collins|Ray McKinnon|Kim Dickens|Adriane Lenox|Catherine Dyer,John Lee Hancock,John Lee Hancock|Michael Lewis
10054,Spy Kids,Alexa PenaVega|Daryl Sabara|Antonio Banderas|Carla Gugino|Alan Cumming|Teri Hatcher|Cheech Marin|Danny Trejo|Robert Patrick|Tony Shalhoub,Robert Rodriguez,Robert Rodriguez|Marc Baird
51540,Horrible Bosses,Jennifer Aniston|Jason Bateman|Charlie Day|Jason Sudeikis|Colin Farrell|Jamie Foxx|Donald Sutherland|Lindsay Sloane|John Francis Daley|Kevin Spacey,Seth Gordon,John Francis Daley|Michael Markowitz|Jonathan M. Goldstein
44264,True Grit,Jeff Bridges|Matt Damon|Josh Brolin|Barry Pepper|Hailee Steinfeld|Domhnall Gleeson|Bruce Green|Ed Lee Corbin|Roy Lee Jones|Paul Rae,Joel Coen|Ethan Coen,Joel Coen|Ethan Coen
350,The Devil Wears Prada,Meryl Streep|Anne Hathaway|Emily Blunt|Stanley Tucci|Simon Baker|Adrian Grenier|Tracie Thoms|Rich Sommer|Daniel Sunjata|David Marshall Grant,David Frankel,Aline Brosh McKenna|Lauren Weisberger
152,Star Trek: The Motion Picture,William Shatner|Leonard Nimoy|DeForest Kelley|James Doohan|George Takei|Walter Koenig|Nichelle Nichols|Majel Barrett|Persis Khambatta|Stephen Collins,Robert Wise,Alan Dean Foster|Harold Livingston
109431,Identity Thief,Jason Bateman|Melissa McCarthy|Jon Favreau|Amanda Peet|T.I.|Génesis Rodríguez|Morris Chestnut|John Cho|Robert Patrick|Eric Stonestreet,Seth Gordon,Steve Conrad|Craig Mazin
1598,Cape Fear,Robert De Niro|Nick Nolte|Jessica Lange|Juliette Lewis|Joe Don Baker|Robert Mitchum|Gregory Peck|Illeana Douglas|Fred Dalton Thompson|Zully Montero,Martin Scorsese,John D. MacDonald|Wesley Strick
8065,21,Jim Sturgess|Kevin Spacey|Kate Bosworth|Aaron Yoo|Liza Lapira|Jacob Pitts|Laurence Fishburne|Jack McGee|Josh Gad|Sam Golzari,Robert Luketic,Allan Loeb|Peter Steinfeld|Ben Mezrich
271718,Trainwreck,Amy Schumer|Bill Hader|Brie Larson|Colin Quinn|Vanessa Bayer|Tilda Swinton|LeBron James|Mike Birbiglia|John Cena|Dave Attell,Judd Apatow,Amy Schumer
11638,Guess Who,Bernie Mac|Ashton Kutcher|Zoe Saldana|Judith Scott|Hal Williams|Kellee Stewart|Jessica Cauffiel,Kevin Rodney Sullivan,Peter Tolan|David Ronn|Jay Scherick
409,The English Patient,Ralph Fiennes|Juliette Binoche|Willem Dafoe|Kristin Scott Thomas|Naveen Andrews|Colin Firth|Julian Wadham|Torri Higginson|Jürgen Prochnow|Kevin Whately,Anthony Minghella,Anthony Minghella|Michael Ondaatje
2118,L.A. Confidential,Kevin Spacey|Guy Pearce|Danny DeVito|James Cromwell|Kim Basinger|Russell Crowe|David Strathairn|Ron Rifkin|Matt McCoy|Paul Guilfoyle,Curtis Hanson,Curtis Hanson|Brian Helgeland|James Ellroy|Gary Damian Thomas
11459,Sky High,Michael Angarano|Kurt Russell|Kelly Preston|Danielle Panabaker|Kevin Heffernan|Dee Jay Daniels|Kelly Vitz|Mary Elizabeth Winstead|Lynda Carter|Bruce Campbell,Mike Mitchell,Mark McCorkle|Bob Schooley|Paul Hernandez
10806,In & Out,Kevin Kline|Joan Cusack|Tom Selleck|Matt Dillon|Debbie Reynolds|Wilford Brimley|Bob Newhart|Gregory Jbara|Shalom Harlow|Shawn Hatosy,Frank Oz,Paul Rudnick
9348,Species,Natasha Henstridge|Ben Kingsley|Michael Madsen|Alfred Molina|Forest Whitaker|Michelle Williams|Marg Helgenberger|Jordan Lund|Herta Ware|William Utay,Roger Donaldson,Dennis Feldman
377,A Nightmare on Elm Street,John Saxon|Ronee Blakley|Heather Langenkamp|Amanda Wyss|Jsu Garcia|Johnny Depp|Robert Englund|Leslie Hoffman|Joe Unger|Charles Fleischer,Wes Craven,Wes Craven
8843,The Cell,Jennifer Lopez|Vincent D'Onofrio|Vince Vaughn|Marianne Jean-Baptiste|Catherine Sutherland|James Gammon|Colton James|Dylan Baker|Gerry Becker|Musetta Vander,Tarsem Singh,Mark Protosevich
9313,The Man in the Iron Mask,Leonardo DiCaprio|Jeremy Irons|Gérard Depardieu|Gabriel Byrne|John Malkovich|Anne Parillaud|Judith Godrèche|Edward Atterton|Peter Sarsgaard|Hugh Laurie,Randall Wallace,Randall Wallace|Alexandre Dumas père
39486,Secretariat,Diane Lane|John Malkovich|Scott Glenn|Dylan Walsh|Fred Dalton Thompson|Margo Martindale|Nelsan Ellis|James Cromwell|Otto Thorwarth|Michael Harding,Randall Wallace,Mike Rich
1273,TMNT,Chris Evans|Sarah Michelle Gellar|Mako|Kevin Smith|Patrick Stewart|Zhang Ziyi|Laurence Fishburne|Mitchell Whitfield|James Arnold Taylor|Mikey Kelley,Kevin Munroe,Kevin Munroe|Kevin Eastman|Peter Laird
13920,Radio,Cuba Gooding Jr.|Ed Harris|Alfre Woodard|S. Epatha Merkerson|Debra Winger|Chris Mulkey,Mike Tollin,Mike Rich
50544,Friends with Benefits,Justin Timberlake|Mila Kunis|Patricia Clarkson|Woody Harrelson|Nolan Gould|Shaun White|Jenna Elfman|Bryan Greenberg|Richard Jenkins|Masi Oka,Will Gluck,Will Gluck|Keith Merryman|David A. Newman
325133,Neighbors 2: Sorority Rising,Seth Rogen|Rose Byrne|Zac Efron|Chloë Grace Moretz|Kiersey Clemons|Dave Franco|Ike Barinholtz|Carla Gallo|Christopher Mintz-Plasse|Beanie Feldstein,Nicholas Stoller,Seth Rogen|Nicholas Stoller|Evan Goldberg|Brendan O'Brien|Andrew J. Cohen
140823,Saving Mr. Banks,Emma Thompson|Tom Hanks|Paul Giamatti|Colin Farrell|Ruth Wilson|Jason Schwartzman|Bradley Whitford|Annie Rose Buckley|B. J. Novak|Kathy Baker,John Lee Hancock,Sue Smith|Kelly Marcel
1883,Malcolm X,"Denzel Washington|Angela Bassett|Albert Hall|Al Freeman, Jr.|Delroy Lindo|Spike Lee|Theresa Randle|Kate Vernon|Lonette McKee|Tommy Hollis",Spike Lee,Spike Lee|Alex Haley|Malcolm X|Arnold Perl
89492,This Is 40,Paul Rudd|Leslie Mann|Jason Segel|Maude Apatow|Megan Fox|Lena Dunham|Melissa McCarthy|Charlyne Yi|John Lithgow|Robert Smigel,Judd Apatow,Judd Apatow
22949,Old Dogs,Robin Williams|John Travolta|Seth Green|Justin Long|Matt Dillon|Kelly Preston|Bernie Mac|Dax Shepard|Rita Wilson|Laura Allen,Walt Becker,David Diamond|David Weissman
12437,Underworld: Rise of the Lycans,Bill Nighy|Michael Sheen|Rhona Mitra|Shane Brolly|Steven Mackintosh|Kevin Grevioux|David Aston|Geraldine Brophy|Leighton Cardno|Alexander Carroll,Patrick Tatopoulos,Len Wiseman|Kevin Grevioux|Danny McBride
2959,License to Wed,Robin Williams|Mandy Moore|John Krasinski|Eric Christian Olsen|Christine Taylor|Josh Flitter|DeRay Davis|Peter Strauss|Grace Zabriskie|Roxanne Hart,Ken Kwapis,Kim Barker|Tim Rasmussen|Vince Di Meglio
9957,The Benchwarmers,Jon Heder|Rob Schneider|David Spade|Jon Lovitz|Tim Meadows|Amaury Nolasco|Nick Swardson|Molly Sims|Erinn Bartlett|Craig Kilborn,Dennis Dugan,Allen Covert|Nick Swardson
11648,Must Love Dogs,Diane Lane|John Cusack|Elizabeth Perkins|Christopher Plummer|Dermot Mulroney|Stockard Channing|Ali Hillis|Brad William Henke|Julie Gonzalo|Glenn Howerton,Gary David Goldberg,Gary David Goldberg|Claire Cook
9366,Donnie Brasco,Johnny Depp|Al Pacino|Michael Madsen|Bruno Kirby|James Russo|Anne Heche|Zeljko Ivanek|Brian Tarantina|Rocco Sisto|Zach Grenier,Mike Newell,Paul Attanasio|Joseph D. Pistone|Richard Woodley
1576,Resident Evil,Milla Jovovich|Michelle Rodriguez|Eric Mabius|Ryan McCluskey|Oscar Pearce|Indra Ové|Anna Bolt|Joseph May|Robert Tannion|Heike Makatsch,Paul W.S. Anderson,Paul W.S. Anderson|Martin Asbury
609,Poltergeist,Craig T. Nelson|JoBeth Williams|Beatrice Straight|Heather O'Rourke|Dominique Dunne|Oliver Robins|Zelda Rubinstein|Martin Casella|James Karen|Robert Broyles,Tobe Hooper,Steven Spielberg|Michael Grais|Mark Victor
5516,The Ladykillers,Tom Hanks|Irma P. Hall|Marlon Wayans|J.K. Simmons|Tzi Ma|Ryan Hurst|Diane Delano|George Wallace|John McConnell|Jason Weaver,Joel Coen|Ethan Coen,Joel Coen|Ethan Coen|William Rose
13051,Max Payne,Mark Wahlberg|Mila Kunis|Beau Bridges|Ludacris|Chris O'Donnell|Donal Logue|Amaury Nolasco|Kate Burton|Olga Kurylenko|Rothaford Gray,John Moore,Beau Thorne
49530,In Time,Justin Timberlake|Amanda Seyfried|Cillian Murphy|Olivia Wilde|Alex Pettyfer|Johnny Galecki|Matt Bomer|Vincent Kartheiser|Yaya DaCosta|Toby Hemingway,Andrew Niccol,Andrew Niccol
34806,The Back-Up Plan,Jennifer Lopez|Alex O'Loughlin|Danneel Ackles|Eric Christian Olsen|Anthony Anderson|Noureen DeWulf|Melissa McCarthy|Tom Bosley|Maribeth Monroe|Linda Lavin,Alan Poul,Kate Angelo
49022,Something Borrowed,Kate Hudson|Ginnifer Goodwin|John Krasinski|Colin Egglesfield|Ashley Williams|Steve Howey|Jill Eikenberry|Leia Thompson|Sarah Baldwin|Lindsay Ryan,Luke Greenfield,Jennie Snyder Urman
11469,Black Knight,Martin Lawrence|Marsha Thomason|Tom Wilkinson|Vincent Regan|Daryl Mitchell|Michael Countryman|Kevin Conway|Erik Jensen|Isabell O'Connor|John Cronin,Gil Junger,Darryl Quarles
23479,The Bad News Bears,Walter Matthau|Tatum O'Neal|Ben Piazza|Vic Morrow|Erin Blunt|Jackie Earle Haley|Gary Lee Cavagnaro|Joyce Van Patten|Jaime Escobedo|Scott Firestone,Michael Ritchie,Bill Lancaster
11667,Street Fighter,Jean-Claude Van Damme|Raúl Juliá|Ming-Na Wen|Damian Chapa|Kylie Minogue|Wes Studi|Byron Mann|Roshan Seth|Grand L. Bush|Jay Tavare,Steven E. de Souza,Steven E. de Souza
423,The Pianist,Adrien Brody|Thomas Kretschmann|Frank Finlay|Maureen Lipman|Emilia Fox|Ed Stoppard|Julia Rayner|Jessica Kate Meyer|Michal Zebrowski|Wanja Mues,Roman Polanski,Ronald Harwood|Wladyslaw Szpilman
2447,The Nativity Story,Keisha Castle-Hughes|Oscar Isaac|Hiam Abbass|Shaun Toub|Ciarán Hinds|Shohreh Aghdashloo|Stanley Townsend|Alexander Siddig|Nadim Sawalha|Eriq Ebouaney,Catherine Hardwicke,Mike Rich
10066,House of Wax,Elisha Cuthbert|Paris Hilton|Brian Van Holt|Jared Padalecki|Chad Michael Murray|Jon Abrahams|Robert Ri'chard|Thomas Adamson|Dragicia Debert|Murray Smith,Jaume Collet-Serra,Carey Hayes|Chad Hayes|Charles Belden|Graeme Callander
2288,Closer,Julia Roberts|Jude Law|Natalie Portman|Clive Owen|Colin Stinton|Nick Hobbs|Steve Benham|Elizabeth Bower|Ray Donn|Daniel Dresner,Mike Nichols,Patrick Marber
88794,J. Edgar,Leonardo DiCaprio|Josh Hamilton|Geoff Pierson|Armie Hammer|Naomi Watts|Judi Dench|Gunner Wright|Kaitlyn Dever|Adam Driver|Ed Westwick,Clint Eastwood,Dustin Lance Black
13515,Mirrors,Kiefer Sutherland|Paula Patton|Amy Smart|Cameron Boyce|Erica Gluck|Jason Flemyng|Darren Kent|Ezra Buzzington|Julian Glover,Alexandre Aja,Grégory Levasseur|Alexandre Aja
11979,Queen of the Damned,Stuart Townsend|Aaliyah|Marguerite Moreau|Vincent Pérez|Paul McGann|Lena Olin|Claudia Black|Bruce Spence|Christian Manon|Matthew Newton,Michael Rymer,Michael Petroni|Scott Abbott
169,Predator 2,"Kevin Peter Hall|Danny Glover|Gary Busey|Rubén Blades|María Conchita Alonso|Bill Paxton|Adam Baldwin|Robert Davi|Kent McCord|Morton Downey, Jr.",Stephen Hopkins,Jim Thomas|John Thomas
8090,Untraceable,Diane Lane|Billy Burke|Colin Hanks|Joseph Cross|Mary Beth Hurt|Peter Lewis|Perla Haney-Jardine|Tim DeZam|Christopher Cousins|Jesse Tyler Ferguson,Gregory Hoblit,Robert Fyvolent|Mark Brinker|Allison Burnett
11622,Blast from the Past,Brendan Fraser|Alicia Silverstone|Christopher Walken|Sissy Spacek|Nathan Fillion|Dave Foley|Joey Slotnick|Mary Ann Hermansen|Deborah Kellner|Don Yesso,Hugh Wilson,Hugh Wilson|Bill Kelly
3604,Flash Gordon,Sam J. Jones|Melody Anderson|Max von Sydow|Chaim Topol|Ornella Muti|Timothy Dalton|Brian Blessed|Peter Wyngarde|Mariangela Melato|John Osborne,Mike Hodges,Lorenzo Semple Jr.|Alex Raymond|Michael Allin
9541,Jersey Girl,Ben Affleck|Raquel Castro|Liv Tyler|Jennifer Lopez|George Carlin|Jennifer Schwalbach Smith|Will Smith|Stephen Root|Mike Starr|Jason Biggs,Kevin Smith,Kevin Smith
94348,Alex Cross,Tyler Perry|Rachel Nichols|Jean Reno|Matthew Fox|Giancarlo Esposito|Edward Burns|Cicely Tyson|John C. McGinley|Chad Lindberg|Carmen Ejogo,Rob Cohen,James Patterson|Marc Moss|Kerry Williamson
8197,Midnight in the Garden of Good and Evil,John Cusack|Kevin Spacey|Jude Law|Alison Eastwood|Jack Thompson|Irma P. Hall|Paul Hipp|Lady Chablis|Kim Hunter|Geoffrey Lewis,Clint Eastwood,John Berendt|John Lee Hancock
336004,Heist,Jeffrey Dean Morgan|Robert De Niro|Kate Bosworth|Dave Bautista|Gina Carano|Mark-Paul Gosselaar|D. B. Sweeney|Morris Chestnut|Summer Altice|Rosie Fellner,Scott Mann,Stephen C. Sepher|Max Adams
35019,Nanny McPhee and the Big Bang,Emma Thompson|Asa Butterfield|Ralph Fiennes|Maggie Gyllenhaal|Maggie Smith|Rhys Ifans|Daniel Mays|Bill Bailey|Ewan McGregor|Eros Vlahos,Susanna White,Emma Thompson|Christianna Brand
10410,Hoffa,Jack Nicholson|Danny DeVito|Armand Assante|J. T. Walsh|John C. Reilly|Natalija Nogulich|Kevin Crowley|Robert Prosky|Kevin Anderson|Frank Whaley,Danny DeVito,David Mamet
8836,The X Files: I Want to Believe,David Duchovny|Gillian Anderson|Amanda Peet|Billy Connolly|Xzibit|Mitch Pileggi|Callum Keith Rennie|Adam Godley|Alex Diakun|Nicki Aycox,Chris Carter,Chris Carter|Frank Spotnitz|Jenny Seinen
14442,Ella Enchanted,Anne Hathaway|Hugh Dancy|Cary Elwes|Vivica A. Fox|Joanna Lumley|Jimi Mistry|Steve Coogan|Aidan McArdle|Heidi Klum|Jim Carter,Tommy O'Haver,Karen McCullah Lutz|Kirsten Smith|Gail Carson Levine|Laurie Craig|Jennifer Heath|Michele J. Wolff|Stephen Daly|Martin Asbury
321741,Concussion,Will Smith|Alec Baldwin|Albert Brooks|Gugu Mbatha-Raw|David Morse|Arliss Howard|Mike O'Malley|Eddie Marsan|Hill Harper|Adewale Akinnuoye-Agbaje,Peter Landesman,Peter Landesman|Jeanne Marie Laskas
59965,Abduction,Taylor Lautner|Lily Collins|Alfred Molina|Jason Isaacs|Maria Bello|Michael Nyqvist|Sigourney Weaver|Dermot Mulroney|Elisabeth Röhm|Antonique Smith,John Singleton,Shawn Christensen
14175,Valiant,Ewan McGregor|Ricky Gervais|Tim Curry|Jim Broadbent|Hugh Laurie|John Cleese|John Hurt|Pip Torrens|Rik Mayall|Olivia Williams,Gary Chapman,Jordan Katz|Art Vitello
11004,Wonder Boys,Michael Douglas|Tobey Maguire|Frances McDormand|Katie Holmes|Rip Torn|Robert Downey Jr.|Jane Adams|Michael Cavadias|Richard Thomas|Alan Tudyk,Curtis Hanson,Steve Kloves|Michael Chabon
11918,Superhero Movie,Drake Bell|Sara Paxton|Leslie Nielsen|Christopher McDonald|Jeffrey Tambor|Pamela Anderson|Kevin Hart|Marion Ross|Ryan Hansen|Keith David,Craig Mazin,Craig Mazin
98357,Broken City,Mark Wahlberg|Russell Crowe|Catherine Zeta-Jones|Jeffrey Wright|Barry Pepper|Alona Tal|Natalie Martinez|Michael Beach|Kyle Chandler|James Ransone,Allen Hughes,Brian Tucker
10012,Cursed,Portia de Rossi|Christina Ricci|Jesse Eisenberg|Milo Ventimiglia|Judy Greer|Mýa|Shannon Elizabeth|Kristina Anapau|Daniel Edward Mora|Jonny Acker,Wes Craven,Kevin Williamson|Timothy Burgard
49526,Premium Rush,Joseph Gordon-Levitt|Michael Shannon|Dania Ramirez|Jamie Chung|Wolé Parks|Aasif Mandvi|Christopher Place|Tet Wada|Aaron Tveit|Lauren Ashley Carter,David Koepp,David Koepp|John Kamps
268920,Hot Pursuit,Reese Witherspoon|Sofía Vergara|Michael Mosley|John Carroll Lynch|Richard T. Jones|Jodi Lyn Brockton|Robert Kazinsky|Matthew Del Negro|Mike Birbiglia|Jaylen Moore,Anne Fletcher,John Quaintance|David Feeney
9093,The Four Feathers,Heath Ledger|Wes Bentley|Kate Hudson|Djimon Hounsou|Michael Sheen|Kris Marshall|Mohamed Bouich|Campbell Brown|Daniel Caltagirone|James Cosmo,Shekhar Kapur,Michael Schiffer|A.E.W. Mason|Hossein Amini
119283,Parker,Jason Statham|Jennifer Lopez|Nick Nolte|Michael Chiklis|Clifton Collins Jr|Sala Baker|Carlos Carrasco|Wendell Pierce|Emma Booth|Daniel Bernhardt,Taylor Hackford,Donald E. Westlake|John J. McLaughlin
11823,Wimbledon,Kirsten Dunst|Paul Bettany|Sam Neill|James McAvoy|Bernard Hill|Austin Nichols|Jon Favreau|Nikolaj Coster-Waldau|Celia Imrie|John McEnroe,Richard Loncraine,Adam Brooks|Jennifer Flackett|Mark Levin
35169,Furry Vengeance,Brendan Fraser|Ken Jeong|Brooke Shields|Angela Kinsey|Rob Riggle|Matt Prokop|Skyler Samuels|Alice Drummond|Ricky Garcia|Eugene Cordero,Roger Kumble,Michael Carnes|Josh Gilbert
118957,Bait,Sharni Vinson|Phoebe Tonkin|Julian McMahon|Xavier Samuel|Cariba Heine|Alex Russell|Lincoln Lewis|Alice Parkinson|Qi Yuwu|Richard Brancatisano,Kimble Rendall,Russell Mulcahy|John Kim
849,Krull,Ken Marshall|Lysette Anthony|Francesca Annis|Alun Armstrong|David Battley|Bernard Bresslaw|Liam Neeson|John Welsh|Graham McGrath|Tony Church,Peter Yates,Stanford Sherman
4515,Lions for Lambs,Robert Redford|Meryl Streep|Tom Cruise|Michael Peña|Andrew Garfield|Peter Berg|Derek Luke|Jennifer Sommerfeld,Robert Redford,Matthew Michael Carnahan
18886,Flight of the Intruder,Danny Glover|Willem Dafoe|Brad Johnson|Rosanna Arquette|Tom Sizemore,John Milius,David Shaber
6575,Walk Hard: The Dewey Cox Story,John C. Reilly|Jenna Fischer|Tim Meadows|Kristen Wiig|Raymond J. Barry|Harold Ramis|Margo Martindale|Chris Parnell|Matt Besser|David Krumholtz,Jake Kasdan,Judd Apatow|Jake Kasdan
6440,The Shipping News,Kevin Spacey|Julianne Moore|Cate Blanchett|Judi Dench|Pete Postlethwaite|Scott Glenn|Rhys Ifans|Gordon Pinsent|Jason Behr|Katherine Moennig,Lasse Hallström,Annie Proulx|Robert Nelson Jacobs
13496,American Outlaws,Colin Farrell|Scott Caan|Ali Larter|Gabriel Macht|Gregory Smith|Kathy Bates|Timothy Dalton|Harris Yulin|Will McCormack|Ronny Cox,Les Mayfield,John Rogers|Roderick Taylor
18320,The Young Victoria,Emily Blunt|Jim Broadbent|Mark Strong|Paul Bettany|Miranda Richardson|Rupert Friend|Jeanette Hain|Thomas Kretschmann|Michiel Huisman|Rachael Stirling,Jean-Marc Vallée,Julian Fellowes
22787,Whiteout,Kate Beckinsale|Gabriel Macht|Tom Skerritt|Columbus Short|Shawn Doyle|Alex O'Loughlin|Joel S. Keller|Jesse Todd|Arthur Holden|Erin Hickock,Dominic Sena,Carey Hayes|Chad Hayes|Erich Hoeber|Jon Hoeber
8967,The Tree of Life,Brad Pitt|Sean Penn|Jessica Chastain|Hunter McCracken|Finnegan Williams|Michael Koeth|Laramie Eppler|Tye Sheridan|Kari Matchett|Joanna Going,Terrence Malick,Terrence Malick
37498,Knock Off,Jean-Claude Van Damme|Lela Rochon|Paul Sorvino|Rob Schneider|Mark Houghton|Kim-Maree Penn,Tsui Hark,Steven E. de Souza
144336,Sabotage,Arnold Schwarzenegger|Sam Worthington|Mireille Enos|Joe Manganiello|Harold Perrineau|Josh Holloway|Terrence Howard|Olivia Williams|Max Martini|Kevin Vance,David Ayer,David Ayer|Skip Woods
9616,The Order,Heath Ledger|Shannyn Sossamon|Benno Fürmann|Mark Addy|Peter Weller|Francesco Carnelutti|Mattia Sbragia|Paola Emilia Villa|Giulia Lombardi|Mirko Casaburo,Brian Helgeland,Brian Helgeland|Cristiano Donzelli
13056,Punisher: War Zone,Ray Stevenson|Dominic West|Julie Benz|Colin Salmon|Doug Hutchison|Dash Mihok|Wayne Knight|Stephanie Janusauskas|Mark Camacho|Romano Orzari,Lexi Alexander,Art Marcum|Matt Holloway|Nick Santora|Gerry Conway
14113,Zoom,Tim Allen|Courteney Cox|Chevy Chase|Spencer Breslin|Kevin Zegers|Kate Mara|Michael Cassidy|Ryan Newman|Rip Torn|Cornelia Guest,Peter Hewitt,Adam Rifkin|David Berenbaum|Jason Lethcoe
285783,The Walk,Joseph Gordon-Levitt|Ben Kingsley|Charlotte Le Bon|Ben Schwartz|James Badge Dale|Steve Valentine|Mark Camacho|Sergio Di Zio|Clément Sibony|Kwasi Songui,Robert Zemeckis,Robert Zemeckis|Philippe Petit|Christopher Browne
49478,Warriors of Virtue,Angus Macfadyen|Mario Yedidia|Marley Shelton|Chao Li Chi,Ronny Yu,Michael Vickerman|Hugh Kelley
9726,A Good Year,Russell Crowe|Marion Cotillard|Albert Finney|Tom Hollander|Abbie Cornish|Freddie Highmore|Didier Bourdon|Isabelle Candelier|Archie Panjabi|Rafe Spall,Ridley Scott,Marc Klein|Peter Mayle
20763,Radio Flyer,Elijah Wood|Lorraine Bracco|Adam Baldwin|John Heard|Joseph Mazzello|Ben Johnson|Tom Hanks|Thomas Ian Nicholas|Garette Ratliff Henson|Sean Baca,Richard Donner,David M. Evans
9702,Bound by Honor,Damian Chapa|Jesse Borrego|Benjamin Bratt|Enrique Castillo|Victor Rivers|Delroy Lindo|Tom Towles|Carlos Carrasco|Teddy Wilson|Raymond Cruz,Taylor Hackford,Jeremy Iacone|Ross Thomas|Jimmy Santiago Baca|Floyd Mutrux
9311,Smilla's Sense of Snow,Julia Ormond|Gabriel Byrne|Richard Harris|Jim Broadbent|Tom Wilkinson|Robert Loggia|Vanessa Redgrave|Bob Peck|David Hayman|Peter Capaldi,Bille August,Ann Biderman|Peter Høeg
9280,Femme Fatale,Rebecca Romijn|Antonio Banderas|Peter Coyote|Rie Rasmussen|Gregg Henry|Eriq Ebouaney|Edouard Montoute|Thierry Frémont|Jo Prestia|Fiona Curzon,Brian De Palma,Brian De Palma
26843,Lion of the Desert,Anthony Quinn|Rod Steiger|Oliver Reed|Irene Papas|Raf Vallone|John Gielgud|Andrew Keir|Gastone Moschin|Stefano Patrizi|Adolfo Lastretti,Moustapha Akkad,H.A.L. Craig|David Butler
11876,The Horseman on the Roof,Juliette Binoche|Olivier Martinez|Pierre Arditi|François Cluzet|Gérard Depardieu|Jean Yanne|Isabelle Carré|Claudio Amendola|Christiane Cohendy|Tony Lemiere,Jean-Paul Rappeneau,Jean-Claude Carrière|Jean-Paul Rappeneau|Nina Companéez|Jean Giono
22267,Ride with the Devil,Tobey Maguire|Skeet Ulrich|Jeffrey Wright|Jewel|Jonathan Rhys Meyers|Jim Caviezel|Simon Baker|Mark Ruffalo|Tom Wilkinson|John Judd,Ang Lee,James Schamus|Daniel Woodrell
45958,Biutiful,Javier Bardem|Maricel Álvarez|Hanaa Bouchaib|Guillermo Estrella|Eduard Fernández|Cheikh Ndiaye|Diaryatou Daff|Cheng Tai-Shen|Luo Jin|George Chibuikwem Chukwuma,Alejandro González Iñárritu,Alejandro González Iñárritu|Armando Bo|Nicolás Giacobone
1969,Bandidas,Penélope Cruz|Salma Hayek|Dwight Yoakam|Steve Zahn|Denis Arndt|Audra Blaser|Sam Shepard|Ismael 'East' Carlo|Gary Carlos Cervantes|José María Negri,Joachim Rønning|Espen Sandberg,Luc Besson|Robert Mark Kamen
310706,Black Water Transit,Laurence Fishburne|Karl Urban|Brittany Snow|Aisha Tyler|Beverly D'Angelo|Evan Ross|Stephen Dorff|Leslie Easterbrook|Bill Cobbs,Tony Kaye,Matthew Chapman|Carsten Stroud
198663,The Maze Runner,Dylan O'Brien|Ki Hong Lee|Kaya Scodelario|Aml Ameen|Blake Cooper|Thomas Brodie-Sangster|Will Poulter|Dexter Darden|Chris Sheffield|Joe Adler,Wes Ball,Noah Oppenheim|James Dashner|Grant Pierce Myers|T.S. Nowlin
239573,Unfinished Business,Vince Vaughn|Dave Franco|James Marsden|June Diane Raphael|Sienna Miller|Nick Frost|Tom Wilkinson|Ella Anderson|Anastasia Sanidopoulos Mousis|Susan Garibotto,Ken Scott,Steve Conrad
10436,The Age of Innocence,Daniel Day-Lewis|Michelle Pfeiffer|Winona Ryder|Alexis Smith|Geraldine Chaplin|Jonathan Pryce|Linda Faye Farkas|Michael Rees Davis|Terry Cook|Jon Garrison,Martin Scorsese,Martin Scorsese|Jay Cocks|Edith Wharton
1381,The Fountain,Hugh Jackman|Rachel Weisz|Ellen Burstyn|Mark Margolis|Stephen McHattie|Fernando Hernandez|Sean Patrick Thomas|Donna Murphy|Ethan Suplee|Richard McMillan,Darren Aronofsky,Darren Aronofsky|Ari Handel
2162,Chill Factor,Cuba Gooding Jr.|Skeet Ulrich|Peter Firth|David Paymer|Daniel Hugh Kelly|Judson Mills|Jordan Mott|Hudson Leick|Kevin J. O'Connor,Hugh Johnson,Drew Gitlin|Mike Cheda
127493,Stolen,Nicolas Cage|Malin Åkerman|Josh Lucas|Sami Gayle|Danny Huston|Mark Valley|Michelle Torres|Tanc Sade|Marcus Lyle Brown|M.C. Gainey,Simon West,David Guggenheim
12429,Ponyo,Yuria Nara|Hiroki Doi|George Tokoro|Tomoko Yamaguchi|Yuki Amami|Kazushige Nagashima|Akiko Yano|Shinichi Hatori|Tokie Hidari|Eimi Hiraoka,Hayao Miyazaki,Hayao Miyazaki
228205,The Longest Ride,Scott Eastwood|Britt Robertson|Lolita Davidovich|Melissa Benoist|Jack Huston|Oona Chaplin|Alan Alda|Amy Parrish|Elea Oberon|Kate Forbes,"George Tillman, Jr.",Craig Bolotin|Nicholas Sparks
2900,The Astronaut's Wife,Johnny Depp|Charlize Theron|Joe Morton|Clea DuVall|Nick Cassavetes|Donna Murphy|Gary Grubbs|Blair Brown|Tom Noonan|Tom O'Brien,Rand Ravich,Rand Ravich
21311,I Dreamed of Africa,Kim Basinger|Vincent Pérez|Liam Aiken|Daniel Craig|Eva Marie Saint|Lance Reddick|Stephen Jennings|Nick Boraine,Hugh Hudson,Susan Shilliday|Paula Milne
77875,Playing for Keeps,Gerard Butler|Jessica Biel|Uma Thurman|Catherine Zeta-Jones|Iqbal Theba|Sean O'Bryan|Dennis Quaid|Judy Greer|Noah Lomax|James Tupper,Gabriele Muccino,Robbie Fox
192136,Mandela: Long Walk to Freedom,Idris Elba|Naomie Harris|Tony Kgoroge|Riaad Moosa|Fana Mokoena|Robert Hobbs|Jamie Bartlett|Lindiwe Matshikiza|Terry Pheto|Deon Lotz,Justin Chadwick,William Nicholson
18254,Reds,Warren Beatty|Diane Keaton|Edward Herrmann|Jack Nicholson|Jerzy Kosinski|Paul Sorvino|Maureen Stapleton|Nicolas Coster|M. Emmet Walsh|Ian Wolfe,Warren Beatty,Warren Beatty|Trevor Griffiths
881,A Few Good Men,Tom Cruise|Jack Nicholson|Demi Moore|Kevin Bacon|Kevin Pollak|James Marshall|J. T. Walsh|Kiefer Sutherland|Christopher Guest|J.A. Preston,Rob Reiner,Aaron Sorkin
10877,Exit Wounds,Steven Seagal|DMX|Isaiah Washington|Anthony Anderson|Bill Duke|Michael Jai White|Jill Hennessy|Tom Arnold|Bruce McGill|David Vadim,Andrzej Bartkowiak,Richard D'Ovidio|Ed Horowitz|John Westermann
9600,Big Momma's House,Martin Lawrence|Nia Long|Paul Giamatti|Jascha Washington|Terrence Howard|Octavia Spencer,Raja Gosnell,Don Rhymer|Darryl Quarles
202575,Thunder and the House of Magic,Brianne Siddall|Joey Camen|Elisa Gabrielli|Robin Atkin Downes|Shanelle Workman|Doug Stone|Grant George|Sage Sommer|Ella Rouhier|Noah Ray Strauss,Ben Stassen|Jeremy Degruson,Ben Stassen|Dominic Paris|James Flynn
71469,The Darkest Hour,Emile Hirsch|Rachael Taylor|Olivia Thirlby|Joel Kinnaman|Max Minghella|Veronika Ozerova|Dato Bakhtadze|Yuriy Kutsenko|Nikolay Efremov|Georgiy Gromov,Chris Gorak,Jon Spaihts|M.T. Ahern
85446,Step Up Revolution,Kathryn McCormick|Ryan Guzman|Stephen Boss|Megan Boone|Jessica Guadix|Cleopatra Coleman|Zoe Aggeliki|Tommy Dewey|Celestina|Adam G. Sevani,Scott Speer,Amanda Brody
326,Snakes on a Plane,Samuel L. Jackson|Julianna Margulies|Kenan Thompson|Nathan Phillips|Rachel Blanchard|Flex Alexander|Keith Dallas|Lin Shaye|Bruce James|Sunny Mabrey,David R. Ellis,Sebastian Gutierrez|John Heffernan|David Dalessandro
10685,The Watcher,James Spader|Keanu Reeves|Marisa Tomei|Ernie Hudson|Chris Ellis|Robert Cicchini|Yvonne Niami|Jenny McShane|Gina Alexander|Rebekah Louise Smith,Joe Charbanic,David Elliot
7220,The Punisher,Thomas Jane|John Travolta|Will Patton|Roy Scheider|Laura Harring|Ben Foster|Samantha Mathis|James Carpinello|A. Russell Andrews|Eddie Jemison,Jonathan Hensleigh,Jonathan Hensleigh|Michael France|Gerry Conway|Ted Boonthanakit
9763,Goal!: The Dream Begins,Kuno Becker|Alessandro Nivola|Anna Friel|Stephen Dillane|Gary Lewis|Kieran O'Brien|Sean Pertwee|Marcel Iureș|Tony Plana|Miriam Colón,Danny Cannon,Dick Clement|Ian La Frenais|Mike Jefferies|Adrian Butchart
72387,Safe,Jason Statham|Chris Sarandon|James Hong|Catherine Chan|Robert John Burke|Anson Mount|Reggie Lee|Joseph Sikora|Igor Jijikine|Elissa Middleton,Boaz Yakin,Boaz Yakin
12596,Pushing Tin,John Cusack|Billy Bob Thornton|Cate Blanchett|Angelina Jolie|Gene Dinovi,Mike Newell,Glen Charles|Les Charles
1892,Return of the Jedi,Mark Hamill|Harrison Ford|Carrie Fisher|Billy Dee Williams|Anthony Daniels|David Prowse|Kenny Baker|Peter Mayhew|Frank Oz|Ian McDiarmid,Richard Marquand,George Lucas|Lawrence Kasdan
13460,Doomsday,Rhona Mitra|Bob Hoskins|Malcolm McDowell|Alexander Siddig|David O'Hara|Craig Conway|Lee-Anne Liebenberg|Adrian Lester|MyAnna Buring|Sean Pertwee,Neil Marshall,Neil Marshall
8055,The Reader,Kate Winslet|Ralph Fiennes|David Kross|Jeanette Hain|Bruno Ganz|Hannah Herzsprung|Karoline Herfurth|Volker Bruch|Alexandra Maria Lara|Fabian Busch,Stephen Daldry,David Hare|Bernhard Schlink
50647,Wanderlust,Paul Rudd|Jennifer Aniston|Justin Theroux|Malin Åkerman|Lauren Ambrose|Joe Lo Truglio|Alan Alda|Kathryn Hahn|Ken Marino|Jordan Peele,David Wain,David Wain|Ken Marino
10719,Elf,Will Ferrell|James Caan|Zooey Deschanel|Mary Steenburgen|Daniel Tay|Ed Asner|Bob Newhart|Kyle Gass|Faizon Love|Peter Dinklage,Jon Favreau,David Berenbaum
9294,Phenomenon,John Travolta|Kyra Sedgwick|Forest Whitaker|Robert Duvall|Jeffrey DeMunn|Richard Kiley|David Gallagher|Ashley Buccille|Tony Genaro|Sean O'Bryan,Jon Turteltaub,Gerald Di Pego
11888,Snow Dogs,Jim Belushi|Cuba Gooding Jr.|James Coburn|M. Emmet Walsh|Sisqó|Nichelle Nichols|Graham Greene|Brian Doyle-Murray|Angela Moore,Brian Levant,Michael Goldberg|Mark Gibson
9647,Scrooged,Bill Murray|Karen Allen|John Forsythe|Bobcat Goldthwait|Carol Kane|Robert Mitchum|Michael J. Pollard|Alfre Woodard|John Glover|David Johansen,Richard Donner,Michael O'Donoghue|Mitch Glazer
9353,Nacho Libre,Jack Black|Ana de la Reguera|Héctor Jiménez|Darius Rose|Moisés Arias|Carlos Maycotte|Richard Montoya|César Barrón|Rafael Montalvo|Julio Sandoval,Jared Hess,Mike White|Jared Hess|Jerusha Hess
55721,Bridesmaids,Kristen Wiig|Rose Byrne|Maya Rudolph|Wendi McLendon-Covey|Ellie Kemper|Melissa McCarthy|Chris O'Dowd|Jon Hamm|Jessica St. Clair|Tom Yi,Paul Feig,Kristen Wiig|Annie Mumolo
109414,This Is the End,James Franco|Jonah Hill|Seth Rogen|Jay Baruchel|Danny McBride|Craig Robinson|Michael Cera|Emma Watson|Mindy Kaling|David Krumholtz,Seth Rogen|Evan Goldberg,Seth Rogen|Evan Goldberg
10307,Stigmata,Patricia Arquette|Gabriel Byrne|Jonathan Pryce|Nia Long|Thomas Kopache|Rade Serbedzija|Enrico Colantoni|Dick Latessa|Portia de Rossi|Patrick Muldoon,Rupert Wainwright,Tom Lazarus|Rick Ramage
11978,Men of Honor,Robert De Niro|Cuba Gooding Jr.|Charlize Theron|Aunjanue Ellis|Hal Holbrook|Michael Rapaport|Powers Boothe|David Keith|Glynn Turman|Tyler Posey,"George Tillman, Jr.",Scott Marshall Smith
22907,Takers,Chris Brown|Hayden Christensen|Matt Dillon|Michael Ealy|Idris Elba|T.I.|Zoe Saldana|Paul Walker|Marianne Jean-Baptiste|Johnathon Schaech,John Luessenhop,Gabriel Casseus|John Luessenhop|Avery Duff|Peter Allen
87567,The Big Wedding,Robert De Niro|Diane Keaton|Katherine Heigl|Amanda Seyfried|Topher Grace|Susan Sarandon|Robin Williams|Ben Barnes|Christa Campbell|Kyle Bornheimer,Justin Zackham,Justin Zackham|Jean-Stéphane Bron|Karine Sudan
38322,"Big Mommas: Like Father, Like Son",Martin Lawrence|Brandon T. Jackson|Portia Doubleday|Mari Morrow|Faizon Love|Ana Ortiz|Steve Warren|Marc John Jefferies|Jessica Lucas|Emily Rios,John Whitesell,Don Rhymer|Darryl Quarles|Matt Fogel
45612,Source Code,Jake Gyllenhaal|Michelle Monaghan|Vera Farmiga|Russell Peters|Michael Arden|Jeffrey Wright|Cas Anvar|Brent Skagford|Craig Thomas|Gordon Masten,Duncan Jones,Ben Ripley
7305,Alive,Ethan Hawke|Vincent Spano|Josh Hamilton|Bruce Ramsay|John Newton|David Kriegel|Kevin Breznahan|Sam Behrens|Illeana Douglas|Jack Noseworthy,Frank Marshall,John Patrick Shanley|Piers Paul Read
3594,The Number 23,Jim Carrey|Virginia Madsen|Logan Lerman|Danny Huston|Lynn Collins|Mark Pellegrino|Rhona Mitra|David Stifel|Corey Stoll|Michelle Arthur,Joel Schumacher,Fernley Phillips
157841,The Young and Prodigious T.S. Spivet,Kyle Catlett|Helena Bonham Carter|Judy Davis|Callum Keith Rennie|Niamh Wilson|Jakob Davies|Rick Mercer|Robert Maillet|Dominique Pinon|Julian Richings,Jean-Pierre Jeunet,Jean-Pierre Jeunet|Guillaume Laurant|Reif Larsen
11519,1941,Dan Aykroyd|Ned Beatty|John Belushi|Lorraine Gary|Murray Hamilton|Christopher Lee|Tim Matheson|Robert Stack|Treat Williams|John Candy,Steven Spielberg,Robert Zemeckis|John Milius
12920,Dreamer: Inspired By a True Story,Kurt Russell|Dakota Fanning|Kris Kristofferson|Elisabeth Shue|David Morse|Freddy Rodríguez|Luis Guzmán,John Gatins,John Gatins
59,A History of Violence,Viggo Mortensen|Maria Bello|Heidi Hayes|Ashton Holmes|William Hurt|Ed Harris|Peter MacNeill|Stephen McHattie|Greg Bryk|Kyle Schmid,David Cronenberg,Josh Olson|John Wagner|Vince Locke
9335,Transporter 2,Jason Statham|Amber Valletta|Kate Nauta|Alessandro Gassman|François Berléand|Robert Small|Matthew Modine|Jason Flemyng|Keith David|Ron Madoff,Louis Leterrier,Luc Besson|Robert Mark Kamen
12106,The Quick and the Dead,Sharon Stone|Gene Hackman|Russell Crowe|Leonardo DiCaprio|Tobin Bell|Roberts Blossom|Kevin Conway|Keith David|Lance Henriksen|Pat Hingle,Sam Raimi,Simon Moore
11141,Laws of Attraction,Pierce Brosnan|Julianne Moore|Michael Sheen|Parker Posey|Frances Fisher|Nora Dunn|Annika Pergament,Peter Howitt,Aline Brosh McKenna|Robert Harling
8649,Bringing Out the Dead,Nicolas Cage|Patricia Arquette|John Goodman|Ving Rhames|Tom Sizemore|Marc Anthony|Mary Beth Hurt|Cliff Curtis|Cynthia Roman|Sonja Sohn,Martin Scorsese,Paul Schrader|John Davis|Joe Connelly
31867,Repo Men,Jude Law|Forest Whitaker|Alice Braga|Liev Schreiber|Carice van Houten|Chandler Canterbury|RZA|Joe Pingue|Tiffany Espensen|Liza Lapira,Miguel Sapochnik,Eric Garcia|Garrett Lerner
10253,Dragon Wars: D-War,Jason Behr|Robert Forster|Aimee Garcia|Chris Mulkey|Elizabeth Peña|Craig Robinson|Amanda Brooks|Holmes Osborne|John Ales|Billy Gardell,Shim Hyung-Rae,Shim Hyung-Rae
3587,Bogus,Whoopi Goldberg|Gérard Depardieu|Haley Joel Osment|Ute Lemper|Andrea Martin|Nancy Travis|Denis Mercier|Sheryl Lee Ralph|Barbara Hamilton,Norman Jewison,Alvin Sargent
124459,The Incredible Burt Wonderstone,Steve Carell|Jim Carrey|Steve Buscemi|Olivia Wilde|James Gandolfini|Alan Arkin|Jay Mohr|Gillian Jacobs|Brad Garrett|David Copperfield,Don Scardino,John Francis Daley|Chad Kultgen
24662,Cats Don't Dance,Scott Bakula|Jasmine Guy|Natalie Cole|Ashley Peldon|Lindsay Ridgeway,Mark Dindal,Cinco Paul|Mark Dindal|David Womersley|Theresa Cullen|Elana Lesser|Roberts Gannaway|Cliff Ruby|Robert Lence|Rick Schneider|Eric Koenig|Frans Vischer|Brian McEntee|Kelvin Yasuda
32274,Cradle Will Rock,Hank Azaria|Rubén Blades|Joan Cusack|John Cusack|Bill Murray|John Turturro|Emily Watson|Audra McDonald|Cary Elwes|Philip Baker Hall,Tim Robbins,Tim Robbins
182,The Good German,George Clooney|Cate Blanchett|Tobey Maguire|Tony Curran|Leland Orser|Beau Bridges|Jack Thompson|Robin Weigert|Ravil Isyanov|Christian Oliver,Steven Soderbergh,Joseph Kanon|Paul Attanasio
5494,George and the Dragon,James Purefoy|Piper Perabo|Patrick Swayze|Michael Clarke Duncan|Bill Treacher|Jean-Pierre Castaldi|Rollo Weeks|Paul Freeman|Stefan Jürgens|Stefan Weinert,Tom Reeve,Tom Reeve|Michael Burks
28,Apocalypse Now,Martin Sheen|Marlon Brando|Robert Duvall|Frederic Forrest|Sam Bottoms|Laurence Fishburne|Albert Hall|Harrison Ford|Dennis Hopper|G. D. Spradlin,Francis Ford Coppola,Francis Ford Coppola|Joseph Conrad|John Milius|Michael Herr
38073,Going the Distance,Drew Barrymore|Justin Long|Charlie Day|Jason Sudeikis|Christina Applegate|Ron Livingston|Natalie Morales|Kelli Garner|Oliver Jackson-Cohen|Jim Gaffigan,Nanette Burstein,Geoff LaTulippe
2054,Mr. Holland's Opus,Richard Dreyfuss|Glenne Headly|Jay Thomas|Olympia Dukakis|William H. Macy|Alicia Witt|Nicholas John Renner|Joseph Anderson|Anthony Natale|Jean Louisa Kelly,Stephen Herek,Patrick Sheane Duncan
302156,Criminal,Kevin Costner|Gary Oldman|Tommy Lee Jones|Ryan Reynolds|Jordi Mollà|Gal Gadot|Michael Pitt|Amaury Nolasco|Alice Eve|Antje Traue,Ariel Vromen,David Weisberg|Douglas Cook
606,Out of Africa,Meryl Streep|Robert Redford|Klaus Maria Brandauer|Michael Kitchen|Malick Bowens|Joseph Thiaka|Stephen Kinyanjui|Michael Gough|Suzanna Hamilton|Rachel Kempson,Sydney Pollack,Karen Blixen|Judith Thurman|Errol Trzebinski|Kurt Luedtke
87502,Flight,Denzel Washington|Don Cheadle|Bruce Greenwood|Kelly Reilly|John Goodman|Brian Geraghty|Nadine Velazquez|Tamara Tunie|Melissa Leo|Garcelle Beauvais,Robert Zemeckis,John Gatins
698,Moonraker,Roger Moore|Lois Chiles|Michael Lonsdale|Corinne Cléry|Richard Kiel|Bernard Lee|Geoffrey Keen|Desmond Llewelyn|Lois Maxwell|Toshirô Suga,Lewis Gilbert,Ian Fleming|Christopher Wood
120467,The Grand Budapest Hotel,Ralph Fiennes|Tony Revolori|F. Murray Abraham|Mathieu Amalric|Adrien Brody|Willem Dafoe|Jeff Goldblum|Harvey Keitel|Jude Law|Bill Murray,Wes Anderson,Wes Anderson|Stefan Zweig|Hugo Guinness
11313,Hearts in Atlantis,Anthony Hopkins|Anton Yelchin|Hope Davis|Mika Boorem|David Morse|Alan Tudyk|Tom Bower|Celia Weston|Deirdre O'Connell|Timothy Reifsnyder,Scott Hicks,William Goldman|Stephen King
6488,Arachnophobia,Jeff Daniels|Harley Jane Kozak|Garette Ratliff Henson|Marlene Katz|Julian Sands|Brian McNamara|John Goodman|Stuart Pankin|Henry Jones|Frances Bay,Frank Marshall,Wesley Strick|Don Jakoby
10559,Frequency,Dennis Quaid|Jim Caviezel|Andre Braugher|Elizabeth Mitchell|Noah Emmerich|Shawn Doyle|Jordan Bridges|Melissa Errico|Michael Cera|Daniel Henson,Gregory Hoblit,Toby Emmerich
296099,Vacation,Ed Helms|Christina Applegate|Skyler Gisondo|Steele Stebbins|Chris Hemsworth|Leslie Mann|Chevy Chase|Beverly D'Angelo|Charlie Day|Catherine Missal,John Francis Daley|Jonathan M. Goldstein,John Hughes|John Francis Daley|Jonathan M. Goldstein
8012,Get Shorty,John Travolta|Gene Hackman|Rene Russo|Danny DeVito|Dennis Farina|Delroy Lindo|James Gandolfini|Jon Gries|Renee Props|David Paymer,Barry Sonnenfeld,Scott Frank|Elmore Leonard
1574,Chicago,Catherine Zeta-Jones|Renée Zellweger|Queen Latifah|Richard Gere|Christine Baranski|Taye Diggs|Cliff Saunders|Dominic West|John C. Reilly|Colm Feore,Rob Marshall,Bill Condon|Bob Fosse
9032,Big Daddy,Adam Sandler|Joey Lauren Adams|Kristy Swanson|Cole Sprouse|Jon Stewart|Leslie Mann|Allen Covert|Rob Schneider|Peter Dante|Steve Buscemi,Dennis Dugan,Adam Sandler|Tim Herlihy|Steve Franks
2770,American Pie 2,Jason Biggs|Thomas Ian Nicholas|Chris Klein|Seann William Scott|Eddie Kaye Thomas|Shannon Elizabeth|Alyson Hannigan|Natasha Lyonne|Tara Reid|Mena Suvari,J.B. Rogers,Adam Herz|David H. Steinberg
862,Toy Story,Tom Hanks|Tim Allen|Don Rickles|Jim Varney|Wallace Shawn|John Ratzenberger|Annie Potts|John Morris|Erik von Detten|Laurie Metcalf,John Lasseter,Andrew Stanton|John Lasseter|Joe Ranft|Pete Docter|Joss Whedon|Joel Cohen|Alec Sokolow
1637,Speed,Keanu Reeves|Dennis Hopper|Sandra Bullock|Joe Morton|Jeff Daniels|Alan Ruck|Glenn Plummer|Richard Lineback|Beth Grant|Hawthorne James,Jan de Bont,Graham Yost
72570,The Vow,Rachel McAdams|Channing Tatum|Sam Neill|Scott Speedman|Jessica Lange|Lucas Bryant|Kristina Pesic|Dillon Casey|Wendy Crewson|Joey Klein,Michael Sucsy,Marc Silverstein
27569,Extraordinary Measures,Harrison Ford|Brendan Fraser|Keri Russell|Courtney B. Vance|Meredith Droeger|Diego Velazquez|Jared Harris|Patrick Bauchau|Alan Ruck|David Clennon,Tom Vaughan,Robert Nelson Jacobs
10637,Remember the Titans,Denzel Washington|Will Patton|Ryan Hurst|Wood Harris|Hayden Panettiere|Ryan Gosling|Nicole Ari Parker|Kate Bosworth|Donald Faison|Craig Kirkwood,Boaz Yakin,Gregory Allen Howard
1669,The Hunt for Red October,Alec Baldwin|Sean Connery|Scott Glenn|Sam Neill|James Earl Jones|Joss Ackland|Richard Jordan|Stellan Skarsgård|Courtney B. Vance|Peter Firth,John McTiernan,Larry Ferguson|Tom Clancy|Donald Stewart
132363,The Butler,Forest Whitaker|David Banner|Michael Rainey Jr.|LaJessie Smith|Mariah Carey|Alex Pettyfer|Vanessa Redgrave|Ami Ameen|Clarence Williams III|John P. Fertitta,Lee Daniels,Danny Strong
9472,DodgeBall: A True Underdog Story,Vince Vaughn|Christine Taylor|Ben Stiller|Rip Torn|Justin Long|Jason Bateman|Stephen Root|Joel David Moore|Chris Williams|Alan Tudyk,Rawson Marshall Thurber,Rawson Marshall Thurber|Chris Buchinsky
2907,The Addams Family,Raúl Juliá|Anjelica Huston|Christopher Lloyd|Christina Ricci|Carel Struycken|Dan Hedaya|Jimmy Workman|Elizabeth Wilson|Dana Ivey|Judith Malina,Barry Sonnenfeld,Caroline Thompson|Larry Wilson|Charles Addams
9273,Ace Ventura: When Nature Calls,Jim Carrey|Ian McNeice|Simon Callow|Maynard Eziashi|Bob Gunton|Sophie Okonedo|Tommy Davidson|Adewale Akinnuoye-Agbaje|Danny D. Daniels|Sam Motoana Phillips,Steve Oedekerk,Steve Oedekerk|Jack Bernstein
9880,The Princess Diaries,Anne Hathaway|Julie Andrews|Heather Matarazzo|Robert Schwartzman|Héctor Elizondo|Mandy Moore|Caroline Goodall|Erik von Detten|Sandra Oh|Patrick John Flueger,Garry Marshall,Meg Cabot|Gina Wendkos
2925,The First Wives Club,Goldie Hawn|Bette Midler|Diane Keaton|Maggie Smith|Dan Hedaya|Victor Garber|Bronson Pinchot|Marcia Gay Harden|Eileen Heckart|Philip Bosco,Hugh Wilson,Robert Harling|Brick Mason|Olivia Goldsmith|Lorenzo Contessa
807,Se7en,Brad Pitt|Morgan Freeman|Gwyneth Paltrow|John C. McGinley|Kevin Spacey|R. Lee Ermey|Richard Roundtree|Richard Schiff|Julie Araskog|Mark Boone Junior,David Fincher,Andrew Kevin Walker
17654,District 9,Sharlto Copley|Jason Cope|Nathalie Boltt|Sylvaine Strike|Elizabeth Mkandawie|John Sumner|William Allen Young|Nick Blake|Greg Melvill-Smith|Robert Hobbs,Neill Blomkamp,Neill Blomkamp|Terri Tatchell
11836,The SpongeBob SquarePants Movie,Tom Kenny|Clancy Brown|Rodger Bumpass|Bill Fagerbakke|Carolyn Lawrence|Jeffrey Tambor|Scarlett Johansson|Alec Baldwin|David Hasselhoff|Mr. Lawrence,Stephen Hillenburg,Stephen Hillenburg|Tuck Tucker
322,Mystic River,Sean Penn|Tim Robbins|Kevin Bacon|Laurence Fishburne|Marcia Gay Harden|Laura Linney|Kevin Chapman|Tom Guiry|Emmy Rossum|Eli Wallach,Clint Eastwood,Dennis Lehane|Brian Helgeland
70,Million Dollar Baby,Clint Eastwood|Hilary Swank|Morgan Freeman|Jay Baruchel|Mike Colter|Lucia Rijker|Brían F. O'Byrne|Anthony Mackie|Margo Martindale|Riki Lindhome,Clint Eastwood,Paul Haggis|F.X. Toole
9535,Analyze This,Robert De Niro|Billy Crystal|Lisa Kudrow|Chazz Palminteri|Joe Viterelli|Molly Shannon|Kyle Sabihy|Frank Pietrangolare|Ron Madoff|Leo Rossi,Harold Ramis,Harold Ramis|Peter Tolan|Kenneth Lonergan
11036,The Notebook,Rachel McAdams|Ryan Gosling|Gena Rowlands|James Garner|Sam Shepard|Joan Allen|James Marsden|David Thornton|Kevin Connolly|Starletta DuPois,Nick Cassavetes,Jeremy Leven|Nicholas Sparks|Jan Sardi
6557,27 Dresses,Katherine Heigl|James Marsden|Malin Åkerman|Judy Greer|Edward Burns|Melora Hardin|Brian Kerwin|Maulik Pancholy|David Castro|Krysten Ritter,Anne Fletcher,Aline Brosh McKenna
18126,Hannah Montana: The Movie,Miley Cyrus|Billy Ray Cyrus|Emily Osment|Jason Earles|Taylor Swift|Lucas Till|Mitchel Musso|Moisés Arias|Vanessa Williams|Margo Martindale,Peter Chelsom,Dan Berendsen|Rich Correll|Barry O'Brien|Michael Poryes
16340,Rugrats in Paris: The Movie,E.G. Daily|Susan Sarandon|John Lithgow|Tara Strong|Cheryl Chase|Christine Cavanaugh|Cree Summer|Kath Soucie|Michael Bell|Tress MacNeille,Stig Bergqvist,J. David Stem|David N. Weiss|Gábor Csupó|Kate Boutilier|Arlene Klasky|Jill Gorey|Barbara Herndon|Marco Cinello
10333,The Prince of Tides,Nick Nolte|Barbra Streisand|Blythe Danner|Kate Nelligan|Jeroen Krabbé|Melinda Dillon|George Carlin|Jason Gould|Nancy Moore Atchison,Barbra Streisand,Becky Johnston|Pat Conroy
4476,Legends of the Fall,Brad Pitt|Anthony Hopkins|Aidan Quinn|Julia Ormond|Henry Thomas|Karina Lombard|Gordon Tootoosis|John Novak|Robert Wisden|David Kaye,Edward Zwick,William D. Wittliff|Jim Harrison|Susan Shilliday
22947,Up in the Air,George Clooney|Vera Farmiga|Anna Kendrick|Jason Bateman|Melanie Lynskey|Sam Elliott|Amy Morton|J.K. Simmons|Danny McBride|Zach Galifianakis,Jason Reitman,Walter Kirn|Jason Reitman|Sheldon Turner
2755,About Schmidt,Jack Nicholson|Kathy Bates|Hope Davis|Dermot Mulroney|June Squibb|Howard Hesseman|Connie Ray|Harry Groener|Cheryl Hamada|Matt Winston,Alexander Payne,Alexander Payne|Louis Begley
82654,Warm Bodies,Nicholas Hoult|Teresa Palmer|Analeigh Tipton|Rob Corddry|Dave Franco|John Malkovich|Cory Hardrict|Vincent Leclerc|Daniel Rindress-Kay|Chris Cavener,Jonathan Levine,Jonathan Levine|Isaac Marion
59967,Looper,Joseph Gordon-Levitt|Bruce Willis|Emily Blunt|Paul Dano|Noah Segan|Piper Perabo|Jeff Daniels|Pierce Gagnon|Xu Qing|Tracie Thoms,Rian Johnson,Rian Johnson
16300,Down to Earth,Chris Rock|Regina King|Chazz Palminteri|Eugene Levy|Frankie Faison|Greg Germann|Jennifer Coolidge|Wanda Sykes|John Cho|Mario Joyner,Chris Weitz|Paul Weitz,Chris Rock|Louis C.K.|Ali LeRoi|Lance Crouther
9598,Babe,Christine Cavanaugh|Miriam Margolyes|Danny Mann|Hugo Weaving|Miriam Flynn|James Cromwell|Russi Taylor|Evelyn Krape|Michael Edward-Stevens|Charles Bartlett,Chris Noonan,George Miller|Dick King-Smith|Chris Noonan
82696,Hope Springs,Meryl Streep|Steve Carell|Tommy Lee Jones|Jean Smart|Marin Ireland|Ben Rappaport|Susan Misner|Danny Flaherty|Patch Darragh|Anita Storr,David Frankel,Vanessa Taylor
9870,Forgetting Sarah Marshall,Jason Segel|Kristen Bell|Mila Kunis|Russell Brand|Bill Hader|Liz Cackowski|Maria Thayer|Jack McBrayer|Da'Vone McDonald|Steve Landesberg,Nicholas Stoller,Jason Segel
8292,Four Brothers,Mark Wahlberg|Tyrese Gibson|André Benjamin|Garrett Hedlund|Terrence Howard|Josh Charles|Sofía Vergara|Fionnula Flanagan|Chiwetel Ejiofor|Taraji P. Henson,John Singleton,David Elliot|Paul Lovett
8780,Baby Mama,Tina Fey|Amy Poehler|Dax Shepard|Sigourney Weaver|Greg Kinnear|Steve Martin|Romany Malco|Maura Tierney|Will Forte|Fred Armisen,Michael McCullers,Michael McCullers
9715,Hope Floats,Sandra Bullock|Harry Connick Jr.|Gena Rowlands|Mae Whitman|Michael Paré|Kathy Najimy|Cameron Finley|Bill Cobbs|Connie Ray|Mona Lee Fultz,Forest Whitaker,Steven Rogers
10521,Bride Wars,Anne Hathaway|Kate Hudson|Bryan Greenberg|Chris Pratt|Steve Howey|Candice Bergen|Kristen Johnston|Michael Arden|Victor Slezak|Kelly Coffield Park,Gary Winick,Greg DePaul|Casey Wilson|June Diane Raphael
10762,Without a Paddle,Seth Green|Matthew Lillard|Dax Shepard|Antony Starr|Andrew Hampton|Jarred Rumbold|Matthew Price|Carl Snell|Nadine Bernecker|David Stott,Steven Brill,Harris Goldberg|Fred Wolf|Tom Nursall|Jay Leggett|Mitch Rouse|Andrew Burbon
10096,13 Going on 30,Jennifer Garner|Mark Ruffalo|Judy Greer|Andy Serkis|Kathy Baker|Samuel Ball|Marcia DeBonis|Phil Reeves|Sean Marquette|Christa Brittany  Allen,Gary Winick,Josh Goldsmith|Cathy Yuspa
59436,Midnight in Paris,Owen Wilson|Rachel McAdams|Kurt Fuller|Mimi Kennedy|Michael Sheen|Nina Arianda|Tom Hiddleston|Carla Bruni|Maurice Sonnenberg|Thierry Hancisse,Woody Allen,Woody Allen
227783,The Nut Job,Will Arnett|Katherine Heigl|Brendan Fraser|Liam Neeson|Stephen Lang|Sarah Gadon|Maya Rudolph|Jeff Dunham|Gabriel Iglesias|Scott Yaphe,Peter Lepeniotis,Lorne Cameron|Peter Lepeniotis|Daniel Woo|Joe Giampapa
4133,Blow,Johnny Depp|Penélope Cruz|Ethan Suplee|Ray Liotta|Franka Potente|Rachel Griffiths|Paul Reubens|Jordi Mollà|Cliff Curtis|Miguel Sandoval,Ted Demme,David McKenna|Nick Cassavetes|Bruce Porter
10207,Message in a Bottle,Kevin Costner|Robin Wright|Paul Newman|John Savage|Illeana Douglas|Robbie Coltrane|Jesse James|Bethel Leslie|Tom Aldredge|Viveka Davis,Luis Mandoki,Gerald Di Pego|Nicholas Sparks
172,Star Trek V: The Final Frontier,William Shatner|Leonard Nimoy|DeForest Kelley|James Doohan|George Takei|Walter Koenig|Nichelle Nichols|David Warner|Laurence Luckinbill|Charles Cooper,William Shatner,David Loughery
21972,Like Mike,Shad Moss|Morris Chestnut|Jonathan Lipnicki|Brenda Song|Jesse Plemons|Julius Ritter|Crispin Glover|Anne Meara|Robert Forster|Eugene Levy,John Schultz,Michael Elliot|Jordan Moffet
36593,The Naked Gun 33⅓: The Final Insult,Leslie Nielsen|Priscilla Presley|George Kennedy|O.J. Simpson|Fred Ward|Kathleen Freeman|Anna Nicole Smith|Doris Belack|Nigel Gibbs|Andre Rosey Brown,Peter Segal,David Zucker|Pat Proft|Robert LoCash
707,A View to a Kill,Roger Moore|Christopher Walken|Tanya Roberts|Grace Jones|Patrick Macnee|Patrick Bauchau|David Yip|Fiona Fullerton|Manning Redwood|Alison Doody,John Glen,Ian Fleming|Richard Maibaum|Michael G. Wilson
533,The Curse of the Were-Rabbit,Peter Sallis|Helena Bonham Carter|Ralph Fiennes|Nicholas Smith|Liz Smith|John Thomson|Vincent Ebrahim|Geraldine McEwan|Edward Kelsey|Dicken Ashworth,Nick Park|Steve Box,Nick Park|Steve Box|Bob Baker|Mark Burton|Robert Stevenhagen
6023,P.S. I Love You,Hilary Swank|Gerard Butler|Lisa Kudrow|Harry Connick Jr.|Gina Gershon|Jeffrey Dean Morgan|Kathy Bates|James Marsters|Nellie McKay|Anne Kent,Richard LaGravenese,Richard LaGravenese|Steven Rogers|Cecelia Ahern
6439,Racing Stripes,Frankie Muniz|Mandy Moore|Hayden Panettiere|Bruce Greenwood|Wendie Malick|M. Emmet Walsh|Snoop Dogg|Michael Clarke Duncan|Jeff Foxworthy|Whoopi Goldberg,Frederik Du Chau,Frederik Du Chau|David Schmidt
4347,Atonement,Keira Knightley|James McAvoy|Romola Garai|Saoirse Ronan|Brenda Blethyn|Vanessa Redgrave|Juno Temple|Benedict Cumberbatch|Harriet Walter|Alfie Allen,Joe Wright,Christopher Hampton|Ian McEwan
37056,Letters to Juliet,Amanda Seyfried|Christopher Egan|Gael García Bernal|Vanessa Redgrave|Franco Nero|Marcia DeBonis|Giordano Formenti|Luisa Ranieri|Marina Massironi|Milena Vukotic,Gary Winick,José Rivera|Tim Sullivan
4105,Black Rain,Michael Douglas|Andy García|Kate Capshaw|Shigeru Kôyama|John Spencer|Ken Takakura|Yûsaku Matsuda|Jun Kunimura|Luis Guzmán|John Costelloe,Ridley Scott,Warren Lewis|Craig Bolotin
76489,The Three Stooges,Sean Hayes|Will Sasso|Chris Diamantopoulos|Jane Lynch|Sofía Vergara|Jennifer Hudson|Craig Bierko|Stephen Collins|Larry David|Kirby Heyborne,Bobby Farrelly|Peter Farrelly,Bobby Farrelly|Peter Farrelly|Mike Cerrone
3933,Corpse Bride,Johnny Depp|Helena Bonham Carter|Emily Watson|Tracey Ullman|Paul Whitehouse|Joanna Lumley|Albert Finney|Richard E. Grant|Christopher Lee|Michael Gough,Tim Burton|Mike Johnson,Tim Burton|John August|Caroline Thompson|Pamela Pettler|Carlos Grangel|Chris Butler|Tim Watts|Kaz|Padraig Collins|Mike Cachuela|Alex Hillkurtz|Brendan Houghton|Matt Jones|Emily Mantell
9918,Glory Road,Josh Lucas|Derek Luke|Jon Voight|Austin Nichols|Evan Jones|Mehcad Brooks|Damaine Radcliff|Alphonso McAuley|Emily Deschanel|Red West,James Gartner,Chris Cleveland|Bettina Gilois
273481,Sicario,Emily Blunt|Benicio del Toro|Josh Brolin|Victor Garber|Jon Bernthal|Daniel Kaluuya|Jeffrey Donovan|Raoul Max Trujillo|Julio Cedillo|Hank Rogerson,Denis Villeneuve,Taylor Sheridan
307081,Southpaw,Jake Gyllenhaal|Rachel McAdams|Forest Whitaker|Oona Laurence|50 Cent|Skylan Brooks|Naomie Harris|Victor Ortiz|Beau Knapp|Miguel Gomez,Antoine Fuqua,Kurt Sutter
16871,Drag Me to Hell,Alison Lohman|Justin Long|Lorna Raver|Dileep Rao|David Paymer|Adriana Barraza|Chelcie Ross|Reggie Lee|Molly Cheek|Bojana Novaković,Sam Raimi,Sam Raimi|Ivan Raimi
293863,The Age of Adaline,Blake Lively|Michiel Huisman|Harrison Ford|Ellen Burstyn|Kathy Baker|Amanda Crew|Lynda Boyd|Richard Harmon|Fulvio Cecere|Anjali Jay,Lee Toland Krieger,J. Mills Goodloe|Salvador Paskowitz
13156,Secondhand Lions,Michael Caine|Robert Duvall|Haley Joel Osment|Josh Lucas|Kyra Sedgwick|Christian Kane|Nicky Katt|Eric Balfour|Kevin Haberer|Emmanuelle Vaugier,Tim McCanlies,Tim McCanlies
41233,Step Up 3D,Rick Malambri|Adam G. Sevani|Joe Slaughter|Sharni Vinson|Alyson Stoner|Keith Stallworth|Kendra Andrews|Stephen Boss|Martín Lombard|Facundo Lombard,Jon M. Chu,Duane Adler|Amy Andelson|Emily Meyer
9266,Blue Crush,Kate Bosworth|Matthew Davis|Michelle Rodriguez|Sanoe Lake|Mika Boorem|Chris Taloa|Kala Alexander|Ruben Tejada|Kaupena Miranda|Asa Aquino,John Stockwell,John Stockwell|Lizzy Weiss
1262,Stranger Than Fiction,Will Ferrell|Maggie Gyllenhaal|Dustin Hoffman|Emma Thompson|Queen Latifah|Ricky Adams|Denise Hughes|Christian Stolte|William Dick|Tony Hale,Marc Forster,Zach Helm
4513,30 Days of Night,Josh Hartnett|Melissa George|Ben Foster|Danny Huston|Mark Boone Junior|Craig Hall|Chic Littlewood|Manu Bennett|Nathaniel Lees|Elizabeth Hawthorne,David Slade,Stuart Beattie|Brian Nelson|Steve Niles
22970,The Cabin in the Woods,Kristen Connolly|Chris Hemsworth|Anna Hutchison|Fran Kranz|Jesse Williams|Richard Jenkins|Bradley Whitford|Brian J. White|Amy Acker|Tim DeZarn,Drew Goddard,Joss Whedon|Drew Goddard
7278,Meet the Spartans,Sean Maguire|Carmen Electra|Ken Davitian|Kevin Sorbo|Diedrich Bader|Method Man|Ike Barinholtz|Lauren Walsh|Tiffany Haddish|Travis Van Winkle,Jason Friedberg|Aaron Seltzer,Jason Friedberg|Aaron Seltzer
9013,Midnight Run,Robert De Niro|Charles Grodin|Yaphet Kotto|John Ashton|Dennis Farina|Joe Pantoliano|Richard Foronjy|Philip Baker Hall,Martin Brest,George Gallo
865,The Running Man,Arnold Schwarzenegger|Richard Dawson|María Conchita Alonso|Yaphet Kotto|Jim Brown|Jesse Ventura|Erland van Lidth|Marvin J. McIntyre|Gus Rethwisch|Professor Tanaka,Paul Michael Glaser,Steven E. de Souza|Stephen King
10776,Little Shop of Horrors,Rick Moranis|Ellen Greene|Vincent Gardenia|Steve Martin|Tisha Campbell-Martin|John Candy|Bill Murray|Tichina Arnold|Miriam Margolyes|Jim Belushi,Frank Oz,Howard Ashman
50456,Hanna,Saoirse Ronan|Eric Bana|Vicky Krieps|Cate Blanchett|Tom Hollander|John MacMillan|Tim Beckmann|Paul Birchard|Christian Malcolm|Jamie Beamish,Joe Wright,David Farr|Seth Lochhead
9823,Mortal Kombat: Annihilation,Robin Shou|Talisa Soto|James Remar|Sandra Hess|Lynn 'Red' Williams|Brian Thompson|Reiner Schöne|Musetta Vander|Irina Pantaeva|Deron McBee,John R. Leonetti,Lawrence Kasanoff|Joshua Wexler
59861,Larry Crowne,Tom Hanks|Julia Roberts|Bryan Cranston|Cedric the Entertainer|Pam Grier|Taraji P. Henson|George Takei|Nia Vardalos|Sarah Mahoney|Roxana Ortega,Tom Hanks,Tom Hanks|Nia Vardalos
133805,Carrie,Chloë Grace Moretz|Julianne Moore|Judy Greer|Alex Russell|Portia Doubleday|Gabriella Wilde|Max Topplin|Connor Price|Ansel Elgort|Cynthia Preston,Kimberly Peirce,Stephen King|Lawrence D. Cohen|Roberto Aguirre-Sacasa
12763,Take the Lead,Antonio Banderas|Rob Brown|Yaya DaCosta|Alfre Woodard|John Ortiz|Laura Benanti|Katya Virshilas|Jenna Dewan,Liz Friedlander,Dianne Houston
9766,Gridiron Gang,Dwayne Johnson|Xzibit|L. Scott Caldwell|Leon Rippy|Kevin Dunn|Jade Yorker|David V. Thomas|Setu Taase|Mo McRae|James Earl,Phil Joanou,Jac Flanders|Jeff Maguire
14034,What's the Worst That Could Happen?,Martin Lawrence|Danny DeVito|John Leguizamo|Glenne Headly|Carmen Ejogo|Bernie Mac|Larry Miller|Nora Dunn|William Fichtner|Richard Schiff,Sam Weisman,Donald E. Westlake|Matthew Chapman
12244,9,Christopher Plummer|Martin Landau|John C. Reilly|Crispin Glover|Jennifer Connelly|Fred Tatasciore|Elijah Wood|Alan Oppenheimer|Tom Kane|Helen Wilson,Shane Acker,Pamela Pettler|Gaëtan Brizzi|Paul Brizzi|Shane Acker|Jun Falkenstein|Kevin Altieri|Troy Quane|Callan Brunker|Stephan Franck|Angelo Libutti|Alex Hillkurtz|Nathan Chew|Aaron Clark|Tom De Rosier|Warren Leonhardt|Regis Camargo
109421,Side Effects,Jude Law|Rooney Mara|Catherine Zeta-Jones|Channing Tatum|Vinessa Shaw|Ann Dowd|Polly Draper|David Costabile|Mamie Gummer|Andrea Bogart,Steven Soderbergh,Scott Z. Burns
11137,The Prince & Me,Julia Stiles|Luke Mably|Ben Miller|Miranda Richardson|James Fox|Alberta Watson|John Bourgeois|Zachary Knighton|Elisabeth Waterston|Eliza Bennett,Martha Coolidge,Jack Amiel|Michael Begler|Mark Amin|Katherine Fugate
51162,Winnie the Pooh,Jim Cummings|Travis Oates|Bud Luckey|Craig Ferguson|Tom Kenny|Kirsten Anderson-Lopez|Wyatt Hall|Jack Bouleter|Huell Howser|John Cleese,Stephen Anderson|Don Hall,A. A. Milne|Stephen Anderson|Don Hall|Clio Chiang|Kendelle Hoyer|Paul Briggs|Nicole Mitchell|Don Dougherty|Brian Kesinger|Jeremy Spears|Mark Appleby
10152,Dumb and Dumberer: When Harry Met Lloyd,Mimi Rogers|Eric Christian Olsen|Luis Guzmán|Rachel Nichols|Eugene Levy|Derek Richardson|Shia LaBeouf|Lin Shaye|Teal Redmann|Elden Henson,Troy Miller,Troy Miller|Robert Brener
9452,Bulworth,Warren Beatty|Halle Berry|Sean Astin|Christine Baranski|Adilah Barnes|J. Kenneth Campbell|Don Cheadle|Kevin Cooney|Nora Dunn|Joshua Malina,Warren Beatty,Warren Beatty|Jeremy Pikser
239566,Get on Up,Chadwick Boseman|Nelsan Ellis|Dan Aykroyd|Viola Davis|Lennie James|Fred Melamed|Jill Scott|Octavia Spencer|Nick Eversman|Tika Sumpter,Tate Taylor,Jez Butterworth|Steven Baigelman|John-Henry Butterworth
53113,One True Thing,Meryl Streep|Renée Zellweger|William Hurt|Tom Everett Scott|Lauren Graham|Julianne Nicholson|Jeffrey Scaperrotta,Carl Franklin,
9271,Virtuosity,Denzel Washington|Russell Crowe|Kelly Lynch|William Forsythe|Stephen Spinella|Louise Fletcher|Una Damon|Miguel Nájera|Miracle Vincent|Traci Lords,Brett Leonard,Eric Bernt
4474,My Super Ex-Girlfriend,Uma Thurman|Luke Wilson|Anna Faris|Eddie Izzard|Rainn Wilson|Stelio Savante|Big Guido|Wanda Sykes|Margaret Anne Florence|Catherine Reitman,Ivan Reitman,Don Payne
184346,Deliver Us from Evil,Eric Bana|Edgar Ramírez|Olivia Munn|Joel McHale|Sean Harris|Chris Coy|Dorian Missick|Mike Houston|Lulu Wilson|Antoinette LaVecchia,Scott Derrickson,Scott Derrickson|Paul Harris Boardman
48340,Sanctum,Ioan Gruffudd|Richard Roxburgh|Alice Parkinson|Daniel Wyllie|Allison Cratchley|Christopher James Baker|Nicole Downs|Cramer Cain|Andrew Hansen|John Garvin,Alister Grierson,Andrew Wight|John Garvin
14846,Little Black Book,Brittany Murphy|Holly Hunter|Kathy Bates|Ron Livingston|Kevin Sussman|Josie Maran|Julianne Nicholson|Rashida Jones|Jason Antoon|Sharon Lawrence,Nick Hurran,Melissa Carter
72207,The Five-Year Engagement,Jason Segel|Emily Blunt|Chris Pratt|Alison Brie|Rhys Ifans|Jacki Weaver|Jim Piddock|David Paymer|Mimi Kennedy|Mindy Kaling,Nicholas Stoller,Jason Segel|Nicholas Stoller
16232,Mr. 3000,Bernie Mac|Angela Bassett|Michael Rispoli|Brian J. White|Dondre Whitfield|Paul Sorvino|Tom Arnold|Dane Cook|John Judd|Nathan Geist,Charles Stone III,Eric Champnella|Keith Mitchell|Howard Michael Gould
43539,The Next Three Days,Russell Crowe|Elizabeth Banks|Brian Dennehy|RZA|Moran Atias|Olivia Wilde|Jason Beghe|Nazanin Boniadi|Tyrone Giordano|Ty Simpkins,Paul Haggis,Paul Haggis|Fred Cavayé|Guillaume Lemans
9920,Ultraviolet,Milla Jovovich|Cameron Bright|Nick Chinlund|Sebastien Andrieu|Ida Martin|William Fichtner|David Collier|Kieran O'Rorke|Digger Mesch|Ryan Martin,Kurt Wimmer,Kurt Wimmer
8978,Assault on Precinct 13,Ethan Hawke|Laurence Fishburne|Gabriel Byrne|Maria Bello|Drea de Matteo|John Leguizamo|Brian Dennehy|Ja Rule|Currie Graham|Aisha Hinds,Jean-François Richet,John Carpenter|James DeMonaco|Jeremy Simser
11702,The Replacement Killers,Chow Yun-fat|Mira Sorvino|Michael Rooker|Kenneth Tsang|Jürgen Prochnow|Til Schweiger|Danny Trejo|Clifton Collins Jr|Carlos Gómez|Frank Medrano,Antoine Fuqua,Ken Sanzel
18550,Fled,Laurence Fishburne|Stephen Baldwin|Salma Hayek|Will Patton|Robert John Burke|Robert Hooks|Victor Rivers|David Dukes|Ken Jenkins|Michael Nader,Kevin Hooks,Preston A. Whitmore II
8869,Eight Legged Freaks,David Arquette|Kari Wuhrer|Scott Terra|Scarlett Johansson|Doug E. Doug|Rick Overton|Leon Rippy|Matt Czuchry|Eileen Ryan|Riley Smith,Ellory Elkayem,Ellory Elkayem|Jesse Alexander|Randy Kornfield|Mark Hurtado
43347,Love & Other Drugs,Jake Gyllenhaal|Anne Hathaway|Oliver Platt|Hank Azaria|Gabriel Macht|Judy Greer|George Segal|Jill Clayburgh|Kate Jennings Grant|Katheryn Winnick,Edward Zwick,Charles Randolph
3489,88 Minutes,Al Pacino|Alicia Witt|Leelee Sobieski|Amy Brenneman|William Forsythe|Deborah Kara Unger|Ben McKenzie|Neal McDonough|Leah Cairns|Stephen Moyer,Jon Avnet,Gary Scott Thompson
9701,North Country,Charlize Theron|Elle Peterson|Thomas Curtis|Frances McDormand|Sean Bean|Woody Harrelson|Amber Heard|Jeremy Renner|Richard Jenkins|Sissy Spacek,Niki Caro,Michael Seitzman|Clara Bingham
2122,The Whole Ten Yards,Bruce Willis|Matthew Perry|Amanda Peet|Kevin Pollak|Frank Collison|Johnny Messner|Natasha Henstridge|Tasha Smith|Silas Weir Mitchell|Elisa Gallay,Howard Deutch,Mitchell Kapner|George Gallo
37707,Splice,Adrien Brody|Sarah Polley|Delphine Chanéac|David Hewlett|Abigail Chu|Stephanie Baird|Brandon McGibbon|Amanda Brugel,Vincenzo Natali,Vincenzo Natali|Doug Taylor|Antoinette Terry Bryant
10658,Howard the Duck,Lea Thompson|Jeffrey Jones|Tim Robbins|Ed Gale|Holly Robinson Peete|David Paymer|Paul Guilfoyle|Richard Edson|Dominique Davalos|Liz Sagal,Willard Huyck,Willard Huyck|Gloria Katz
13150,Pride and Glory,Edward Norton|Jon Voight|Colin Farrell|Noah Emmerich|Jennifer Ehle|John Ortiz|Frank Grillo|Shea Whigham|Lake Bell|Carmen Ejogo,Gavin O'Connor,Joe Carnahan|Gavin O'Connor|Greg O'Connor|Robert Hopes
9042,The Cave,Cole Hauser|Eddie Cibrian|Morris Chestnut|Lena Headey|Piper Perabo|Rick Ravanello|Daniel Dae Kim|Kieran Darcy-Smith|Marcel Iureș|Vlad Radescu,Bruce Hunt,Tegan West
17813,Alex & Emma,Luke Wilson|Kate Hudson|Sophie Marceau|David Paymer|Paul Wilson|Chino XL|Lobo Sebastian|Rip Taylor|Alexander Wauthier|Leili Kramer,Rob Reiner,Jeremy Leven
11208,Wicker Park,Josh Hartnett|Rose Byrne|Matthew Lillard|Diane Kruger|Christopher Cousins|Jessica Paré|Vlasta Vrána|Amy Sobol|Ted Whittall|Isabel Dos Santos,Paul McGuigan,Brandon Boyce
58151,Fright Night,Anton Yelchin|Colin Farrell|Toni Collette|Christopher Mintz-Plasse|David Tennant|Imogen Poots|Emily Montague|Dave Franco|Will Denton|Chris Sarandon,Craig Gillespie,Marti Noxon
11400,The New World,Colin Farrell|Q'orianka Kilcher|Christopher Plummer|Christian Bale|August Schellenberg|Wes Studi|David Thewlis|Yorick van Wageningen|Ben Mendelsohn|Noah Taylor,Terrence Malick,Terrence Malick
10350,Wing Commander,Freddie Prinze Jr.|Saffron Burrows|Matthew Lillard|Tchéky Karyo|Jürgen Prochnow|David Suchet|David Warner|Ginny Holder|Hugh Quarshie|Ken Bones,Christopher Roberts,Christopher Roberts
28902,In Dreams,Annette Bening|Aidan Quinn|Stephen Rea|Robert Downey Jr.|Paul Guilfoyle|Katie Sagona|Prudence Wright Holmes|Dennis Boutsikaris|Wally Dunn|Lonnie Farmer,Neil Jordan,Bruce Robinson|Neil Jordan|Bari Wood
14164,Dragonball Evolution,Chow Yun-fat|Justin Chatwin|Joon Park|Jamie Chung|Emmy Rossum|James Marsters|Randall Duk Kim|Ernie Hudson|Texas Battle|Shavon Kirksey,James Wong,Ben Ramsey|Akira Toriyama
76640,The Last Stand,Arnold Schwarzenegger|Forest Whitaker|Rodrigo Santoro|Johnny Knoxville|Jaimie Alexander|Luis Guzmán|Peter Stormare|Génesis Rodríguez|Zach Gilford|John Patrick Amedori,Kim Jee-woon,George Nolfi|Jeffrey Nachmanoff|Andrew Knauer
11058,Godsend,Greg Kinnear|Rebecca Romijn|Robert De Niro|Cameron Bright|Zoie Palmer|Munro Chambers|Andrew Chalmers|Marcia Bennett,Nick Hamm,Mark Bomback
14844,Chasing Liberty,Mandy Moore|Stark Sands|Tony Jayawardena|Jeremy Piven|Annabella Sciorra|Terence Maynard|Mark Harmon|Caroline Goodall|Matthew Goode|Beatrice Rosen,Andy Cadiff,Derek Guiley|David Schneiderman
57089,Hoodwinked Too! Hood VS. Evil,Hayden Panettiere|Bill Hader|Joan Cusack|Patrick Warburton|Glenn Close|David Ogden Stiers|Amy Poehler|Cory Edwards|Martin Short|Brad Garrett,Mike Disa,Cory Edwards|Mike Disa
1947,An Unfinished Life,Robert Redford|Jennifer Lopez|Morgan Freeman|Becca Gardner|Josh Lucas|Damian Lewis|Camryn Manheim|Lynda Boyd|Rob Hayter|P. Lynn Johnson,Lasse Hallström,Mark Spragg|Virginia Korus Spragg
8054,The Imaginarium of Doctor Parnassus,Christopher Plummer|Heath Ledger|Johnny Depp|Jude Law|Colin Farrell|Andrew Garfield|Tom Waits|Lily Cole|Verne Troyer|Gwendoline Christie,Terry Gilliam,Terry Gilliam|Charles McKeown
46829,Barney's Version,Paul Giamatti|Dustin Hoffman|Rosamund Pike|Minnie Driver|Rachelle Lefevre|Macha Grenon|Mark Addy|Anna Hopkins|Scott Speedman|Brittany Drisdelle,Richard J. Lewis,Michael Konyves|Mordecai Richler
146238,Runner Runner,Ben Affleck|Gemma Arterton|Justin Timberlake|Anthony Mackie|David Costabile|John Heard|Michael Esper|Oliver Cooper|Christian George|Yul Vazquez,Brad Furman,Brian Koppelman|David Levien
9989,Antitrust,Ryan Phillippe|Rachael Leigh Cook|Tim Robbins|Claire Forlani|Richard Roundtree|Tygh Runyan|Ned Bellamy|Tyler Labine|Yee Jee Tso|Nate Dushku,Peter Howitt,Howard Franklin
9665,Glory,Matthew Broderick|Denzel Washington|Cary Elwes|Morgan Freeman|Jihmi Kennedy|Andre Braugher|John Finn|Donovan Leitch|JD Cullum|Bob Gunton,Edward Zwick,Kevin Jarre
311,Once Upon a Time in America,Robert De Niro|James Woods|Elizabeth McGovern|Joe Pesci|Burt Young|Tuesday Weld|Treat Williams|Danny Aiello|Richard Bright|James Hayden,Sergio Leone,Sergio Leone|Franco Ferrini|Franco Arcalli|Enrico Medioli|Ernesto Gastaldi|Piero De Bernardi|Leonardo Benvenuti |Harry Grey
102362,Dead Man Down,Colin Farrell|Noomi Rapace|Terrence Howard|Dominic Cooper|Isabelle Huppert|Luis Da Silva Jr.|Stuart Bennett|Franky G|Declan Mulvey|John Cenatiempo,Niels Arden Oplev,J.H. Wyman
11162,The Merchant of Venice,Al Pacino|Jeremy Irons|Joseph Fiennes|Lynn Collins|Zuleikha Robinson|Kris Marshall|Charlie Cox|Mackenzie Crook|Heather Goldenhersh|John Sessions,Michael Radford,William Shakespeare|Michael Radford
6016,The Good Thief,Nick Nolte|Tchéky Karyo|Nutsa Kukhianidze|Marc Lavoine|Saïd Taghmaoui|Gérard Darmon|Ouassini Embarek|Patricia Kell|Julien Maurel|Emir Kusturica,Neil Jordan,Jean-Pierre Melville|Neil Jordan|Auguste Le Breton
17186,Supercross,Steve Howey|Mike Vogel|Cameron Richardson|Sophia Bush|Channing Tatum|Robert Carradine|Robert Patrick|Aaron Carter|J. D. Pardo|Jamie Little,Steve Boyum,Bart Baker|Ken Solarz|Keith Alan Bernstein
13967,Miss Potter,Ewan McGregor|Renée Zellweger|Emily Watson|Barbara Flynn|Bill Paterson|Matyelok Gibbs|Lloyd Owen|Anton Lesser|David Bamber|Phyllida Law,Chris Noonan,Richard Maltby
2008,The Promise,Cecilia Cheung|Liu Ye|Hong Chen|Cheng Qian|Jang Dong-gun|Hiroyuki Sanada,Chen Kaige,Chen Kaige
9053,DOA: Dead or Alive,Jaime Pressly|Devon Aoki|Holly Valance|Sarah Carter|Natassia Malthe|Kane Kosugi|Eric Roberts|Steve Howey|Brian J. White|Matthew Marsden,Corey Yuen Kwai,J. F. Lawton|Adam Gross
4512,The Assassination of Jesse James by the Coward Robert Ford,Brad Pitt|Casey Affleck|Sam Shepard|Mary-Louise Parker|Paul Schneider|Jeremy Renner|Zooey Deschanel|Sam Rockwell|Garret Dillahunt|Brooklynn Proulx,Andrew Dominik,Andrew Dominik|Ron Hansen
76349,1911,Jackie Chan|Li Bingbing|Joan Chen|Jaycee Chan|Sun Chun|Jiang Wu|Hu Ge|Ning Jing|Winston Chao|Yu Shao-Qun,Jackie Chan|张立 | Zhang Li,Wang Xing-Dong|Chen Bao-Guang
31203,Little Nicholas,Maxime Godart|Valérie Lemercier|Kad Merad|Sandrine Kiberlain|François-Xavier Demaison|Michel Duchaussoy|Daniel Prévost|Michel Galabru|Anémone|Louise Bourgoin,Laurent Tirard,Alain Chabat|René Goscinny|Grégoire Vigneron|Laurent Tirard|Sempé
265208,Wild Card,Jason Statham|Michael Angarano|Milo Ventimiglia|Dominik García-Lorido|Anne Heche|Sofía Vergara|Max Casella|Jason Alexander|Hope Davis|Stanley Tucci,Simon West,William Goldman
45610,Machine Gun Preacher,Gerard Butler|Michelle Monaghan|Kathy Baker|Richard Goteri|Peter Carey|Barbara Coven|Michael Shannon|Ryann Campos|Madeline Carroll|Mandalynn Carlson,Marc Forster,Jason Keller
50135,Animals United,Christoph Maria Herbst|Ralf Schmitz|Thomas Fritsch|Bastian Pastewka|Oliver Kalkofe|Nana Spier|Constantin von Jascheroff,Reinhard Klooss|Holger Tappe,Erich Kästner|Reinhard Klooss|Oliver Huzly|Sven Severin
1874,Goodbye Bafana,Joseph Fiennes|Dennis Haysbert|Diane Kruger|Shiloh Henderson|Patrick Lyster,Bille August,Bob Graham|James Gregory|Greg Latter
271331,United Passions,Tim Roth|Sam Neill|Thomas Kretschmann|Gérard Depardieu|Jemima West|Karina Lombard|Fisher Stevens|Benedict Freitag|Jonathan Louis,Frédéric Auburtin,Frédéric Auburtin|Jean-Paul Delfino
215211,Grace of Monaco,Nicole Kidman|Milo Ventimiglia|Paz Vega|Tim Roth|Parker Posey|Frank Langella|Derek Jacobi|Geraldine Somerville|Roger Ashton-Griffiths|Nicholas Farrell,Olivier Dahan,Arash Amel
367961,Savva. Heart of the Warrior,Maksim Chukharyov|Konstantin Khabenskiy|Mikhail Galustyan|Fyodor Bondarchuk|Natalya Ionova|Sergey Garmash|Lolita Milyavskaya|Armen Dzhigarkhanyan|Mariya Kozhevnikova|Grigoriy Leps,Maksim Fadeev,Gregory Poirier|Aleksandr Chistyakov|Maksim Fadeev
10955,Ripley's Game,John Malkovich|Ray Winstone|Uwe Mansshardt|Hanns Zischler|Paolo Paoloni|Lena Headey|Dougray Scott,Liliana Cavani,Patricia Highsmith|Liliana Cavani
223702,Sausage Party,Seth Rogen|Kristen Wiig|Jonah Hill|Bill Hader|Michael Cera|James Franco|Danny McBride|Craig Robinson|Paul Rudd|Nick Kroll,Conrad Vernon|Greg Tiernan,Jonah Hill|Seth Rogen|Evan Goldberg|Kyle Hunter|Ariel Shaffir|Scott Underwood|Todd Demong
254470,Pitch Perfect 2,Anna Kendrick|Rebel Wilson|Hailee Steinfeld|Brittany Snow|Skylar Astin|Adam Devine|Katey Sagal|Anna Camp|Ben Platt|Alexis Knapp,Elizabeth Banks,Kay Cannon|Mickey Rapkin
69,Walk the Line,Joaquin Phoenix|Reese Witherspoon|Ginnifer Goodwin|Robert Patrick|Tyler Hilton|Johnathan Rice|Shooter Jennings|Waylon Payne|Dallas Roberts|Dan John Miller,James Mangold,James Mangold|Gill Dennis|Johnny Cash
4967,Keeping the Faith,Ben Stiller|Edward Norton|Jenna Elfman|Anne Bancroft|Eli Wallach|Ron Rifkin|Miloš Forman|Holland Taylor|Lisa Edelstein|Ken Leung,Edward Norton,Stuart Blumberg
9449,The Borrowers,John Goodman|Jim Broadbent|Celia Imrie|Tom Felton|Hugh Laurie|Bradley Pierce|Mark Williams|Ruby Wax|Doon Mackichan|Alex Winter,Peter Hewitt,Mary Norton|John Kamps|Gavin Scott
11499,Frost/Nixon,Michael Sheen|Frank Langella|Kevin Bacon|Sam Rockwell|Mark Simich|Matthew Macfadyen|Oliver Platt|Rebecca Hall|Toby Jones|Andy Milder,Ron Howard,Peter Morgan
4912,Confessions of a Dangerous Mind,Sam Rockwell|Drew Barrymore|Julia Roberts|Rutger Hauer|Brad Pitt|Matt Damon|George Clooney|Jerry Weintraub|Maggie Gyllenhaal|Michael Cera,George Clooney,Charlie Kaufman|Chuck Barris
12771,Serving Sara,Matthew Perry|Elizabeth Hurley|Vincent Pastore|Bruce Campbell|Cedric the Entertainer|Amy Adams|Jerry Stiller,Reginald Hudlin,David Ronn|Jay Scherick
323676,The Boss,Melissa McCarthy|Peter Dinklage|Kristen Bell|Kathy Bates|Kristen Schaal|Cecily Strong|Margo Martindale|Tyler Labine|Parker Young|Ella Anderson,Ben Falcone,Melissa McCarthy|Ben Falcone|Steve Mallory
12506,Cry Freedom,Denzel Washington|Kevin Kline|Penelope Wilton|Kate Hardie|John Matshikiza|Zakes Mokae|John Thaw|Kevin McNally|Josette Simon|Juanita Waterman,Richard Attenborough,John Briley|Donald Woods
24071,Mumford,Loren Dean|Hope Davis|Jason Lee|Alfre Woodard|Zooey Deschanel|Mary McDonnell|Pruitt Taylor Vince|Martin Short|David Paymer|Jane Adams,Lawrence Kasdan,Lawrence Kasdan
11249,Seed of Chucky,Brad Dourif|Jennifer Tilly|Billy Boyd|Redman|Hannah Spearritt|John Waters|Steve West|Rebecca Santos|Keith-Lee Castle|Jason Flemyng,Don Mancini,Don Mancini
9667,The Jacket,Adrien Brody|Keira Knightley|Kris Kristofferson|Jennifer Jason Leigh|Kelly Lynch|Brad Renfro|Daniel Craig|Angel Coulby|Steven Mackintosh|Brendan Coyle,John Maybury,Marc Rocco|Tom Bleecker
812,Aladdin,Scott Weinger|Robin Williams|Linda Larkin|Jonathan Freeman|Frank Welker|Gilbert Gottfried|Douglas Seale|Charlie Adler|Corey Burton|Jim Cummings,Ron Clements|John Musker,Ted Elliott|Terry Rossio|Ron Clements|John Musker|Roger Allers|Kevin Lima|Darrell Rooney|Burny Mattinson|Eric Goldberg|Chris Sanders|Brian Pimental|Francis Glebas|Larry Leker|Kevin Harkey|Patrick A. Ventura|Rebecca Reese|Jean Gillmore|Daan Jippes|James Fujii|David S. Smith|Sue C. Nichols|Kirk Hanson
277216,Straight Outta Compton,O'Shea Jackson Jr.|Corey Hawkins|Jason Mitchell|Neil Brown Jr.|Aldis Hodge|Marlon Yates Jr.|R. Marcos Taylor|Carra Patterson|Alexandra Shipp|Paul Giamatti,F. Gary Gray,Jonathan Herman|Andrea Berloff|S. Leigh Savidge|Alan Wenkus
87,Indiana Jones and the Temple of Doom,Harrison Ford|Kate Capshaw|Jonathan Ke Quan|Amrish Puri|Roshan Seth|Philip Stone|Roy Chiao|David Yip|Ric Young|Chua Kah Joo,Steven Spielberg,George Lucas|Philip Kaufman|Willard Huyck|Gloria Katz
14444,The Rugrats Movie,Whoopi Goldberg|David Spade|E.G. Daily|Tara Strong|Christine Cavanaugh|Kath Soucie|Cheryl Chase|Tim Curry|Jack Riley|Busta Rhymes,Norton Virgien|Igor Kovalyov,David N. Weiss
2043,Along Came a Spider,Morgan Freeman|Monica Potter|Michael Wincott|Dylan Baker|Mika Boorem|Anton Yelchin|Jay O. Sanders|Billy Burke|Michael Moriarty|Penelope Ann Miller,Lee Tamahori,James Patterson|Marc Moss
315664,Florence Foster Jenkins,Meryl Streep|Hugh Grant|Rebecca Ferguson|Simon Helberg|Nina Arianda|Josh O'Connor|David Haig|Neve Gachev|John Sessions|Christian McKay,Stephen Frears,Stephen Frears|Nicholas Martin
1428,Once Upon a Time in Mexico,Antonio Banderas|Salma Hayek|Johnny Depp|Eva Mendes|Mickey Rourke|Danny Trejo|Enrique Iglesias|Cheech Marin|Willem Dafoe|Marco Leonardi,Robert Rodriguez,Robert Rodriguez
562,Die Hard,Bruce Willis|Alan Rickman|Alexander Godunov|Bonnie Bedelia|Reginald VelJohnson|Paul Gleason|De'voreaux White|William Atherton|Clarence Gilyard Jr.|Hart Bochner,John McTiernan,Steven E. de Souza|Jeb Stuart|Roderick Thorp
15373,Role Models,Seann William Scott|Paul Rudd|Elizabeth Banks|Christopher Mintz-Plasse|Bobb'e J. Thompson|Jane Lynch|Ken Jeong|Amanda Righetti|Joe Lo Truglio|Ken Marino,David Wain,Paul Rudd|David Wain|W. Blake Herron|Ken Marino|Timothy Dowling
318846,The Big Short,Christian Bale|Steve Carell|Ryan Gosling|Brad Pitt|Melissa Leo|Hamish Linklater|John Magaro|Rafe Spall|Jeremy Strong|Finn Wittrock,Adam McKay,Adam McKay|Michael Lewis|Charles Randolph
26320,Taking Woodstock,Demetri Martin|Imelda Staunton|Henry Goodman|Liev Schreiber|Jonathan Groff|Eugene Levy|Emile Hirsch|Paul Dano|Kelli Garner|Jeffrey Dean Morgan,Ang Lee,James Schamus|Elliot Tiber|Tom Monte
14292,Miracle,Kurt Russell|Patricia Clarkson|Noah Emmerich|Sean McCann|Kenneth Welsh|Eddie Cahill|Patrick O'Brien Demsey|Michael Mantenuto|Fred Keating|Philip Maurice Hayes,Gavin O'Connor,Eric Guggenheim
924,Dawn of the Dead,Sarah Polley|Ving Rhames|Jake Weber|Mekhi Phifer|Ty Burrell|Matt Frewer|Michael Kelly|Kevin Zegers|Lindy Booth|Michael Barry,Zack Snyder,George A. Romero|James Gunn|Vince Peets
2018,The Wedding Planner,Jennifer Lopez|Matthew McConaughey|Justin Chambers|Joanna Gleason|Lou Myers|Kathy Najimy|Charles Kimbrough|Judy Greer|Bridgette Wilson|Alex Rocco,Adam Shankman,Pamela Falk|Michael Ellis
192577,Space Pirate Captain Harlock,Shun Oguri|Haruma Miura|Yu Aoi|Arata Furuta|Ayano Fukuda|Toshiyuki Morikawa|Maaya Sakamoto|Kiyoshi Kobayashi|Chikao Ohtsuka|Miyuki Sawashiro,Shinji Aramaki,Kiyoto Takeuchi|Leiji Matsumoto|Harutoshi Fukui
9428,The Royal Tenenbaums,Gene Hackman|Anjelica Huston|Ben Stiller|Gwyneth Paltrow|Luke Wilson|Owen Wilson|Bill Murray|Danny Glover|Alec Baldwin|Seymour Cassel,Wes Anderson,Owen Wilson|Wes Anderson
2832,Identity,John Cusack|Ray Liotta|Amanda Peet|John Hawkes|Alfred Molina|Clea DuVall|John C. McGinley|William Lee Scott|Jake Busey|Rebecca De Mornay,James Mangold,Michael Cooney
137093,Last Vegas,Robert De Niro|Morgan Freeman|Michael Douglas|Kevin Kline|Mary Steenburgen|Jerry Ferrara|Romany Malco|Roger Bart|Joanna Gleason|Michael Ealy,Jon Turteltaub,Dan Fogelman
699,For Your Eyes Only,Roger Moore|Carole Bouquet|Chaim Topol|Lynn-Holly Johnson|Julian Glover|Cassandra Harris|Jill Bennett|Michael Gothard|John Wyman|Jack Hedley,John Glen,Ian Fleming|Richard Maibaum|Michael G. Wilson
9778,Serendipity,John Cusack|Kate Beckinsale|Jeremy Piven|Bridget Moynahan|Eugene Levy|Lilli Lavine|Michael Guarino Jr.|Abdul Alshawish|Stephen Bruce|David Sparrow,Peter Chelsom,Marc Klein
8831,Timecop,Jean-Claude Van Damme|Mia Sara|Ron Silver|Bruce McGill|Gloria Reuben|Scott Bellis|Jason Schombing|Scott Lawrence|Kenneth Welsh|Brent Woolsey,Peter Hyams,Mark Verheiden
9398,Zoolander,Ben Stiller|Owen Wilson|Christine Taylor|Will Ferrell|Milla Jovovich|Jerry Stiller|David Duchovny|Jon Voight|Judah Friedlander|Nathan Lee Graham,Ben Stiller,John Davis|Ben Stiller|John Hamburg|Drake Sather
112949,Safe Haven,Julianne Hough|Josh Duhamel|Cobie Smulders|David Lyons|Mike Pniewski|Tora Hallström|Noah Lomax|Mimi Kirkland|Juan Piedrahita|Robin Mullins,Lasse Hallström,Dana Stevens|Nicholas Sparks|Gage Lansky
10439,Hocus Pocus,Bette Midler|Sarah Jessica Parker|Kathy Najimy|Omri Katz|Thora Birch|Vinessa Shaw|Jodie Rivera|Jason Marsden|Larry Bagby|Tobias Jelinek,Kenny Ortega,David Kirschner|Neil Cuthbert|Mick Garris
3638,No Reservations,Catherine Zeta-Jones|Aaron Eckhart|Abigail Breslin|Patricia Clarkson|Jenny Wade|Bob Balaban|Brían F. O'Byrne|Lily Rabe|Eric Silver|Arija Bareikis,Scott Hicks,Sandra Nettelbeck|Carol Fuchs
23483,Kick-Ass,Aaron Taylor-Johnson|Chloë Grace Moretz|Christopher Mintz-Plasse|Nicolas Cage|Mark Strong|Omari Hardwick|Xander Berkeley|Clark Duke|Garrett M. Brown|Evan Peters,Matthew Vaughn,Matthew Vaughn|Jane Goldman|Mark Millar|John Romita Jr.
62206,30 Minutes or Less,Jesse Eisenberg|Danny McBride|Aziz Ansari|Bianca Kajlich|Nick Swardson|Michael Peña|Fred Ward|Dilshad Vadsaria|Brett Gelman|Elizabeth Wright Shapiro,Ruben Fleischer,Michael Diliberti
10577,Dracula 2000,Gerard Butler|Christopher Plummer|Jonny Lee Miller|Justine Waddell|Jennifer Esposito|Omar Epps|Shane West|Danny Masterson|Nathan Fillion|Sean Patrick Thomas,Patrick Lussier,Joel Soisson
218778,"Alexander and the Terrible, Horrible, No Good, Very Bad Day",Steve Carell|Jennifer Garner|Ed Oxenbould|Dylan Minnette|Kerris Dorsey|Jennifer Coolidge|Megan Mullally|Bella Thorne|Mary Mouser|Sidney Fullmer,Miguel Arteta,Rob Lieber|Judith Viorst
4348,Pride & Prejudice,Keira Knightley|Matthew Macfadyen|Rosamund Pike|Simon Woods|Donald Sutherland|Brenda Blethyn|Jena Malone|Rupert Friend|Judi Dench|Carey Mulligan,Joe Wright,Jane Austen|Deborah Moggach
78,Blade Runner,Harrison Ford|Rutger Hauer|Sean Young|Edward James Olmos|M. Emmet Walsh|Daryl Hannah|William Sanderson|Brion James|Joe Turkel|Joanna Cassidy,Ridley Scott,Philip K. Dick|Hampton Fancher|David Webb Peoples
11780,Rob Roy,Liam Neeson|Jessica Lange|John Hurt|Tim Roth|Eric Stoltz|Brian Cox|Jason Flemyng|Andrew Keir|Shirley Henderson|Brian McCardie,Michael Caton-Jones,Alan Sharp
192102,3 Days to Kill,Kevin Costner|Amber Heard|Hailee Steinfeld|Connie Nielsen|Tómas Lemarquis|Richard Sammel|Marc Andréoni|Bruno Ricci|Jonas Bloquet|Eriq Ebouaney,McG,Luc Besson|Adi Hasak
2001,We Own the Night,Joaquin Phoenix|Eva Mendes|Alex Veadov|Mark Wahlberg|Robert Duvall|Antoni Corone|Tony Musante|Katie Condidorio|Danny Hoch|Oleg Taktarov,James Gray,James Gray
10383,Lost Souls,Winona Ryder|Ben Chaplin|Sarah Wynter|Philip Baker Hall|John Hurt|Elias Koteas|John Diehl|Alfre Woodard|Victor Slezak|John Beasley,Janusz Kamiński,Betsy Stahl
11516,Winged Migration,Philippe Labro|Jacques Perrin,Jacques Perrin,Jean Dorst
10025,Just My Luck,Lindsay Lohan|Samaire Armstrong|Chris Pine|Missi Pyle|Makenzie Vega Norfolk|Bree Turner|Faizon Love|Carlos Ponce|Danny Jones|Tom Fletcher,Donald Petrie,I. Marlene King|Jonathan Bernstein|Mark Blackwell|James Greer|Amy B. Harris
15198,"Mystery, Alaska",Russell Crowe|Hank Azaria|Mary McCormack|Burt Reynolds|Colm Meaney|Lolita Davidovich|Maury Chaykin|Ron Eldard|Ryan Northcott|Michael Buie,Jay Roach,David E. Kelley|Sean O'Byrne
23172,The Spy Next Door,Amber Valletta|Lucas Till|Jackie Chan|Billy Ray Cyrus|George Lopez|Madeline Carroll|Will Shadley|Alina Foley|Magnús Scheving|Katherine Boecher,Brian Levant,Jonathan Bernstein|James Greer
17834,A Simple Wish,Martin Short|Kathleen Turner|Mara Wilson|Robert Pastorelli|Deborah Odell|Francis Capra|Ruby Dee|Amanda Plummer|Teri Garr,Michael Ritchie,Jeff Rothberg
10016,Ghosts of Mars,Natasha Henstridge|Ice Cube|Jason Statham|Clea DuVall|Pam Grier|Joanna Cassidy|Richard Cetrone|Rosemary Forsyth|Lobo Sebastian|Rodney A. Grant,John Carpenter,John Carpenter|Larry Sulkis
10317,Our Brand Is Crisis,Sandra Bullock|Anthony Mackie|Billy Bob Thornton|Zoe Kazan|Scoot McNairy|Ann Dowd|Joaquim de Almeida|Candice Harrison|Carmela Zumbado|Erick Chavarria,David Gordon Green,Peter Straughan
58431,Pride and Prejudice and Zombies,Lily James|Sam Riley|Jack Huston|Bella Heathcote|Douglas Booth|Matt Smith|Suki Waterhouse|Charles Dance|Lena Headey|Emma Greenwell,Burr Steers,Jane Austen|Burr Steers|Seth Grahame-Smith
9746,Kundun,Tenzin Thuthob Tsarong|Tencho Gyalpo|Tsewang Migyur Khangsar|Gyurme Tethong|Robert Lin,Martin Scorsese,Melissa Mathison
13092,How to Lose Friends & Alienate People,Kelan Pannell|Janette Scott|Simon Pegg|Megan Fox|Gillian Anderson|Kelly Jo Charge|Christian Maier Smith|Katherine Parkinson|Felicity Montagu|Thandie Newton,Robert B. Weide,Peter Straughan|Toby Young
59859,Kick-Ass 2,Aaron Taylor-Johnson|Chloë Grace Moretz|Christopher Mintz-Plasse|Clark Duke|Jim Carrey|Lindy Booth|Donald Faison|Steven Mackintosh|Monica Dolan|Morris Chestnut,Jeff Wadlow,Jeff Wadlow|Mark Millar|John Romita Jr.
13495,Alatriste,Viggo Mortensen|Elena Anaya|Unax Ugalde|Eduard Fernández|Eduardo Noriega|Ariadna Gil|Juan Echanove|Javier Cámara|Antonio Dechent|Blanca Portillo,Agustín Díaz Yanes,Arturo Pérez-Reverte|Agustín Díaz Yanes|Carlota Pérez-Reverte
254473,Brick Mansions,Paul Walker|David Belle|RZA|Robert Maillet|Carlo Rota|Kalinka Petrie|Bruce Ramsay|Kwasi Songui|Catalina Denis|Ayisha Issa,Camille Delamarre,Luc Besson|Robert Mark Kamen
700,Octopussy,Roger Moore|Maud Adams|Louis Jourdan|Kristina Wayborn|Kabir Bedi|Steven Berkoff|David Meyer|Tony Meyer|Desmond Llewelyn|Robert Brown,John Glen,Ian Fleming|Richard Maibaum|George MacDonald Fraser|Michael G. Wilson
4964,Knocked Up,Seth Rogen|Katherine Heigl|Leslie Mann|Paul Rudd|Jason Segel|Jay Baruchel|Jonah Hill|Martin Starr|Maude Apatow|Iris Apatow,Judd Apatow,Judd Apatow
10024,My Sister's Keeper,Cameron Diaz|Alec Baldwin|Abigail Breslin|Joan Cusack|Sofia Vassilieva|Emily Deschanel|Heather Wahlquist|Jason Patric|Evan Ellingson|Frank Cassavetes,Nick Cassavetes,Nick Cassavetes|Jeremy Leven|Jodi Picoult
13490,Welcome Home Roscoe Jenkins,Martin Lawrence|James Earl Jones|Margaret Avery|Joy Bryant|Cedric the Entertainer|Nicole Ari Parker|Michael Clarke Duncan|Mike Epps|Mo'Nique|Damani Roberts,Malcolm D. Lee,Malcolm D. Lee
15927,A Passage to India,Judy Davis|Alec Guinness|Peggy Ashcroft|James Fox|Victor Banerjee|Nigel Havers|Michael Culver,David Lean,E.M. Forster
1259,Notes on a Scandal,Judi Dench|Cate Blanchett|Bill Nighy|Juno Temple|Max Lewis|Andrew Simpson|Michael Maloney|Joanna Scanlan|Shaun Parkes|Emma Kennedy,Richard Eyre,Patrick Marber|Zoe Heller
5125,Rendition,Omar Metwally|Reese Witherspoon|Jake Gyllenhaal|Moa Khouas|Zineb Oukach|Igal Naor|Laila Mrabti|David Fabrizio|J.K. Simmons|Meryl Streep,Gavin Hood,Kelley Sane
174,Star Trek VI: The Undiscovered Country,William Shatner|Leonard Nimoy|DeForest Kelley|James Doohan|George Takei|Walter Koenig|Nichelle Nichols|Christopher Plummer|Kim Cattrall|David Warner,Nicholas Meyer,Nicholas Meyer|Denny Martin Flinn
9583,Divine Secrets of the Ya-Ya Sisterhood,Sandra Bullock|Ellen Burstyn|Fionnula Flanagan|James Garner|Cherry Jones|Ashley Judd|Maggie Smith|Shirley Knight|Angus Macfadyen|Jacqueline McKenzie,Callie Khouri,Callie Khouri|Mark Andrus|Rebecca Wells
9437,Kiss the Girls,Morgan Freeman|Ashley Judd|Cary Elwes|Alex McArthur|Tony Goldwyn|Jay O. Sanders|Bill Nunn|Brian Cox|Richard T. Jones|Roma Maffia,Gary Fleder,James Patterson|David Klass
525,The Blues Brothers,"Dan Aykroyd|John Belushi|James Brown|Cab Calloway|Ray Charles|Aretha Franklin|Steve Cropper|Donald ""Duck"" Dunn|Murphy Dunne|Willie Hall",John Landis,Dan Aykroyd|John Landis
10188,The Sisterhood of the Traveling Pants 2,Alexis Bledel|Amber Tamblyn|America Ferrera|Blake Lively|Rachel Nichols|Tom Wisdom|Michael Rady|Leonardo Nam|Rachel Ticotin|Shohreh Aghdashloo,Sanaa Hamri,Ann Brashares|Elizabeth Chandler
63574,Joyful Noise,Queen Latifah|Dolly Parton|Keke Palmer|Jeremy Jordan|Courtney B. Vance|Kris Kristofferson|Dexter Darden|Jesse L. Martin|Shameik Moore|Angela Grovey,Todd Graff,Todd Graff
245,About a Boy,Hugh Grant|Nicholas Hoult|Toni Collette|Rachel Weisz|Sharon Small|Madison Cook|Jordan Cook|Nicholas Hutchison|Ryan Speechley|Joseph Speechley,Chris Weitz|Paul Weitz,Nick Hornby|Chris Weitz|Paul Weitz|Peter Hedges
9825,Lake Placid,Bill Pullman|Bridget Fonda|Oliver Platt|Brendan Gleeson|Betty White|David Lewis|Tim Dixon|Natassia Malthe|Mariska Hargitay|Meredith Salenger,Steve Miner,David E. Kelley
186,Lucky Number Slevin,Josh Hartnett|Bruce Willis|Lucy Liu|Morgan Freeman|Ben Kingsley|Michael Rubenfeld|Peter Outerbridge|Stanley Tucci|Kevin Chamberlin|Dorian Missick,Paul McGuigan,Jason Smilovic
9549,The Right Stuff,Fred Ward|Dennis Quaid|Ed Harris|Scott Glenn|Sam Shepard|Barbara Hershey|Lance Henriksen|Veronica Cartwright|Harry Shearer|Jeff Goldblum,Philip Kaufman,Philip Kaufman|Tom Wolfe
61891,Anonymous,Jamie Campbell Bower|Rhys Ifans|David Thewlis|Joely Richardson|Vanessa Redgrave|Sebastian Armesto|Rafe Spall|Edward Hogg|Xavier Samuel|Sam Reid,Roland Emmerich,John Orloff
34584,The NeverEnding Story,Barret Oliver|Gerald McRaney|Noah Hathaway|Drum Garrett|Darryl Cooksey|Nicholas Gilbert|Thomas Hill|Frank Lenart|Silvia Seidel|Tami Stronach,Wolfgang Petersen,Wolfgang Petersen|Michael Ende|Herman Weigel
2666,Dark City,Rufus Sewell|William Hurt|Kiefer Sutherland|Jennifer Connelly|Richard O'Brien|Ian Richardson|Bruce Spence|Colin Friels|John Bluthal|Mitchell Butel,Alex Proyas,David S. Goyer|Alex Proyas|Lem Dobbs
12783,The Duchess,Keira Knightley|Ralph Fiennes|Aidan McArdle|Simon McBurney|Charlotte Rampling|Dominic Cooper|Hayley Atwell|Bruce Mackinnon|Georgia King|Alistair Petrie,Saul Dibb,Anders Thomas Jensen|Jeffrey Hatcher|Saul Dibb|Amanda Foreman
13155,Return to Oz,Fairuza Balk|Nicol Williamson|Jean Marsh|Piper Laurie|Matt Clark|Sean Barrett|Denise Bryer|Brian Henson|Lyle Conway|Justin Case,Walter Murch,Walter Murch|Gill Dennis|Harley Jessup|L. Frank Baum|Henry Selick|Mike Ploog|Denis Rich
42807,The Newton Boys,Matthew McConaughey|Skeet Ulrich|Ethan Hawke|Vincent D'Onofrio|Gail Cronauer|Jena Karam|Julianna Margulies|Casey McAuliffe|Dwight Yoakam|Charles Gunning,Richard Linklater,Richard Linklater|Clark Walker|Claude Stanush
28355,Case 39,Renée Zellweger|Jodelle Ferland|Ian McShane|Kerry O'Malley|Callum Keith Rennie|Bradley Cooper|Adrian Lester|Cynthia Stevenson|Alexander Conti|Philip Cabrita,Christian Alvart,Ray Wright
8080,Suspect Zero,Carrie-Anne Moss|Aaron Eckhart|Ben Kingsley|Harry Lennix|Kevin Chamberlin|Keith Campbell,E. Elias Merhige,Zak Penn|Billy Ray
5126,Martian Child,John Cusack|Bobby Coleman|Amanda Peet|Joan Cusack|Oliver Platt|Richard Schiff|Sophie Okonedo|Anjelica Huston|Taya Calicetto|Zak Ludwig,Menno Meyjes,Seth Bass|Jonathan Tolins
56288,Spy Kids: All the Time in the World,Jessica Alba|Mason Cook|Rowan Blanchard|Joel McHale|Jeremy Piven|Alexa PenaVega|Daryl Sabara|Ricky Gervais|Danny Trejo|Antonio Banderas,Robert Rodriguez,Robert Rodriguez
303858,Money Monster,George Clooney|Julia Roberts|Jack O'Connell|Caitriona Balfe|Dominic West|Lenny Venito|Giancarlo Esposito|Christopher Denham|Condola Rashad|Emily Meade,Jodie Foster,Jim Kouf|Jamie Linden|Alan Di Fiore
1613,The 51st State,Samuel L. Jackson|Robert Carlyle|Emily Mortimer|Meat Loaf|Rhys Ifans|Sean Pertwee|Ricky Tomlinson|Michael Starke|Anna Keaveney|Paul Barber,Ronny Yu,Stel Pavlou
31582,Flawless,Robert De Niro|Philip Seymour Hoffman|Barry Miller|Chris Bauer|Skipp Sudduth,Joel Schumacher,Joel Schumacher
16617,Mindhunters,LL Cool J|Jonny Lee Miller|Kathryn Morris|Patricia Velásquez|Clifton Collins Jr|Eion Bailey|Will Kemp|Val Kilmer|Christian Slater|Cassandra Bell,Renny Harlin,Kevin Brodbin|Wayne Kramer|Lee Wilson|Ted Boonthanakit
8944,What Just Happened,Bruce Willis|Robert De Niro|Sean Penn|Robin Wright|Stanley Tucci|John Turturro|Kristen Stewart|Lily Rabe|Marin Hinkle|Catherine Keener,Barry Levinson,Art Linson
41488,The Statement,Michael Caine|Tilda Swinton|Jeremy Northam|Alan Bates|Charlotte Rampling|John Neville|Ciarán Hinds|Frank Finlay|William Hutt|Matt Craven,Norman Jewison,Ronald Harwood|Brian Moore
37028,The Magic Flute,Joseph Kaiser|Amy Carson|René Pape|Lyubov Petrova|Benjamin Jay Davis|Silvia Moi|Tom Randle|Jimmy Yuill|Michelle Whitney|Christopher Stone,Kenneth Branagh,Kenneth Branagh|Stephen Fry|Emanuel Schikaneder
14560,Paul Blart: Mall Cop,Kevin James|Keir O'Donnell|Jayma Mays|Raini Rodriguez|Shirley Knight|Stephen Rannazzisi|Peter Gerety|Bobby Cannavale|Adam Ferrara|Jamal Mixon,Steve Carr,Kevin James|Nick Bakay
10330,Freaky Friday,Jamie Lee Curtis|Lindsay Lohan|Mark Harmon|Harold Gould|Haley Hudson|Chad Michael Murray|Dina Spybey-Waters|Stephen Tobolowsky|Christina Vidal|Ryan Malgarini,Mark Waters,Leslie Dixon|Heather Hach|Mary Rodgers
6957,The 40 Year Old Virgin,Steve Carell|Catherine Keener|Paul Rudd|Romany Malco|Seth Rogen|Jane Lynch|Leslie Mann|Elizabeth Banks|Kat Dennings|Mindy Kaling,Judd Apatow,Steve Carell|Judd Apatow
1934,Shakespeare in Love,Joseph Fiennes|Gwyneth Paltrow|Geoffrey Rush|Tom Wilkinson|Judi Dench|Imelda Staunton|Colin Firth|Ben Affleck|Simon Callow|Steven Beard,John Madden,Tom Stoppard|Marc Norman
169917,A Walk Among the Tombstones,Liam Neeson|Dan Stevens|David Harbour|Boyd Holbrook|Adam David Thompson|Razane Jammal|Astro|Ólafur Darri Ólafsson|Marina Squerciati|Sebastian Roché,Scott Frank,Scott Frank|Lawrence Block
951,Kindergarten Cop,Arnold Schwarzenegger|Penelope Ann Miller|Pamela Reed|Linda Hunt|Richard Tyson|Alix Koromzay|Carroll Baker|Cathy Moriarty|Joseph Cousins|Christian Cousins,Ivan Reitman,Murray Salem|Herschel Weingrod|Timothy Harris
10189,Pineapple Express,Seth Rogen|James Franco|Danny McBride|Gary Cole|Rosie Perez|Amber Heard|Adam Crosby|Dana Lee|Brian Scannell|Craig Robinson,David Gordon Green,Seth Rogen|Judd Apatow|Evan Goldberg
9454,Ever After: A Cinderella Story,Drew Barrymore|Dougray Scott|Anjelica Huston|Megan Dodds|Melanie Lynskey|Timothy West|Judy Parfitt|Patrick Godfrey|Toby Jones|Lee Ingleby,Andy Tennant,Susannah Grant|Andy Tennant|Charles Perrault|Rick Parks
2055,Open Range,Kevin Costner|Robert Duvall|Michael Gambon|Michael Jeter|Diego Luna|James Russo|Abraham Benrubi|Kim Coates|Annette Bening|Dean McDermott,Kevin Costner,Lauran Paine|Craig Storper
1551,Flatliners,Kiefer Sutherland|Julia Roberts|Kevin Bacon|William Baldwin|Oliver Platt|Kimberly Scott|Joshua Rudoy|Benjamin Mouton|Aeryk Egan|Kesha Reed,Joel Schumacher,Peter Filardi
5902,A Bridge Too Far,Dirk Bogarde|James Caan|Michael Caine|Sean Connery|Edward Fox|Elliott Gould|Gene Hackman|Anthony Hopkins|Hardy Krüger|Laurence Olivier,Richard Attenborough,William Goldman|Cornelius Ryan
11460,Red Eye,Rachel McAdams|Cillian Murphy|Brian Cox|Jayma Mays|Jack Scalia|Robert Pine|Terry Press|Brittany Oaks|Laura Johnson|Max Kasch,Wes Craven,Carl Ellsworth
9358,Final Destination 2,Ali Larter|A.J. Cook|Michael Landes|Tony Todd|Keegan Connor Tracy|Terrence 'T.C.' Carson|Lynda Boyd|James Kirk|David Paetkau|Justina Machado,David R. Ellis,Eric Bress|J. Mackye Gruber|Jeffrey Reddick
134,"O Brother, Where Art Thou?",George Clooney|John Turturro|Tim Blake Nelson|John Goodman|Holly Hunter|Chris Thomas King|Charles Durning|Del Pentecost|Michael Badalucco|J.R. Horne,Joel Coen,Joel Coen|Ethan Coen
22894,Legion,Paul Bettany|Dennis Quaid|Kevin Durand|Kate Walsh|Doug Jones|Lucas Black|Tyrese Gibson|Adrianne Palicki|Charles S. Dutton|Jon Tenney,Scott Stewart,Peter Schink|Scott Stewart
134374,Pain & Gain,Mark Wahlberg|Dwayne Johnson|Anthony Mackie|Tony Shalhoub|Ed Harris|Rob Corddry|Bar Paly|Rebel Wilson|Ken Jeong|Michael Rispoli,Michael Bay,Christopher Markus|Stephen McFeely
1901,In Good Company,Topher Grace|Scarlett Johansson|Dennis Quaid|Marg Helgenberger|David Paymer|Clark Gregg|Philip Baker Hall|Kevin Chapman|Selma Blair|Frankie Faison,Paul Weitz,Paul Weitz
15028,Clockstoppers,Jesse Bradford|Paula Garcés|Robin Thomas|French Stewart|Michael Biehn|Julia Sweeney|Garikayi Mutambirwa|Lindze Letherman|Jason George|Ken Jenkins,Jonathan Frakes,Rob Hedden|Andy Hedden
11509,Silverado,Kevin Kline|Scott Glenn|Kevin Costner|Danny Glover|Brian Dennehy|John Cleese|Brad Leland|Marvin J. McIntyre|Sheb Wooley|Jon Kasdan,Lawrence Kasdan,Lawrence Kasdan|Mark Kasdan
7445,Brothers,Tobey Maguire|Jake Gyllenhaal|Natalie Portman|Sam Shepard|Mare Winningham|Bailee Madison|Taylor Geare|Patrick John Flueger|Clifton Collins Jr|Carey Mulligan,Jim Sheridan,Susanne Bier|Anders Thomas Jensen|David Benioff
17047,Agent Cody Banks 2: Destination London,Frankie Muniz|Anthony Anderson|Hannah Spearritt|Alfie Allen|Cynthia Stevenson|Daniel Roebuck|Anna Chancellor|Keith Allen|James Faulkner|David Kelly,Kevin Allen,Don Rhymer
62838,New Year's Eve,Robert De Niro|Katherine Heigl|Ashton Kutcher|Carla Gugino|Lea Michele|Zac Efron|Josh Duhamel|Jessica Biel|Halle Berry|Sofía Vergara,Garry Marshall,Katherine Fugate
2057,Original Sin,Angelina Jolie|Antonio Banderas|Gregory Itzin|Jack Thompson|Allison Mackie|Joan Pringle|Cordelia Richards|Thomas Jane|James Haven|Lisa Owen,Michael Cristofer,Cornell Woolrich|Michael Cristofer
70436,The Raven,John Cusack|Luke Evans|Alice Eve|Brendan Gleeson|Kevin McNally|Oliver Jackson-Cohen|Jimmy Yuill|Pam Ferris|Brendan Coyle|Dave Legeno,James McTeigue,Ben Livingston|Hannah Shakespeare
16784,Welcome to Mooseport,Ray Romano|Gene Hackman|Marcia Gay Harden|Maura Tierney|June Squibb|Christine Baranski|Fred Savage|Rip Torn|Wayne Robson|Michael Kinney,Donald Petrie,Tom Schulman|Doug Richardson
8011,Highlander: The Final Dimension,Christopher Lambert|Mario Van Peebles|Deborah Kara Unger|Mako|Martin Neufeld|Daniel Do|Michael Jayston|Louis Bertignac,Andrew Morahan,Brad Mirman|Paul Ohl|William N. Panzer
31640,Blood and Wine,Jack Nicholson|Stephen Dorff|Jennifer Lopez|Judy Davis|Michael Caine|Harold Perrineau|Robyn Peterson|Mike Starr,Bob Rafelson,Bob Rafelson|Nick Villiers|Alison Cross
9092,Snow White: A Tale of Terror,Sigourney Weaver|Sam Neill|Monica Keena|Gil Bellows|Brian Glover|David Conrad|Anthony Brophy|Andrew Tiernan|Taryn Davis,Michael Cohn,Tom Szollosi|Deborah Serra
2779,The Curse of the Jade Scorpion,Dan Aykroyd|Helen Hunt|Woody Allen|Charlize Theron|David Ogden Stiers|Brian Markinson|John Tormey|John Schuck|Elizabeth Berkley|Kaili Vernoff,Woody Allen,Woody Allen
316002,Accidental Love,Jake Gyllenhaal|Jessica Biel|James Marsden|Catherine Keener|Paul Reubens|Kirstie Alley|James Brolin|Tracy Morgan|Malinda Williams|Kurt Fuller,David O. Russell|Stephen Greene,Kristin Gore
36355,Flipper,Elijah Wood|Paul Hogan|Jonathan Banks|Jason Fuchs|Robert Deacon|Luke Halpin|Chelsea Field,Alan Shapiro,Alan Shapiro
238615,Self/less,Ryan Reynolds|Ben Kingsley|Natalie Martinez|Matthew Goode|Michelle Dockery|Melora Hardin|Victor Garber|Sam Page|Derek Luke|Mariana Paola Vicente,Tarsem Singh,Àlex Pastor|David Pastor
1985,The Constant Gardener,Ralph Fiennes|Rachel Weisz|Danny Huston|Bill Nighy|Donald Sumpter|Pete Postlethwaite|Richard McCabe|Hubert Koundé|Daniele Harford|Bernard Otieno Oduor,Fernando Meirelles,Jeffrey Caine|John le Carré
615,The Passion of the Christ,Jim Caviezel|Maia Morgenstern|Monica Bellucci|Rosalinda Celentano|Sergio Rubini|Francesco Cabras|Christo Jivkov|Francesco De Vito|Mattia Sbragia|Toni Bertorelli,Mel Gibson,Mel Gibson|Benedict Fitzgerald|Cristian De Mattheis
788,Mrs. Doubtfire,Robin Williams|Sally Field|Pierce Brosnan|Harvey Fierstein|Polly Holliday|Lisa Jakub|Matthew Lawrence|Mara Wilson|Robert Prosky|Anne Haney,Chris Columbus,Anne Fine|Randi Mayem Singer|Leslie Dixon
380,Rain Man,Dustin Hoffman|Tom Cruise|Valeria Golino|Gerald R. Molen|Jack Murdock|Michael D. Roberts|Ralph Seymour|Lucinda Jenney|Bonnie Hunt|Kim Robillard,Barry Levinson,Barry Morrow|Ronald Bass
13223,Gran Torino,Clint Eastwood|Christopher Carley|Bee Vang|Ahney Her|Brian Haley|Geraldine Hughes|Dreama Walker|Brian Howe|John Carroll Lynch|William Hill,Clint Eastwood,Nick Schenk|Dave Johannson
10523,W.,Josh Brolin|Elizabeth Banks|Ellen Burstyn|Ioan Gruffudd|Thandie Newton|Richard Dreyfuss|Scott Glenn|James Cromwell|Jeffrey Wright|Toby Jones,Oliver Stone,Stanley Weiser
8681,Taken,Liam Neeson|Famke Janssen|Maggie Grace|Katie Cassidy|Holly Valance|Xander Berkeley|Olivier Rabourdin|Leland Orser|Jon Gries|Camille Japy,Pierre Morel,Luc Besson|Robert Mark Kamen
239571,The Best of Me,Michelle Monaghan|James Marsden|Liana Liberato|Luke Bracey|Gerald McRaney|Caroline Goodall|Clarke Peters|Sebastian Arcelus|Jon Tenney|Sean Bridgers,Michael Hoffman,Michael Hoffman|Nicholas Sparks|Will Fetters|J. Mills Goodloe
619,The Bodyguard,Whitney Houston|Kevin Costner|Michele Lamar Richards|Ralph Waite|Gary Kemp|Bill Cobbs|Tomas Arana|Mike Starr|Christopher Birt|DeVaughn Nixon,Mick Jackson,Lawrence Kasdan
424,Schindler's List,Liam Neeson|Ben Kingsley|Ralph Fiennes|Caroline Goodall|Jonathan Sagall|Embeth Davidtz|Malgorzata Gebel|Shmuel Levy|Mark Ivanir|Béatrice Macola,Steven Spielberg,Steven Zaillian|Thomas Keneally
50014,The Help,Emma Stone|Viola Davis|Octavia Spencer|Bryce Dallas Howard|Jessica Chastain|Mike Vogel|Allison Janney|Sissy Spacek|Chris Lowell|Ahna O'Reilly,Tate Taylor,Tate Taylor|Kathryn Stockett
162903,The Fifth Estate,Benedict Cumberbatch|Daniel Brühl|Anthony Mackie|David Thewlis|Alicia Vikander|Stanley Tucci|Laura Linney|Carice van Houten|Peter Capaldi|Dan Stevens,Bill Condon,Daniel Domscheidt-Berg|Luke Harding|David Leigh|Josh Singer
11024,Scooby-Doo 2: Monsters Unleashed,Freddie Prinze Jr.|Sarah Michelle Gellar|Matthew Lillard|Linda Cardellini|Seth Green|Peter Boyle|Tim Blake Nelson|Alicia Silverstone|Neil Fanning|Pat O'Brien,Raja Gosnell,Joseph Barbera|William Hanna|James Gunn|Brom
208763,Forbidden Kingdom,Jason Flemyng|Aleksey Chadov|Agniya Ditkovskite|Yuriy Tsurilo|Olga Zaytseva|Aleksandr Yakovlev|Igor Jijikine|Valeriy Zolotukhin|Nina Ruslanova|Viktor Bychkov,Oleg Stepchenko,Oleg Stepchenko|Aleksandr Karpov|Nikolai Gogol
6466,Freddy vs. Jason,Robert Englund|Ken Kirzinger|Jason Ritter|Monica Keena|Lochlyn Munro|Kelly Rowland|Chris Marquette|Brendan Fletcher|Katharine Isabelle|Kyle Labine,Ronny Yu,Wes Craven|Victor Miller|Damian Shannon|Mark Swift
254024,The Face of an Angel,Kate Beckinsale|Cara Delevingne|Daniel Brühl|Ava Acres|Corrado Invernizzi|Genevieve Gaunt|Sai Bennett|Valerio Mastandrea|Andrea Tidona|Peter Sullivan,Michael Winterbottom,Paul Viragh|Barbie Latza Nadeau
12589,Jimmy Neutron: Boy Genius,Debi Derryberry|Megan Cavanagh|Mark DeCarlo|Jeffrey Garcia|Patrick Stewart|Martin Short|Frank Welker|Rob Paulsen|Carolyn Lawrence|Crystal Scales,John A. Davis,Steve Oedekerk|J. David Stem|David N. Weiss|John A. Davis|Bob Camp
7191,Cloverfield,Lizzy Caplan|Jessica Lucas|Odette Annable|Michael Stahl-David|Mike Vogel|T.J. Miller|Anjul Nigam|Margot Farley|Theo Rossi|Brian Klugman,Matt Reeves,Drew Goddard
1497,Teenage Mutant Ninja Turtles II: The Secret of the Ooze,"Paige Turco|David Warner|Michelan Sisti|Leif Tilden|Kenn Scott|Mark Caso|Kevin Clash|Ernie Reyes, Jr.|François Chau|Toshishiro Obata",Michael Pressman,Kevin Eastman|Peter Laird|Todd W. Langen
117,The Untouchables,Kevin Costner|Sean Connery|Charles Martin Smith|Andy García|Robert De Niro|Richard Bradford|Jack Kehoe|Brad Sullivan|Billy Drago|Patricia Clarkson,Brian De Palma,David Mamet|Oscar Fraley|Eliot Ness
6977,No Country for Old Men,Tommy Lee Jones|Javier Bardem|Josh Brolin|Woody Harrelson|Kelly Macdonald|Garret Dillahunt|Tess Harper|Barry Corbin|Stephen Root|Rodger Boyce,Joel Coen|Ethan Coen,Joel Coen|Ethan Coen|Cormac McCarthy
168530,Ride Along,Ice Cube|Kevin Hart|John Leguizamo|Bruce McGill|Tika Sumpter|Bryan Callen|Laurence Fishburne|Gary Owen|Jacob Latimore|Jay Pharoah,Tim Story,Greg Coolidge|Phil Hay|Matt Manfredi|Jason Mantzoukas
634,Bridget Jones's Diary,Renée Zellweger|Colin Firth|Hugh Grant|Gemma Jones|Jim Broadbent|James Callis|Sally Phillips|Shirley Henderson|Embeth Davidtz|Lisa Barbuscia,Sharon Maguire,Richard Curtis|Helen Fielding|Andrew Davies|Jane Clark
392,Chocolat,Juliette Binoche|Alfred Molina|Johnny Depp|Judi Dench|Leslie Caron|Carrie-Anne Moss|Aurelien Parent Koenig|Lena Olin|Peter Stormare|John Wood,Lasse Hallström,Joanne Harris|Robert Nelson Jacobs
10327,"Legally Blonde 2: Red, White & Blonde",Reese Witherspoon|Sally Field|Regina King|Jennifer Coolidge|James Newman|Luke Wilson|Bruce McGill|Dana Ivey|Mary Lynn Rajskub|Alanna Ubach,Charles Herman-Wurmfeld,Kate Kondell
88042,Parental Guidance,Billy Crystal|Bette Midler|Marisa Tomei|Tom Everett Scott|Bailee Madison|Joshua Rush|Kyle Harrison Breitkopf|Jennifer Crystal Foley|Rhoda Griffis|Gedde Watanabe,Andy Fickman,Melissa Carter|Stu Gibbs
41630,No Strings Attached,Natalie Portman|Ashton Kutcher|Kevin Kline|Cary Elwes|Greta Gerwig|Lake Bell|Olivia Thirlby|Ludacris|Jake Johnson|Mindy Kaling,Ivan Reitman,Elizabeth Meriwether|Michael Samonek
11969,Tombstone,Kurt Russell|Val Kilmer|Sam Elliott|Bill Paxton|Powers Boothe|Michael Biehn|Charlton Heston|Jason Priestley|Jon Tenney|Stephen Lang,George P. Cosmatos,Kevin Jarre
2085,Romeo Must Die,Jet Li|Aaliyah|Isaiah Washington|Russell Wong|DMX|Delroy Lindo|D.B. Woodside|Jon Kit Lee|Edoardo Ballerini|Anthony Anderson,Andrzej Bartkowiak,Eric Bernt|John Jarrell
794,The Omen,Gregory Peck|Lee Remick|David Warner|Billie Whitelaw|Harvey Stephens|Patrick Troughton|Martin Benson|Robert Rietty|Tommy Duggan|John Stride,Richard Donner,David Seltzer
9286,Final Destination 3,Mary Elizabeth Winstead|Ryan Merriman|Kris Lemche|Alexz Johnson|Sam Easton|Jesse Moss|Gina Holden|Texas Battle|Chelan Simmons|Crystal Lowe,James Wong,Glenn Morgan|James Wong
77877,The Lucky One,Zac Efron|Blythe Danner|Taylor Schilling|Jay R. Ferguson|Riley Thomas Stewart|Joe Chrest|Jillian Batherson|Courtney J. Clark|Sharon Conley|Russell Durham Comegys,Scott Hicks,Nicholas Sparks|Will Fetters
1265,Bridge to Terabithia,Josh Hutcherson|AnnaSophia Robb|Robert Patrick|Zooey Deschanel|Bailee Madison|Kate Butler|Emma Fenton|Latham Gaines|Judy McIntosh|Grace Brannigan,Gábor Csupó,Jeff Stockwell|Katherine Paterson
866,Finding Neverland,Johnny Depp|Kate Winslet|Julie Christie|Dustin Hoffman|Freddie Highmore|Radha Mitchell|Kate Maberly|Joe Prospero|Nick Roud|Luke Spill,Marc Forster,David Magee|Allan Knee
175555,A Madea Christmas,Tyler Perry|Anna Maria Horsford|Tika Sumpter|Eric Lively|Chad Michael Murray|Alicia Witt|Kathy Najimy|Larry the Cable Guy|Lisa Whelchel|Jonathan Chase,Tyler Perry,Tyler Perry
75174,The Grey,Liam Neeson|Dermot Mulroney|Frank Grillo|Dallas Roberts|Joe Anderson|Nonso Anozie|James Badge Dale|Ben Bray|Larissa Stadnichuk|James Bitonti,Joe Carnahan,Joe Carnahan|Ian Mackenzie Jeffers
11096,Hide and Seek,Robert De Niro|Dakota Fanning|Famke Janssen|Elisabeth Shue|Amy Irving|Dylan Baker|Melissa Leo|Robert John Burke|Molly Grant Kallins|Brendan Sexton III,John Polson,Ari Schlossberg
8699,Anchorman: The Legend of Ron Burgundy,Will Ferrell|Christina Applegate|Paul Rudd|David Koechner|Steve Carell|Fred Willard|Chris Parnell|Vince Vaughn|Luke Wilson|Ben Stiller,Adam McKay,Will Ferrell
769,GoodFellas,Robert De Niro|Ray Liotta|Joe Pesci|Lorraine Bracco|Paul Sorvino|Frank Sivero|Tony Darrow|Mike Starr|Frank Vincent|Chuck Low,Martin Scorsese,Martin Scorsese|Nicholas Pileggi
10923,Agent Cody Banks,Frankie Muniz|Hilary Duff|Angie Harmon|Keith David|Cynthia Stevenson|Darrell Hammond|Martin Donovan|Arnold Vosloo|Daniel Roebuck|Ian McShane,Harald Zwart,Scott Alexander|Larry Karaszewski|Ashley Edward Miller|Zack Stentz|Jeffrey Jurgensen
11283,Nanny McPhee,Emma Thompson|Colin Firth|Kelly Macdonald|Thomas Brodie-Sangster|Eliza Bennett|Raphaël Coleman|Samuel Honywood|Angela Lansbury|Celia Imrie|Imelda Staunton,Kirk Jones,Emma Thompson|Christianna Brand
111,Scarface,Al Pacino|Steven Bauer|Michelle Pfeiffer|Mary Elizabeth Mastrantonio|Robert Loggia|Miriam Colón|F. Murray Abraham|Paul Shenar|Harris Yulin|Ángel Salazar,Brian De Palma,Oliver Stone|Armitage Trail
11676,Nothing to Lose,Tim Robbins|Martin Lawrence|John C. McGinley|Kelly Preston|Irma P. Hall|Giancarlo Esposito|Michael McKean|Rebecca Gayheart|Steve Oedekerk,Steve Oedekerk,Steve Oedekerk
746,The Last Emperor,John Lone|Peter O'Toole|Joan Chen|Dennis Dun|Ryuichi Sakamoto|Ruocheng Ying|Victor Wong|Maggie Han|Ric Young|Cary-Hiroyuki Tagawa,Bernardo Bertolucci,Bernardo Bertolucci|Mark Peploe|Enzo Ungari|Aisin-Gioro Puyi
77866,Contraband,Mark Wahlberg|Kate Beckinsale|Ben Foster|Giovanni Ribisi|J.K. Simmons|William Lucking|Diego Luna|Caleb Landry Jones|Robert Wahlberg|Lukas Haas,Baltasar Kormákur,Aaron Guzikowski
9416,Money Talks,Chris Tucker|Charlie Sheen|Heather Locklear|Paul Sorvino|Elise Neal,Brett Ratner,Joel Cohen|Alec Sokolow
7345,There Will Be Blood,Daniel Day-Lewis|Paul Dano|Dillon Freasier|Ciarán Hinds|Kevin J. O'Connor|Hope Elizabeth Reeves|Colleen Foy|Barry Del Sherman|David Willis|Hans Howes,Paul Thomas Anderson,Paul Thomas Anderson|Upton Sinclair
14317,The Wild Thornberrys Movie,Lacey Chabert|Tom Kane|Cree Summer|Tim Curry|Lynn Redgrave|Danielle Harris|Flea|Crystal Scales|Kimberly Brooks|Alfre Woodard,Cathy Malkasian|Jeff McGrath,Kate Boutilier|Silvia Pompei|Frans Vischer|Adam Henry
20694,Rugrats Go Wild,E.G. Daily|Nancy Cartwright|Kath Soucie|Dionne Quan|Tim Curry|Joe Alaskey|Tress MacNeille|Michael Bell|Julia Kato|Phil Proctor,Norton Virgien|John Eng,Kate Boutilier
12277,Undercover Brother,Eddie Griffin|Chris Kattan|Denise Richards|Aunjanue Ellis|Chi McBride|Neil Patrick Harris|Dave Chappelle|Gary Anthony Williams|Billy Dee Williams|Robert Townsend,Malcolm D. Lee,Michael McCullers|John Ridley
9779,The Sisterhood of the Traveling Pants,Amber Tamblyn|Alexis Bledel|America Ferrera|Blake Lively|Jenna Boyd|Bradley Whitford|Nancy Travis|Rachel Ticotin|Mike Vogel|Michael Rady,Ken Kwapis,Delia Ephron|Ann Brashares|Elizabeth Chandler
2140,Kiss of the Dragon,Jet Li|Bridget Fonda|Tchéky Karyo|Max Ryan|Ric Young|Burt Kwouk|Laurence Ashley|Cyril Raffaelli|Didier Azoulay|John Forgeham,Chris Nahon,Luc Besson|Robert Mark Kamen
12620,The House Bunny,Anna Faris|Emma Stone|Kat Dennings|Katharine McPhee|Rumer Willis|Hugh M. Hefner|Christopher McDonald|Beverly D'Angelo|Kiely Williams|Tyson Ritter,Fred Wolf,Karen McCullah Lutz|Kirsten Smith
14177,Beauty Shop,Queen Latifah|Alicia Silverstone|Andie MacDowell|Alfre Woodard|Mena Suvari|Golden Brooks|LisaRaye McCoy|Keshia Knight Pulliam|Kimora Lee|Sheryl Underwood,Bille Woodruff,Kate Lanier
198185,Million Dollar Arm,Jon Hamm|Bill Paxton|Lake Bell|Suraj Sharma|Aasif Mandvi|Madhur Mittal|Pitobash|Alan Arkin|Bar Paly|Al Sapienza,Craig Gillespie,Tom McCarthy
227156,The Giver,Jeff Bridges|Meryl Streep|Brenton Thwaites|Odeya Rush|Alexander Skarsgård|Katie Holmes|Taylor Swift|Cameron Monaghan|Emma Tremblay|Katharina Damm,Phillip Noyce,Robert B. Weide|Michael Mitnick|Lois Lowry
10735,What a Girl Wants,Amanda Bynes|Colin Firth|Kelly Preston|Jonathan Pryce|Oliver James|Eileen Atkins|Anna Chancellor|Christina Cole|James Greene|Ben Scholfield,Dennie Gordon,Elizabeth Chandler|William Douglas-Home|Jenny Bicks
11351,Jeepers Creepers 2,Ray Wise|Jonathan Breck|Garikayi Mutambirwa|Eric Nenninger|Josh Hammond|Nicky Aycox|Marieh Delfino|Thom Gossom Jr.|Billy Aaron Brown|Al Santos,Victor Salva,Victor Salva
10030,Good Luck Chuck,Dane Cook|Jessica Alba|Dan Fogler|Ellia English|Lonny Ross|Chelan Simmons|Mackenzie Mowat|Sasha Pieterse|Caroline Ford|Chiara Zanni,Mark Helfrich,Steve Glenn|Josh Stolberg
10623,Cradle 2 the Grave,Jet Li|DMX|Kelly Hu|Anthony Anderson|Tom Arnold|Mark Dacascos|Gabrielle Union|Johnny Trí Nguyễn|Sean Cory Cooper,Andrzej Bartkowiak,John O'Brien|Channing Gibson
590,The Hours,Nicole Kidman|Julianne Moore|Meryl Streep|Stephen Dillane|Miranda Richardson|George Loftus|Charley Ramm|Sophie Wyburd|Lyndsey Marshal|Linda Bassett,Stephen Daldry,Michael Cunningham|David Hare
9655,She's the Man,Amanda Bynes|Channing Tatum|Laura Ramsey|Vinnie Jones|David Cross|Julie Hagerty|Robert Hoffman|Alexandra Breckenridge|Jonathan Sadowski|Amanda Crew,Andy Fickman,Karen McCullah Lutz|Ewan Leslie
1268,Mr. Bean's Holiday,Rowan Atkinson|Max Baldry|Emma de Caunes|Willem Dafoe|Karel Roden|Steve Pemberton|Jean Rochefort|Michel Winogradoff,Steve Bendelack,Robin Driscoll|Simon McBurney|Hamish McColl
11237,Anacondas: The Hunt for the Blood Orchid,Johnny Messner|KaDee Strickland|Matthew Marsden|Nicholas Gonzalez|Eugene Byrd|Karl Yune|Salli Richardson-Whitfield|Morris Chestnut|Andy Anderson|Nicholas Hope,Dwight H. Little,Edward Neumeier|Jim Cash|Jack Epps Jr.|Michael Miner|John Claflin|Daniel Zelman|Hans Bauer|Julia Holden
190955,Blood Ties,Clive Owen|Billy Crudup|Marion Cotillard|Mila Kunis|Zoe Saldana|Matthias Schoenaerts|James Caan|Lili Taylor|Griffin Dunne|Noah Emmerich,Guillaume Canet,Guillaume Canet|James Gray|Jacques Maillot
5123,August Rush,Freddie Highmore|Keri Russell|Jonathan Rhys Meyers|Terrence Howard|Robin Williams|William Sadler|Marian Seldes|Mykelti Williamson|Leon G. Thomas III|Aaron Staton,Kirsten Sheridan,James V. Hart|Nick Castle|Paul Castro
4518,Elizabeth,Cate Blanchett|Geoffrey Rush|Christopher Eccleston|Joseph Fiennes|Richard Attenborough|Fanny Ardant|Eric Cantona|Vincent Cassel|Kathy Burke|Edward Hardwicke,Shekhar Kapur,Michael Hirst
11932,Bride of Chucky,Ed Gale|Jennifer Tilly|Brad Dourif|Katherine Heigl|Nick Stabile|John Ritter|Alexis Arquette|Kathy Najimy|Gordon Michael Woolvett|Lawrence Dane,Ronny Yu,Don Mancini
11165,Tora! Tora! Tora!,Martin Balsam|Sô Yamamura|Joseph Cotten|Tatsuya Mihashi|E.G. Marshall|James Whitmore|Takahiro Tamura|Jason Robards|Wesley Addy|Frank Aletter,Richard Fleischer|Kinji Fukasaku|Toshio Masuda,Akira Kurosawa|Hideo Oguni|Ryûzô Kikushima|Ladislas Farago|Larry Forrester|Gordon W. Prange
6116,Spice World,Victoria Beckham|Melanie Brown|Emma Bunton|Melanie Chisholm|Geri Halliwell|Kevin Allen|Devon Anderson|Michael Barrymore|Simon Chandler|Elvis Costello,Bob Spiers,Kim Fuller|Jamie Curtis
57431,The Sitter,Sam Rockwell|Jonah Hill|Max Records|Ari Graynor|J.B. Smoove|Landry Bender|Kevin Hernandez|Kylie Bunbury|Erin Daniels|D.W. Moffett,David Gordon Green,Brian Gatewood|Alessandro Tanaka
21724,Dance Flick,Shoshana Bush|Damon Wayans Jr.|Essence Atkins|Chris Elliott|David Alan Grier|Shawn Wayans|Marlon Wayans|Sufe Bradshaw|Amy Sedaris|Ross Thomas,Damien Dante Wayans,Marlon Wayans|Keenen Ivory Wayans|Shawn Wayans|Craig Wayans|Damien Dante Wayans
278,The Shawshank Redemption,Tim Robbins|Morgan Freeman|Bob Gunton|Clancy Brown|Mark Rolston|James Whitmore|Gil Bellows|William Sadler|Jeffrey DeMunn|Larry Brandenburg,Frank Darabont,Stephen King|Frank Darabont|Pete von Sholly
9290,Crocodile Dundee in Los Angeles,Paul Hogan|Linda Kozlowski|Jere Burns|Jonathan Banks|Alec Wilson|Gerry Skilton|Steve Rackman|Serge Cockburn|Aida Turturro|Paul Rodríguez,Simon Wincer,Paul Hogan|Eric Abrams
11543,Kingpin,Woody Harrelson|Randy Quaid|Vanessa Angel|Bill Murray|Chris Elliott|William Jordan|Nancy Frey-Jarecki|Richard Tyson|Lin Shaye|Zen Gesner,Bobby Farrelly|Peter Farrelly,Barry Fanaro|Mort Nathan
284536,The Gambler,Mark Wahlberg|John Goodman|Brie Larson|Michael Kenneth Williams|Jessica Lange|Da'Vone McDonald|George Kennedy|Griffin Cleveland|Omar Leyva|Anthony Kelley,Rupert Wyatt,William Monahan|James Toback
152737,August: Osage County,Meryl Streep|Julia Roberts|Chris Cooper|Ewan McGregor|Margo Martindale|Sam Shepard|Dermot Mulroney|Julianne Nicholson|Juliette Lewis|Abigail Breslin,John Wells,Tracy Letts
13374,Ice Princess,Michelle Trachtenberg|Joan Cusack|Amy Stewart|Hayden Panettiere|Kim Cattrall|Steve Ross|Trevor Blumas|Kirsten Olson|Jocelyn Lai|Connie Ray,Tim Fywell,Meg Cabot|Angelo Libutti
8976,A Lot Like Love,Ashton Kutcher|Amanda Peet|Aimee Garcia|Taryn Manning|Ali Larter|Kathryn Hahn|Kal Penn|Gabriel Mann|Jeremy Sisto|Moon Bloodgood,Nigel Cole,Colin Patrick Lynch
319888,Eddie the Eagle,Taron Egerton|Hugh Jackman|Christopher Walken|Ania Sowinski|Mads Sjøgård Pettersen|Iris Berben|Jim Broadbent|Jo Hartley|Keith Allen|Dickon Tolson,Dexter Fletcher,Simon Kelton|Sean Macaulay
9469,He Got Game,Denzel Washington|Ray Allen|Milla Jovovich|Rosario Dawson|Hill Harper|Jill Kelly|Chasey Lain|John Turturro|Ned Beatty|Robin Roberts,Spike Lee,Spike Lee
1909,Don Juan DeMarco,Johnny Depp|Marlon Brando|Faye Dunaway|Géraldine Pailhas|Bob Dishy|Rachel Ticotin|Talisa Soto|Stephen Singer|Jo Champa|Marita Geraghty,Jeremy Leven,Jeremy Leven
22971,Dear John,Amanda Seyfried|Channing Tatum|Henry Thomas|Richard Jenkins|Scott Porter|Keith Robinson|Luke Benward|David Andrews|D.J. Cotrona,Lasse Hallström,Nicholas Sparks|Jamie Linden
34813,The Losers,Jeffrey Dean Morgan|Zoe Saldana|Chris Evans|Idris Elba|Columbus Short|Óscar Jaenada|Jason Patric|Holt McCallany|Peter Macdissi|Peter Francis James,Sylvain White,James Vanderbilt|Peter Berg
46261,Don't Be Afraid of the Dark,Katie Holmes|Guy Pearce|Bailee Madison|Alan Dale|Jack Thompson|Emelia Burns|Eddie Ritchard|Nicholas Bell|James Mackay,Troy Nixey,Matthew Robbins|Guillermo del Toro|Nigel McKeand
10431,War,Jet Li|Jason Statham|John Lone|Devon Aoki|Luis Guzmán|Saul Rubinek|Ryo Ishibashi|Sung Kang|Andrea Roth|Kenneth Choi,Philip G. Atwell,Lee Anthony Smith|Gregory J. Bradley
8051,Punch-Drunk Love,Adam Sandler|Emily Watson|Philip Seymour Hoffman|Luis Guzmán|Mary Lynn Rajskub|Robert Smigel|Jason Andrews|Don McManus|David Schrempf|Seann Conway,Paul Thomas Anderson,Paul Thomas Anderson
9352,EuroTrip,Scott Mechlowicz|Jacob Pitts|Michelle Trachtenberg|Travis Wester|Vinnie Jones|Lucy Lawless|Jessica Boehrs|Patrick Malahide|Patrick Rapold|Diedrich Bader,Jeff Schaffer,Jeff Schaffer|Alec Berg|David Mandel|Ted Boonthanakit
10167,Half Past Dead,Steven Seagal|Morris Chestnut|Ja Rule|Nia Peeples|Claudia Christian|Tony Plana|Alexandra Kamp|Kurupt|Michael Taliferro|Bruce Weitz,Don Michael Paul,Don Michael Paul
18147,Unaccompanied Minors,Lewis Black|Wilmer Valderrama|Tyler James Williams|Dyllan Christopher|Brett Kelly|Gia Mantegna|Quinn Shephard|Rob Corddry|Paget Brewster|Dominique Saldaña,Paul Feig,Jacob Meszaros|Mya Stark
17170,"Bright Lights, Big City",Michael J. Fox|Kiefer Sutherland|Phoebe Cates|Jason Robards|Dianne Wiest|Swoosie Kurtz|Frances Sternhagen|Tracy Pollan|John Houseman|David Warrilow,James Bridges,Jay McInerney
18975,The Adventures of Pinocchio,Martin Landau|Jonathan Taylor Thomas|Geneviève Bujold|Udo Kier|Bebe Neuwirth|Rob Schneider|Corey Carrier|David Doyle|Dawn French,Steve Barron,Collodi|Sherry Mills
15487,The Greatest Game Ever Played,Shia LaBeouf|Stephen Dillane|Josh Flitter|Peter Firth|Peyton List|Elias Koteas,Bill Paxton,Mark Frost
22825,The Box,Cameron Diaz|James Marsden|Frank Langella|Michael Zegen|James Rebhorn|Holmes Osborne|Gillian Jacobs|Celia Weston|Lisa K. Wyatt|Michele Durrett,Richard Kelly,Richard Kelly|Richard Matheson
11152,The Ruins,Shawn Ashmore|Jonathan Tucker|Jena Malone|Laura Ramsey|Joe Anderson,Carter Smith,Scott B. Smith
1831,The Next Best Thing,Madonna|Rupert Everett|Benjamin Bratt|Malcolm Stumpf|Josef Sommer|Suzanne Krull|Linda Larkin|Illeana Douglas|Michael Vartan|Lynn Redgrave,John Schlesinger,Tom Ropelewski
43931,My Soul to Take,Max Thieriot|John Magaro|Denzel Whitaker|Zena Grey|Nick Lashaway|Paulina Olszynski|Emily Meade|Jeremy Chu|Danai Gurira|Raúl Esparza,Wes Craven,Wes Craven
10591,The Girl Next Door,Emile Hirsch|Elisha Cuthbert|Timothy Olyphant|James Remar|Chris Marquette|Paul Dano|Timothy Bottoms|Amanda Swisten|Brian Kolodziej|Julie Osburn,Luke Greenfield,Stuart Blumberg|David Wagner|Brent Goldberg|Joel Venti
10861,Maximum Risk,Jean-Claude Van Damme|Natasha Henstridge|Jean-Hugues Anglade|Zach Grenier|Paul Ben-Victor|Frank Senger|Dan Moran|Donald Burda|Stefanos Miltsakakis|Frank Van Keeken,Ringo Lam,Larry Ferguson
12770,Stealing Harvard,Jason Lee|Tom Green|Leslie Mann|Dennis Farina|John C. McGinley|Richard Jenkins|Seymour Cassel|Megan Mullally|Chris Penn|Don Wilson,Bruce McCulloch,Peter Tolan
276907,Legend,Tom Hardy|Emily Browning|Christopher Eccleston|David Thewlis|Taron Egerton|Chazz Palminteri|Colin Morgan|Paul Bettany|Tara Fitzgerald|Aneurin Barnard,Brian Helgeland,Brian Helgeland|John Pearson
10074,Hot Rod,Andy Samberg|Isla Fisher|Bill Hader|Sissy Spacek|Danny McBride|Jorma Taccone|Ian McShane|Will Arnett|Chris Parnell|Mark Acheson,Akiva Schaffer,Pam Brady
65055,Shark Night,Sara Paxton|Chris Carmack|Joel David Moore|Chris Zylka|Dustin Milligan|Katharine McPhee|Donal Logue|Damon Lipari|Sinqua Walls|Christine Bently,David R. Ellis,Will Hayes|Jesse Studenberg
10397,Angela's Ashes,Emily Watson|Robert Carlyle|Joe Breen|Michael Legge|Ciaran Owens|J.J. Murphy|Johnny  Murphy|Ronnie Masterson|Pauline McLynn|Liam Carney,Alan Parker,Frank McCourt|Laura Jones
200505,Draft Day,Kevin Costner|Jennifer Garner|Tom Welling|Sam Elliott|Terry Crews|Ellen Burstyn|Rosanna Arquette|Frank Langella|Chi McBride|Denis Leary,Ivan Reitman,Scott Rothman|Rajiv Joseph
11954,Lifeforce,Steve Railsback|Peter Firth|Frank Finlay|Mathilda May|Patrick Stewart|Michael Gothard|Nicholas Ball|Aubrey Morris|Nancy Paul|John Hallam,Tobe Hooper,Dan O'Bannon|Don Jakoby|Colin Wilson|Michael Armstrong|Olaf Pooley
60309,The Conspirator,Evan Rachel Wood|James McAvoy|Kevin Kline|Robin Wright|Alexis Bledel|Justin Long|Tom Wilkinson|Norman Reedus|Toby Kebbell|Jonathan Groff,Robert Redford,Gregory Bernstein|James D. Solomon
9787,Lords of Dogtown,Emile Hirsch|Victor Rasuk|Rebecca De Mornay|John Robinson|Michael Angarano|Nikki Reed|Johnny Knoxville|Heath Ledger|Vincent Laresca|William Mapother,Catherine Hardwicke,Stacy Peralta
293646,The 33,Antonio Banderas|Rodrigo Santoro|Juliette Binoche|James Brolin|Lou Diamond Phillips|Mario Casas|Adriana Barraza|Kate del Castillo|Cote de Pablo|Bob Gunton,Patricia Riggen,Michael Thomas|José Rivera|Mikko Alanne|Craig Borten|Hector Tobar
6978,Big Trouble in Little China,Kurt Russell|Kim Cattrall|Dennis Dun|James Hong|Victor Wong|Kate Burton|Donald Li|Carter Wong|Peter Kwong|James Pax,John Carpenter,W.D. Richter|David Z. Weinstein|Gary Goldman
133698,Fly Me to the Moon,Diane Kruger|Dany Boon|Alice Pol|Robert Plagnol|Jonathan Cohen|Bernadette Le Saché|Etienne Chicot|Laure Calamy|Malonn Lévana|Olivier Claverie,Pascal Chaumeil,Laurent Zeitoun|Philippe Mechelen|Yoann Gromb
59440,Warrior,Tom Hardy|Jennifer Morrison|Nick Nolte|Joel Edgerton|Frank Grillo|Kevin Dunn|Maximiliano Hernández|Bryan Callen|Sam Sheridan|Jake McLaughlin,Gavin O'Connor,Gavin O'Connor|Cliff Dorfman|Anthony Tambakis
1770,Michael Collins,Liam Neeson|Aidan Quinn|Stephen Rea|Alan Rickman|Julia Roberts|Ian Hart|Brendan Gleeson|Stuart Graham|Sean McGinley|Charles Dance,Neil Jordan,Neil Jordan
10655,Gettysburg,Jeff Daniels|Tom Berenger|Martin Sheen|Sam Elliott|Stephen Lang|Richard Jordan|Andrew Prine|Cooper Huckabee|Patrick Gorman|Bo Brinkman,Ronald F. Maxwell,Ronald F. Maxwell
8988,Stop-Loss,Ryan Phillippe|Abbie Cornish|Joseph Gordon-Levitt|Channing Tatum|Josef Sommer|Timothy Olyphant|Ciarán Hinds|Linda Emond|Steven Strait|Alex Frost,Kimberly Peirce,Kimberly Peirce|Mark Richard
15992,Abandon,Katie Holmes|Benjamin Bratt|Charlie Hunnam|Zooey Deschanel|Fred Ward|Mark Feuerstein|Melanie Lynskey|Philip Bosco|Gabriel Mann|Will McCormack,Stephen Gaghan,Stephen Gaghan
17707,Brokedown Palace,Claire Danes|Kate Beckinsale|Bill Pullman|Jacqueline Kim|Lou Diamond Phillips|Daniel Lapaine|Tom Amandes|Aimee Graham|John Doe|Lim Kay Tong,Jonathan Kaplan,Adam Fields
77883,The Possession,Jeffrey Dean Morgan|Natasha Calis|Madison Davenport|Kyra Sedgwick|Rob LaBelle|Nana Gbewonyo |Jim Thorburn |Matisyahu |Quinn Lord|Jay Brazeau,Ole Bornedal,Juliet Snowden|Leslie Gornstein  |E.L. Katz   |Kevin Mannis 
40001,Mrs. Winterbourne,Shirley MacLaine|Ricki Lake|Brendan Fraser|Jane Krakowski|Loren Dean|Miguel Sandoval|Susan Haskell|Debra Monk|Cathryn de Prume|Peter Gerety,Richard Benjamin,Cornell Woolrich|Phoef Sutton|Lisa-Maria Radano
64639,Straw Dogs,James Marsden|Kate Bosworth|Alexander Skarsgård|Dominic Purcell|Laz Alonso|Willa Holland|James Woods|Walton Goggins|Rhys Coiro|Billy Lush,Rod Lurie,David Zelag Goodman|Rod Lurie
9903,The Hoax,Richard Gere|Alfred Molina|Marcia Gay Harden|Hope Davis|Julie Delpy|Stanley Tucci|David Aaron Baker|Mamie Gummer|Zeljko Ivanek|Eli Wallach,Lasse Hallström,Clifford Irving|William Wheeler
21338,Stone Cold,Brian Bosworth|Lance Henriksen|William Forsythe|Arabella Holzbog|Sam McMurray|Richard Gant|Paulo Tocha|David Tress|Evan James|Tony Pierce,Craig R. Baxley,Walter Doniger
20766,The Road,Viggo Mortensen|Kodi Smit-McPhee|Charlize Theron|Robert Duvall|Guy Pearce|Molly Parker|Michael Kenneth Williams|Garret Dillahunt|Bob Jennings|Agnes Herrmann,John Hillcoat,Cormac McCarthy|Joe Penhall
24264,Sheena,Tanya Roberts|Ted Wass|Donovan Scott|Elizabeth of Toro|France Zobda|Trevor Thomas|Clifton Jones|John Forgeham,John Guillermin,David Newman|Lorenzo Semple Jr.
19803,Underclassman,Nick Cannon|Roselyn Sánchez|Shawn Ashmore|Cheech Marin|Kelly Hu|Kaylee DeFer|Ian Gomez,Marcos Siega,David Wagner|Brent Goldberg
20309,Say It Isn't So,Chris Klein|Heather Graham|Orlando Jones|Sally Field|Richard Jenkins|Eddie Cibrian|Mark Pellegrino|Jack Plotnick|John Rothman|Lin Shaye,J.B. Rogers,Peter Gaulke|Gerry Swallow
9912,The World's Fastest Indian,Anthony Hopkins|Iain Rea|Tessa Mitchell|Aaron Murphy|Tim Shadbolt|Annie Whittle|Greg Johnson|Kate Sullivan|Antony Starr|Craig Hall,Roger Donaldson,Roger Donaldson
9067,Tank Girl,Lori Petty|Ice-T|Naomi Watts|Malcolm McDowell|Iggy Pop|Don Harvey|Jeff Kober|Reg E. Cathey|Scott Coffey|Ann Cusack,Rachel Talalay,Tedi Sarafian
27360,King's Ransom,Anthony Anderson|Jay Mohr|Kellita Smith|Brooke D'Orsay|Donald Faison|Christian Potenza|Glenn Bang,Jeffrey W. Byrd,
8338,Blindness,Julianne Moore|Mark Ruffalo|Alice Braga|Gael García Bernal|Danny Glover|Yusuke Iseya|Yoshino Kimura|Sandra Oh|Mitchell Nye|Don McKellar,Fernando Meirelles,Don McKellar|José Saramago
168705,BloodRayne,Kristanna Loken|Ben Kingsley|Michelle Rodriguez|Michael Madsen|Matthew Davis|Will Sanderson|Geraldine Chaplin|Udo Kier|Meat Loaf|Michael Paré,Uwe Boll,Guinevere Turner
72113,Carnage,Kate Winslet|Jodie Foster|Christoph Waltz|John C. Reilly|Elvis Polanski|Eliot Berger,Roman Polanski,Roman Polanski|Yasmina Reza
9729,Where the Truth Lies,Kevin Bacon|Colin Firth|Alison Lohman|David Hayman|Rachel Blanchard|Maury Chaykin|Sonja Bennett|Kristin Adams|Deborah Grover|Beau Starr,Atom Egoyan,Rupert Holmes|Atom Egoyan
94352,Cirque du Soleil: Worlds Away,Erica Linz|Igor Zaripov|Matt Gillanders|Jason Berrent|Dallas Barnett|Sophia Elisabeth|Lutz Halbhubner,Andrew Adamson,Andrew Adamson
22256,Without Limits,Billy Crudup|Donald Sutherland|Monica Potter|Jeremy Sisto|Matthew Lillard|Dean Norris|Billy Burke|Gabriel Olds|Judith Ivey|William Mapother,Robert Towne,Robert Towne|Kenny Moore
12404,Me and Orson Welles,Zac Efron|Claire Danes|Christian McKay|Imogen Poots|Zoe Kazan|Ben Chaplin|Kelly Reilly|Eddie Marsan|Saskia Reeves|James Tupper,Richard Linklater,Vincent Palmo Jr.|Holly Gent Palmo|Robert Kaplow
152742,The Best Offer,Geoffrey Rush|Jim Sturgess|Sylvia Hoeks|Donald Sutherland|Maximilian Dirr|Philip Jackson|Dermot Crowley|Liya Kebede|Brigitte Christensen|Kiruna Stamell,Giuseppe Tornatore,Giuseppe Tornatore
11699,The Bad Lieutenant: Port of Call - New Orleans,Nicolas Cage|Eva Mendes|Val Kilmer|Fairuza Balk|Shawn Hatosy|Jennifer Coolidge|Tom Bower|Vondie Curtis-Hall|Irma P. Hall|Shea Whigham,Werner Herzog,William M. Finkelstein
49953,A Turtle's Tale: Sammy's Adventures,Yuri Lowenthal|Gemma Arterton|Isabelle Fuhrman|Melanie Griffith|Tim Curry|John Hurt|Robert Sheehan|Kathy Griffin|Jenny McCarthy|Gigi Perreau,Ben Stassen,Domonic Paris
48034,Little White Lies,François Cluzet|Marion Cotillard|Benoît Magimel|Gilles Lellouche|Jean Dujardin|Valérie Bonneton|Joël Dupuch|Laurent Lafitte|Pascale Arbillot|Anne Marivin,Guillaume Canet,Guillaume Canet
39845,Love Ranch,Helen Mirren|Joe Pesci|Sergio Peris-Mencheta|Gina Gershon|Bai Ling|Scout Taylor-Compton|Elise Neal|Bryan Cranston|Rick Gomez|M.C. Gainey,Taylor Hackford,Mark Jacobson
25353,The True Story of Puss 'n Boots,Jérôme Deschamps|Yolande Moreau|Louise Wallon|Arthur Deschamps|Jean-Claude Bolle-Reddat,Jérôme Deschamps|Pascal Hérold|Macha Makeïeff,Pascal Hérold
36696,Space Dogs,Anna Bolshova|Evgeny Mironov|Sergey Garmash|Aleksandr Bashirov|Elena Yakovleva|Chloë Grace Moretz|Dorothy Elias-Fahn|Spike Spencer|Richard Epcar|J. B. Blanc,Inna Evlannikova|Svyatoslav Ushakov,Aleksandr Talal|John Chua
109091,The Counselor,Michael Fassbender|Cameron Diaz|Javier Bardem|Goran Visnjic|Penélope Cruz|Brad Pitt|Dean Norris|Emma Rigby|Rosie Perez|Bruno Ganz,Ridley Scott,Cormac McCarthy
38543,Ironclad,James Purefoy|Kate Mara|Jason Flemyng|Paul Giamatti|Brian Cox|Derek Jacobi|Charles Dance|Aneurin Barnard|Jamie Foreman|Mackenzie Crook,Jonathan English,Erick Kastel|Jonathan English
33157,Waterloo,Rod Steiger|Christopher Plummer|Orson Welles|Jack Hawkins|Virginia McKenna|Dan O'Herlihy|Rupert Davies|Philippe Forquet|Gianni Garko|Ivo Garrani,Sergey Bondarchuk,Vittorio Bonicelli|Sergey Bondarchuk|H.A.L. Craig
290864,Kung Fu Jungle,Donnie Yen|Charlie Yeung|Wang Baoqiang|Bai Bing|Deep Ng|Yu Kang|Xing Yu|Fan Siu-Wong|Bey Logan|Alex Fong Chung-Sun,Teddy Chan,Teddy Chan|Lau Ho-Leung|	Mak Tin-Shu
242166,Red Sky,Cam Gigandet|Rachael Leigh Cook|Shane West|Bill Pullman|Brian Krause|J.C. Chasez|Jason-Shane Scott|Randy Arrington|Wali Razaqi|Kyle T. Heffner,Mario Van Peebles,Randy Arrington|Adam Prince
859,Dangerous Liaisons,Glenn Close|John Malkovich|Michelle Pfeiffer|Swoosie Kurtz|Keanu Reeves|Mildred Natwick|Uma Thurman|Peter Capaldi|Joe Sheridan|Valerie Gogan,Stephen Frears,Choderlos de Laclos|Christopher Hampton
83770,On the Road,Garrett Hedlund|Sam Riley|Kristen Stewart|Amy Adams|Tom Sturridge|Kirsten Dunst|Viggo Mortensen|Danny Morgan|Alice Braga|Elisabeth Moss,Walter Salles,José Rivera|Jack Kerouac
168,Star Trek IV: The Voyage Home,William Shatner|Leonard Nimoy|DeForest Kelley|James Doohan|George Takei|Walter Koenig|Nichelle Nichols|Jane Wyatt|Catherine Hicks|Mark Lenard,Leonard Nimoy,Nicholas Meyer|Harve Bennett|Steve Meerson|Peter Krikes
1246,Rocky Balboa,Sylvester Stallone|Burt Young|Milo Ventimiglia|Geraldine Hughes|James Francis Kelly III|Tony Burton|A. J. Benza|Talia Shire|Henry G. Sanders|Antonio Tarver,Sylvester Stallone,Sylvester Stallone
4233,Scream 2,David Arquette|Neve Campbell|Courteney Cox|Sarah Michelle Gellar|Jamie Kennedy|Laurie Metcalf|Elise Neal|Jerry O'Connell|Timothy Olyphant|Jada Pinkett Smith,Wes Craven,Kevin Williamson
174751,Jane Got a Gun,Natalie Portman|Joel Edgerton|Ewan McGregor|Noah Emmerich|Boyd Holbrook|Rodrigo Santoro|Alex Manette|Todd Stashwick|James Burnett|Sam Quinn,Gavin O'Connor,Joel Edgerton|Anthony Tambakis|Brian Duffield
184098,Think Like a Man Too,Adam Brody|Michael Ealy|Jerry Ferrara|Meagan Good|Regina Hall|Dennis Haysbert|Taraji P. Henson|Terrence Jenkins|Jenifer Lewis|Romany Malco,Tim Story,Steve Harvey|Keith Merryman|David A. Newman
2069,The Whole Nine Yards,Bruce Willis|Matthew Perry|Rosanna Arquette|Michael Clarke Duncan|Kevin Pollak|Harland Williams|Amanda Peet|Natasha Henstridge|Carmen Ferland|Serge Christianssens,Jonathan Lynn,Mitchell Kapner
1788,Footloose,Kevin Bacon|John Lithgow|Dianne Wiest|Chris Penn|Lori Singer|Sarah Jessica Parker|Timothy Scott|Frances Lee McCain|John Laughlin|Elizabeth Gorcey,Herbert Ross,Dean Pitchford
11635,Old School,Luke Wilson|Will Ferrell|Vince Vaughn|Ellen Pompeo|Leah Remini|Elisha Cuthbert|Jeremy Piven|Juliette Lewis|Sarah Shahi|Perrey Reeves,Todd Phillips,Todd Phillips|Scot Armstrong|Court Crandall
177,The Fisher King,Jeff Bridges|Robin Williams|Mercedes Ruehl|Amanda Plummer|Michael Jeter|Lara Harris|Kathy Najimy|Paul Lombardi|David Hyde Pierce|John de Lancie,Terry Gilliam,Richard LaGravenese
3600,I Still Know What You Did Last Summer,Jennifer Love Hewitt|Freddie Prinze Jr.|Mekhi Phifer|Brandy Norwood|Muse Watson|Matthew Settle|Jennifer Esposito|Bill Cobbs|Jeffrey Combs|John Hawkes,Danny Cannon,Lois Duncan|Trey Callaway
2621,Return to Me,David Duchovny|Minnie Driver|Carroll O'Connor|Robert Loggia|Jim Belushi|Bonnie Hunt|David Alan Grier|Joely Richardson|Eddie Jones|Marianne Muellerleile,Bonnie Hunt,Bonnie Hunt|Don Lake
10358,Zack and Miri Make a Porno,Seth Rogen|Elizabeth Banks|Jennifer Schwalbach Smith|Jason Mewes|Gerry Bednob|Traci Lords|Brandon Routh|Justin Long|Jeff Anderson|Craig Robinson,Kevin Smith,Kevin Smith
10480,Nurse Betty,Renée Zellweger|Morgan Freeman|Chris Rock|Greg Kinnear|Aaron Eckhart|Tia Texada|Crispin Glover|Pruitt Taylor Vince|Allison Janney|Kathleen Wilhoite,Neil LaBute,John C. Richards
10313,The Men Who Stare at Goats,George Clooney|Ewan McGregor|Jeff Bridges|Kevin Spacey|Robert Patrick|Stephen Lang|Waleed Zuaiter|Stephen Root|Glenn Morshower|Nick Offerman,Grant Heslov,Jon Ronson|Peter Straughan
18828,Double Take,Orlando Jones|Eddie Griffin|Garcelle Beauvais|Gary Grubbs|Daniel Roebuck|Edward Herrmann|Carlos Carrasco,George Gallo,
3558,"Girl, Interrupted",Winona Ryder|Angelina Jolie|Clea DuVall|Brittany Murphy|Elisabeth Moss|Vanessa Redgrave|Whoopi Goldberg|Jared Leto|Jeffrey Tambor|Travis Fine,James Mangold,James Mangold|Susanna Kaysen|Lisa Loomer|Anna Hamilton Phelan
13476,Win a Date with Tad Hamilton!,Josh Duhamel|Kate Bosworth|Topher Grace|Nathan Lane|Sean Hayes|Gary Cole|Kathryn Hahn|Ginnifer Goodwin|Amy Smart|Stephen Tobolowsky,Robert Luketic,Victor Levin
10208,Muppets from Space,Steve Whitmire|Dave Goelz|Bill Barretta|Frank Oz|Jerry Nelson|Jeffrey Tambor|F. Murray Abraham|Rob Schneider|Kathy Griffin|Josh Charles,Tim Hill,Jerry Juhl
24961,The Wiz,Diana Ross|Michael Jackson|Nipsey Russell|Ted Ross|Theresa Merritt|Lena Horne|Richard Pryor|Mabel King|Thelma Carpenter|Stanley Greene,Sidney Lumet,Joel Schumacher|L. Frank Baum
20697,Ready to Rumble,"David Arquette|Scott Caan|Oliver Platt|Rose McGowan|Bill Goldberg|Page Joseph Falkinburg, Jr|Richard Lineback|Chris Owen|Joe Pantoliano|Martin Landau",Brian Robbins,Steven Brill
20761,Play It to the Bone,Antonio Banderas|Woody Harrelson|Lolita Davidovich|Tom Sizemore|Lucy Liu|Robert Wagner|Richard Masur|Willie Garson|Cylk Cozart|Jack Carter,Ron Shelton,Ron Shelton
70868,I Don't Know How She Does It,Sarah Jessica Parker|Pierce Brosnan|Sarah Shahi|Busy Philipps|Olivia Munn|Jessica Szohr|Kelsey Grammer|Christina Hendricks|Greg Kinnear|Jane Curtin,Douglas McGrath,Aline Brosh McKenna|Allison Pearson
43593,Piranha 3D,Elisabeth Shue|Adam Scott|Jerry O'Connell|Steven R. McQueen|Jessica Szohr|Ving Rhames|Dina Meyer|Kelly Brook|Richard Dreyfuss|Christopher Lloyd,Alexandre Aja,Josh Stolberg
6478,Beyond the Sea,Kevin Spacey|Kate Bosworth|John Goodman|Bob Hoskins|Brenda Blethyn|Greta Scacchi|Michael Byrne|Caroline Aaron,Kevin Spacey,Lewis Colick|Kevin Spacey
40688,Meet the Deedles,Paul Walker|John Ashton|Dennis Hopper|Eric Braeden|Richard Lineback|Robert Englund|M.C. Gainey|Steve Van Wormer|A. J. Langer,Steve Boyum,Jim Herzfeld
26672,The Thief and the Cobbler,Vincent Price|Anthony Quayle|Sean Connery|Joan Sims|Paul Matthews|Donald Pleasence|Hilary Pritchard|Jennifer Beals|Matthew Broderick|Eric Bogosian,Richard Williams,Richard Williams|Margaret French
45881,The Bridge of San Luis Rey,Gabriel Byrne|F. Murray Abraham|Kathy Bates|Robert De Niro|Harvey Keitel|Pilar López de Ayala|Mark Polish|Michael Polish|Adriana Domínguez|Geraldine Chaplin,Mary McGuckian,Thornton Wilder|Mary McGuckian
41283,Faster,Dwayne Johnson|Billy Bob Thornton|Maggie Grace|Carla Gugino|Tom Berenger|Jan Hoag|Courtney Gains|Michael Irby|Josh Clark|Michael Blain-Rozgay,"George Tillman, Jr.",Joe Gayton|Tony Gayton
4935,Howl's Moving Castle,Takuya Kimura|Akihiro Miwa|Tatsuya Gashûin|Mitsunori Isaki|Yo Oizumi|Akio Ohtsuka|Daijiro Harada|Haruko Kato|Ryunosuke Kamiki|Chieko Baishô,Hayao Miyazaki,Hayao Miyazaki|Diana Wynne Jones
19908,Zombieland,Jesse Eisenberg|Woody Harrelson|Emma Stone|Abigail Breslin|Amber Heard|Bill Murray|Derek Graf|Justin Price|Mike White|Victory Van Tuyl,Ruben Fleischer,Rhett Reese|Paul Wernick
10663,The Waterboy,Adam Sandler|Kathy Bates|Fairuza Balk|Henry Winkler|Jerry Reed|Lawrence Gilliard Jr.|Blake Clark|Peter Dante|Jonathan Loughran|Al Whiting,Frank Coraci,Adam Sandler|Tim Herlihy
1891,The Empire Strikes Back,Mark Hamill|Harrison Ford|Carrie Fisher|Billy Dee Williams|Anthony Daniels|David Prowse|Kenny Baker|Peter Mayhew|Frank Oz|James Earl Jones,Irvin Kershner,George Lucas|Leigh Brackett|Lawrence Kasdan
9737,Bad Boys,Will Smith|Martin Lawrence|Téa Leoni|Tchéky Karyo|Joe Pantoliano|Marg Helgenberger|Michael Imperioli|Theresa Randle|Anna Levine|Nestor Serrano,Michael Bay,Doug Richardson|George Gallo|Michael Barrie|Jim Mulholland
37137,The Naked Gun 2½: The Smell of Fear,Leslie Nielsen|Priscilla Presley|George Kennedy|O.J. Simpson|Robert Goulet|Richard Griffiths|Jacqueline Brookes|Anthony James|Lloyd Bochner|Tim O'Connor,David Zucker,Jim Abrahams|David Zucker|Pat Proft
9532,Final Destination,Devon Sawa|Ali Larter|Kerr Smith|Tony Todd|Seann William Scott|Kristen Cloke|Chad Donella|Amanda Detmer|Brendan Fehr|Daniel Roebuck,James Wong,Glenn Morgan|James Wong|Jeffrey Reddick
10316,The Ides of March,Ryan Gosling|George Clooney|Philip Seymour Hoffman|Paul Giamatti|Evan Rachel Wood|Marisa Tomei|Jeffrey Wright|Max Minghella|Jennifer Ehle|Gregory Itzin,George Clooney,George Clooney|Grant Heslov|Beau Willimon
2787,Pitch Black,Vin Diesel|Radha Mitchell|Cole Hauser|Lewis Fitz-Gerald|Claudia Black|Keith David|Rhiana Griffith|John Moore|Simon Burke|Les Chantery,David Twohy,David Twohy|Jim Wheat|Ken Wheat|Jason Brubaker|Brian Murray|Fireball Tim Lawrence
12658,Someone Like You...,Ashley Judd|Greg Kinnear|Hugh Jackman|Marisa Tomei|Ellen Barkin|Catherine Dent|Laura Regan|Peter Friedman|Mireille Enos|Colleen Camp,Tony Goldwyn,Elizabeth Chandler|Laura Zigman
152601,Her,Joaquin Phoenix|Scarlett Johansson|Rooney Mara|Amy Adams|Olivia Wilde|Chris Pratt|Portia Doubleday|Sam Jaeger|Katherine Boecher|Kelly Sarah,Spike Jonze,Spike Jonze
10866,Joy Ride,Steve Zahn|Paul Walker|Leelee Sobieski|Jessica Bowman|Stuart Stone|Basil Wallace|Brian Leckner|Mary Wickliffe|McKenzie Satterthwaite|Dell Yount,John Dahl,J.J. Abrams|Clay Tarver
227707,The Adventurer: The Curse of the Midas Box,Aneurin Barnard|Michael Sheen|Lena Headey|Sam Neill|Ioan Gruffudd|Keeley Hawes|Tristan Gemmill|Daniel Wilde|Xavier Atkins|Oliver Stark,Jonathan Newman,Matthew Huffman|Christian Taylor|G.P. Taylor
21349,Anywhere But Here,Susan Sarandon|Natalie Portman|Hart Bochner|Eileen Ryan|Ray Baker|John Diehl|Shawn Hatosy|Bonnie Bedelia|Faran Tahir|Shishir Kurup,Wayne Wang,Alvin Sargent|Mona Simpson
19150,The Crew,Richard Dreyfuss|Burt Reynolds|Dan Hedaya|Seymour Cassel|Carrie-Anne Moss|Jennifer Tilly|Lainie Kazan|Miguel Sandoval|Jeremy Piven|Casey Siemaszko,Michael Dinner,Michael Dinner
70435,Haywire,Gina Carano|Ewan McGregor|Michael Fassbender|Bill Paxton|Channing Tatum|Antonio Banderas|Michael Douglas|Michael Angarano|Mathieu Kassovitz|Eddie J. Fernandez,Steven Soderbergh,Lem Dobbs
580,Jaws: The Revenge,Lorraine Gary|Lance Guest|Mario Van Peebles|Michael Caine|Karen Young|Judith Barsi|Lynn Whitfield|Mitchell Anderson|Jay Mello|Cedric Scott,Joseph Sargent,Peter Benchley|Michael De Guzman
9819,Marvin's Room,Diane Keaton|Meryl Streep|Leonardo DiCaprio|Robert De Niro|Hume Cronyn|Gwen Verdon|Hal Scardino|Dan Hedaya|Margo Martindale|Cynthia Nixon,Jerry Zaks,Scott McPherson
13579,The Longshots,Ice Cube|Keke Palmer|Tasha Smith|Jill Marie Jones|Dash Mihok|Matt Craven|Glenn Plummer|Garrett Morris|Miles Chandler|Chloe Bridges,Fred Durst,
20024,The End of the Affair,Ralph Fiennes|Stephen Rea|Julianne Moore|James Bolam|Ian Hart|Jason Isaacs|Deborah Findlay|Sam Bould|Cyril Shaps|Simon Turner,Neil Jordan,Neil Jordan|Graham Greene
2453,Harley Davidson and the Marlboro Man,Mickey Rourke|Don Johnson|Chelsea Field|Daniel Baldwin|Giancarlo Esposito|Vanessa Williams|Robert Ginty|Tom Sizemore|Tia Carrere|Eloy Casados,Simon Wincer,Don Michael Paul
6973,In the Valley of Elah,Tommy Lee Jones|Charlize Theron|Susan Sarandon|Frances Fisher|James Franco|Jonathan Tucker|Jason Patric|Josh Brolin|Wes Chatham|Jake McLaughlin,Paul Haggis,Paul Haggis|Mark Boal
11156,Coco Before Chanel,Audrey Tautou|Benoît Poelvoorde|Alessandro Nivola|Marie Gillain|Emmanuelle Devos|Régis Royer|Yan Duffas|Fabien Béhar|Roch Leibovici|Jean-Yves Chatelais,Anne Fontaine,Anne Fontaine|Edmonde Charles-Roux|Camille Fontaine
354110,Forsaken,Demi Moore|Kiefer Sutherland|Donald Sutherland|Brian Cox|Siobhan Williams|Michael Wincott|Landon Liboiron|Greg Ellis|Wesley Morgan|Aaron Poole,Jon Cassar,Brad Mirman
22215,Cheri,Michelle Pfeiffer|Kathy Bates|Rupert Friend|Felicity Jones|Iben Hjejle|Frances Tomelty|Tom Burke|Hubert Tellegen|Joe Sheridan|Toby Kebbell,Stephen Frears,Christopher Hampton|Colette
11632,Vanity Fair,Reese Witherspoon|James Purefoy|Jonathan Rhys Meyers|Romola Garai|Gabriel Byrne|Rhys Ifans|Jim Broadbent|Bob Hoskins|Eileen Atkins|Tony Maudsley,Mira Nair,Julian Fellowes|William Makepeace Thackeray|Matthew Faulk|Mark Skeet
30596,Bodyguards and Assassins,Donnie Yen|Wang Xue-qi|Tony Leung Ka-Fai|Nicholas Tse|Hu Jun|Eric Tsang|Li Yu-Chun|Fan Bingbing|Zhou Yun|Mengke Bateer,Teddy Chan,Chun Tin-Nam|Guo Junli|Joyce Chan Ka-Yi
3021,1408,John Cusack|Samuel L. Jackson|Mary McCormack|Jasmine Jessica Anthony|Tony Shalhoub|Alexandra Silber|Emily Harvey|Noah Lee Margetts|William Armstrong|Paul Birchard,Mikael Håfström,Stephen King|Scott Alexander|Larry Karaszewski|Matt Greenberg
957,Spaceballs,Mel Brooks|Rick Moranis|Bill Pullman|Daphne Zuniga|John Candy|George Wyner|Joan Rivers|Dick Van Patten|Michael Winslow|Lorene Yarnell Jansson,Mel Brooks,Mel Brooks|Thomas Meehan|Ronny Graham
256917,The Water Diviner,Russell Crowe|Olga Kurylenko|Yılmaz Erdoğan|Cem Yılmaz|Jai Courtney|Ryan Corr|James Fraser|Ben O'Toole|Steve Bastoni|Salih Kalyon,Russell Crowe,Andrew Knight|Andrew Anastasios|Brendan Tolley|Tim Evans
251,Ghost,Patrick Swayze|Demi Moore|Whoopi Goldberg|Tony Goldwyn|Vincent Schiavelli|Gail Boggs|Stephen Root|Rick Aviles|Vivian Bonnell|Armelia McQueen,Jerry Zucker,Bruce Joel Rubin
544,There's Something About Mary,Cameron Diaz|Ben Stiller|Matt Dillon|Lee Evans|Chris Elliott|Lin Shaye|Jeffrey Tambor|Markie Post|Keith David|W. Earl Brown,Bobby Farrelly|Peter Farrelly,Bobby Farrelly|Peter Farrelly|Ed Decter|John J. Strauss
11395,The Santa Clause,Tim Allen|Judge Reinhold|Wendy Crewson|David Krumholtz|Peter Boyle|Eric Lloyd|Paige Tamada|Larry Brandenburg|Jayne Eastwood|Kenny Vadas,John Pasquin,Steve Rudnick|Leo Benvenuti
14635,The Rookie,Dennis Quaid|Rachel Griffiths|Beth Grant|Angus T. Jones|Brian Cox|Chad Lindberg|Angelo Spizzirri|Jay Hernandez|Rick Gonzalez,John Lee Hancock,Mike Rich
13680,The Game Plan,Dwayne Johnson|Madison Pettis|Kyra Sedgwick|Roselyn Sánchez|Morris Chestnut|Hayes MacArthur|Brian J. White|Jamal Duff|Paige Turco|Gordon Clapp,Andy Fickman,Audrey Wells|Nichole Millard|Kathryn Price
688,The Bridges of Madison County,Meryl Streep|Clint Eastwood|Annie Corley|Victor Slezak|Jim Haynie|Sarah Kathryn Schmitt|Christopher Kroon|Phyllis Lyons|Debra Monk|Richard Lage,Clint Eastwood,Richard LaGravenese|Robert James Waller
11090,The Animal,Rob Schneider|Colleen Haskell|John C. McGinley|Ed Asner|Guy Torry|Adam Sandler|Michael Caton|Louis Lombardi|Bob Rubin|Pilar Schneider,Luke Greenfield,Rob Schneider|Tom Brady|Darrin Denlinger
783,Gandhi,Ben Kingsley|Candice Bergen|Edward Fox|John Gielgud|Trevor Howard|Rohini Hattangadi|John Mills|Martin Sheen|Ian Charleson|Roshan Seth,Richard Attenborough,John Briley
228194,The Hundred-Foot Journey,Helen Mirren|Manish Dayal|Om Puri|Charlotte Le Bon|Rohan Chand|Juhi Chawla|Farzana Dua Elahe|Dillon Mitra|Jean Kinsell|Amit Shah,Lasse Hallström,Steven Knight|Richard C. Morais
1642,The Net,Sandra Bullock|Jeremy Northam|Dennis Miller|Wendy Gazelle|Ken Howard|Diane Baker|Ray McKinnon|Daniel Schorr|L. Scott Caldwell|Robert Gossett,Irwin Winkler,John D. Brancato|Michael Ferris
10950,I Am Sam,Sean Penn|Michelle Pfeiffer|Dianne Wiest|Dakota Fanning|Richard Schiff|Loretta Devine|Marin Hinkle|Laura Dern|Brad Silverman|Joseph Rosenberg,Jessie Nelson,Jessie Nelson|Kristine Johnson
235260,Son of God,Roma Downey|Diogo Morgado|Louise Delamere|Darwin Shaw|Amber Rose Revah|Andrew Brooke|Simon Kunz|William Houston|Nonso Anozie|Stewart Scudamore,Christopher Spencer,Nic Young|Christopher Spencer|Richard Bedser|Colin Swash
277,Underworld,Kate Beckinsale|Scott Speedman|Michael Sheen|Shane Brolly|Bill Nighy|Erwin Leder|Sophia Myles|Robbie Gee|Wentworth Miller|Kevin Grevioux,Len Wiseman,Len Wiseman|Kevin Grevioux|Danny McBride|Collin Grant
8999,Derailed,Clive Owen|Jennifer Aniston|Vincent Cassel|Melissa George|Addison Timlin|Xzibit|RZA|Sandra Bee|William Armstrong|Tom Conti,Mikael Håfström,Stuart Beattie|James Siegel
11323,The Informant!,Matt Damon|Scott Bakula|Joel McHale|Melanie Lynskey|Ann Dowd|Thomas F. Wilson|Tom Papa|Rick Overton|Allan Havey|Patton Oswalt,Steven Soderbergh,Scott Z. Burns|Kurt Eichenwald
10445,Shadowlands,Anthony Hopkins|Debra Winger|John Wood|Julian Fellowes|Roddy Maude-Roxby|Michael Denison|Tim McMullan|Edward Hardwicke|James Frain|Robert Flemyng,Richard Attenborough,William Nicholson
11453,Deuce Bigalow: European Gigolo,Rob Schneider|Eddie Griffin|Jeroen Krabbé|Til Schweiger|Hanna Verboom|Oded Fehr|Carlos Ponce|Douglas Sills|Charles Keating|Alex Dimitriades,Mike Bigelow,Rob Schneider|Jason Ward|David Garrett
146239,Delivery Man,Vince Vaughn|Cobie Smulders|Chris Pratt|Britt Robertson|Jack Reynor|Bobby Moynihan|Andrzej Blumenfeld|Simon Delaney|Dave Pattenden|Adam Chanler-Berat,Ken Scott,Martin Petit|Ken Scott
205588,Our Kind of Traitor,Ewan McGregor|Stellan Skarsgård|Damian Lewis|Naomie Harris|Jeremy Northam|Khalid Abdalla|Mark Gatiss|Saskia Reeves|Alicia von Rittberg|Alec Utgoff,Susanna White,John le Carré|Hossein Amini
10878,Saving Silverman,Jason Biggs|Steve Zahn|Jack Black|Amanda Peet|Amanda Detmer|R. Lee Ermey|Neil Diamond|Kyle Gass|Christopher Logan|Stephen Chang,Dennis Dugan,Hank Nelken|Greg DePaul
82650,Diary of a Wimpy Kid: Dog Days,Zachary Gordon|Robert Capron|Devon Bostick|Rachael Harris|Steve Zahn|Peyton List|Laine MacNeil|Melissa Roxburgh|Connor Fielding|Owen Fielding,David Bowers,Wallace Wolodarsky|Maya Forbes|Gabe Sachs|Jeff Judah|Jeff Kinney
10279,Summer of Sam,John Leguizamo|Adrien Brody|Mira Sorvino|Jennifer Esposito|Anthony LaPaglia|Michael Rispoli|Saverio Guerra|Bebe Neuwirth|Patti LuPone|Mike Starr,Spike Lee,Spike Lee|Victor Colicchio|Michael Imperioli
2294,Jay and Silent Bob Strike Back,Kevin Smith|Jason Mewes|Ben Affleck|Jeff Anderson|Brian O'Halloran|Shannon Elizabeth|Eliza Dushku|Ali Larter|Jennifer Schwalbach Smith|Will Ferrell,Kevin Smith,Kevin Smith|Scott Mosier
2176,The Glass House,Leelee Sobieski|Diane Lane|Stellan Skarsgård|Bruce Dern|Kathy Baker|Trevor Morgan|Chris Noth|Michael O'Keefe|Gavin O'Connor|Vyto Ruginis,Daniel Sackheim,Wesley Strick|Gabriel Hardman
270487,"Hail, Caesar!",Josh Brolin|George Clooney|Alden Ehrenreich|Ralph Fiennes|Scarlett Johansson|Tilda Swinton|Channing Tatum|Frances McDormand|Jonah Hill|Veronica Osorio,Joel Coen|Ethan Coen,Joel Coen|Ethan Coen
19366,Josie and the Pussycats,Rachael Leigh Cook|Rosario Dawson|Tara Reid|Gabriel Mann|Alan Cumming|Missi Pyle|Parker Posey|Donald Faison|Seth Green|Breckin Meyer,Deborah Kaplan|Harry Elfont,Deborah Kaplan|Harry Elfont
204082,Homefront,Jason Statham|James Franco|Izabela Vidovic|Winona Ryder|Rachelle Lefevre|Kate Bosworth|Clancy Brown|Frank Grillo|Christa Campbell|Omar Benson Miller,Gary Fleder,Sylvester Stallone|Chuck Logan
24100,The Little Vampire,Richard E. Grant|Jonathan Lipnicki|Jim Carter|Alice Krige|Pamela Gidley|Tommy Hinkley|Anna Popplewell|Dean Cook|Iain De Caestecker,Uli Edel,
1599,I Heart Huckabees,Jason Schwartzman|Dustin Hoffman|Lily Tomlin|Jude Law|Mark Wahlberg|Naomi Watts|Isabelle Huppert|Darlene Hunt|Kevin Dunn|Jean Smart,David O. Russell,David O. Russell|Jeff Baena
5550,RoboCop 3,Robert John Burke|Nancy Allen|Mario Machado|Jodi Long|John Posey|Mako|Rip Torn|Bruce Locke|John Castle|Edith Ivey,Fred Dekker,Frank Miller|Edward Neumeier|Michael Miner|Fred Dekker
30379,Megiddo: The Omega Code 2,Michael York|Michael Biehn|Diane Venora|R. Lee Ermey|Udo Kier|Franco Nero|Chad Michael Murray|Guy Siner|Michael Chinyamurindi|John DeMita,Brian Trenchard-Smith|Paul J. Lombardi,John Fasano|Stephan Blinn
42586,Darling Lili,Julie Andrews|Rock Hudson|Jeremy Kemp|Lance Percival|Michael Witney|Gloria Paul|Jacques Marin,Blake Edwards,Blake Edwards|William Peter Blatty
17709,Dudley Do-Right,Brendan Fraser|Sarah Jessica Parker|Alfred Molina|Eric Idle|Robert Prosky|Jack Kehler|Alex Rocco|Louis Mustillo|Don Yesso|Jed Rees,Hugh Wilson,Hugh Wilson|Jay Ward
287948,The Transporter Refueled,Ed Skrein|Ray Stevenson|Loan Chabanol|Gabriella Wright|Tatjana Pajković|Wenxia Yu|Radivoje Bukvić|Noémie Lenoir|Yuri Kolokolnikov|Lenn Kudrjawizki,Camille Delamarre,Luc Besson|Robert Mark Kamen|Adam Cooper|Bill Collage
7548,The Libertine,Johnny Depp|Samantha Morton|John Malkovich|Rosamund Pike|Paul Ritter|Stanley Townsend|Francesca Annis|Tom Hollander|Johnny Vegas|Richard Coyle,Laurence Dunmore,Stephen Jeffreys
9075,Black Book,Carice van Houten|Sebastian Koch|Thom Hoffman|Halina Reijn|Waldemar Kobus|Matthias Schoenaerts|Theo Maassen|Derek de Lint|Christian Berkel|Dolf de Vries,Paul Verhoeven,Paul Verhoeven|Gerard Soeteman
11661,Joyeux Noël,Diane Kruger|Natalie Dessay|Benno Fürmann|Guillaume Canet|Gary Lewis|Dany Boon|Daniel Brühl|Lucas Belvaux|Alex Ferns|Frank Witter,Christian Carion,Christian Carion
109513,Hit & Run,Kristen Bell|Dax Shepard|Tom Arnold|Kristin Chenoweth|Michael Rosenbaum|Jess Rowland|Carly Hatter|Bradley Cooper|Joy Bryant|Kal Bennett,Dax Shepard|David Palmer,Dax Shepard
12085,Mad Money,Diane Keaton|Queen Latifah|Katie Holmes|Ted Danson|Roger Cross|Stephen Root|J.C. MacKenzie|Christopher McDonald|Finesse Mitchell,Callie Khouri,Glenn Gers
204922,Before I Go to Sleep,Nicole Kidman|Colin Firth|Mark Strong|Anne-Marie Duff|Jing Lusi|Dean-Charles Chapman|Adam Levy|Ben Crompton|Flynn MacArthur|Gabriel Strong,Rowan Joffe,Rowan Joffe|S.J. Watson
38985,Sorcerer,Roy Scheider|Bruno Cremer|Francisco Rabal|Amidou|Ramon Bieri|Peter Capell|Karl John|Friedrich von Ledebur|Chico Martínez|Joe Spinell,William Friedkin,Georges Arnaud|Walon Green
44113,Stone,Frances Conroy|Robert De Niro|Edward Norton|Milla Jovovich|Enver Gjokaj|Pepper Binkley|Sandra Love Aldridge|Greg Trzaskoma|Rachel Loiselle|Peter Lewis,John Curran,Angus MacLachlan
21494,Moliere,Romain Duris|Fabrice Luchini|Edouard Baer|Ludivine Sagnier|Laura Morante|Fanny Valette|Gonzague Montuel|Gilian Petrovski|Sophie-Charlotte Husson|Anne Suarez,Laurent Tirard,Grégoire Vigneron|Laurent Tirard
164457,Out of the Furnace,Christian Bale|Zoe Saldana|Woody Harrelson|Sam Shepard|Willem Dafoe|Forest Whitaker|Casey Affleck|Boyd Holbrook|Tom Bower|Gordon Michaels,Scott Cooper,Scott Cooper|Brad Ingelsby
4566,Michael Clayton,George Clooney|Tom Wilkinson|Tilda Swinton|Sydney Pollack|Michael O'Keefe|Robert Prescott|Denis O'Hare|Julie White|Austin Williams|Jennifer Van Dyck,Tony Gilroy,Tony Gilroy
17795,My Fellow Americans,Jack Lemmon|James Garner|Dan Aykroyd|John Heard|Wilford Brimley|Lauren Bacall|Sela Ward|Bradley Whitford|Everett McGill|James Rebhorn,Peter Segal,Peter Tolan|E. Jack Kaplan|Richard Chapman
1073,Arlington Road,Jeff Bridges|Tim Robbins|Joan Cusack|Hope Davis|Robert Gossett|Mason Gamble|Spencer Treat Clark|Stanley Anderson|Viviane Vives|Lee Stringer,Mark Pellington,Ehren Kruger
153158,Underdogs,Juan José Campanella|Diego Ramos|Pablo Rago|Axel Kuschevatzky|David Masajnik|Mariana Otero|Diego Mesaglío|Lucía Maciel|Marcos Mundstock|Ernesto Claudio,Juan José Campanella,Juan José Campanella|Eduardo Sacheri|Emilio Kauderer|Axel Kuschevatzky
81836,To Rome with Love,Ellen Page|Woody Allen|Jesse Eisenberg|Penélope Cruz|Alec Baldwin|Roberto Benigni|Alison Pill|Alessandra Mastronardi|Riccardo Scamarcio|Judy Davis,Woody Allen,Woody Allen
10724,Firefox,Clint Eastwood|Freddie Jones|David Huffman|Warren Clarke|Ronald Lacey|Kenneth Colley|Klaus Löwitsch|Nigel Hawthorne|Stefan Schnabel|Thomas Hill,Clint Eastwood,Wendell Wellman|Alex Lasker|Craig Thomas
9473,"South Park: Bigger, Longer & Uncut",Trey Parker|Matt Stone|Mary Kay Bergman|Isaac Hayes|George Clooney|Minnie Driver|Brent Spiner|Jesse Brant Howell|Anthony Cross-Thomas|Franchesca Clifford,Trey Parker,Trey Parker|Matt Stone|Pam Brady
2196,Death at a Funeral,Matthew Macfadyen|Keeley Hawes|Andy Nyman|Ewen Bremner|Daisy Donovan|Alan Tudyk|Jane Asher|Kris Marshall|Rupert Graves|Peter Vaughan,Frank Oz,Dean Craig
1499,Teenage Mutant Ninja Turtles III,Paige Turco|Stuart Wilson|Sab Shimono|Vivian Wu|Mark Caso|Corey Feldman|Matt Hill|Jim Raposa|David Fraser|Elias Koteas,Stuart Gillard,Kevin Eastman|Peter Laird|Stuart Gillard
20857,Hardball,Keanu Reeves|Diane Lane|Michael B. Jordan|D. B. Sweeney|John Hawkes|Bryan Hearne|Julian Griffith|DeWayne Warren|Kristopher Lofton|Mark Robert Ellis,Brian Robbins,John Gatins
82693,Silver Linings Playbook,Bradley Cooper|Jennifer Lawrence|Robert De Niro|Jacki Weaver|Chris Tucker|Anupam Kher|John Ortiz|Shea Whigham|Julia Stiles|Dash Mihok,David O. Russell,David O. Russell|Matthew Quick
1646,Freedom Writers,Hilary Swank|Scott Glenn|Imelda Staunton|Patrick Dempsey|Mario|April Lee Hernandez|Robert Wisdom|John Benjamin Hickey|Pat Carroll|Hunter Parrish,Richard LaGravenese,Richard LaGravenese|Erin Gruwell
44944,For Colored Girls,Kimberly Elise|Janet Jackson|Loretta Devine|Thandie Newton|Anika Noni Rose|Kerry Washington|Tessa Thompson|Phylicia Rashād|Whoopi Goldberg|Macy Gray,Tyler Perry,Tyler Perry
4108,The Transporter,Jason Statham|Shu Qi|François Berléand|Matt Schulze|Ric Young|Doug Rand|Didier Saint Melin|Vincent Nemeth|Jean-Yves Bilien|Jean-Marie Paris,Louis Leterrier|Corey Yuen Kwai,Luc Besson|Robert Mark Kamen
8456,Never Back Down,Sean Faris|Amber Heard|Cam Gigandet|Djimon Hounsou|Evan Peters|Leslie Hope|Wyatt Smith|Neil Brown Jr.|Lauren Leech|Nadine Avola,Jeff Wadlow,Chris Hauty
7341,The Rage: Carrie 2,Emily Bergl|Jason London|Amy Irving|J. Smith-Cameron|Dylan Bruno|Zachery Ty Bryan|Charlotte Ayanna|Rachel Blanchard|Justin Urich|Eli Craig,Katt Shea,Stephen King|Rafael Moreu
19255,Away We Go,John Krasinski|Maya Rudolph|Carmen Ejogo|Catherine O'Hara|Jeff Daniels|Allison Janney|Jim Gaffigan|Samantha Pryor|Conor Carroll|Maggie Gyllenhaal,Sam Mendes,Dave Eggers|Vendela Vida
10187,Swing Vote,Kevin Costner|Madeline Carroll|Paula Patton|Kelsey Grammer|Dennis Hopper|Nathan Lane|Stanley Tucci|George Lopez|Judge Reinhold|Charles Esten,Joshua Michael Stern,Joshua Michael Stern|Jason Richman
31005,Moonlight Mile,Jake Gyllenhaal|Dustin Hoffman|Susan Sarandon|Aleksia Landeau|Ellen Pompeo|Richard Messing|Lev Friedman|Bob Clendenin|Jim Fyfe|Mary Ellen Trainor,Brad Silberling,Brad Silberling
49517,Tinker Tailor Soldier Spy,John Hurt|Gary Oldman|Kathy Burke|Benedict Cumberbatch|Colin Firth|Mark Strong|Toby Jones|Stephen Graham|Ciarán Hinds|Simon McBurney,Tomas Alfredson,John le Carré|Peter Straughan|Bridget O'Connor
44857,Molly,Elisabeth Shue|Aaron Eckhart|Jill Hennessy|Thomas Jane|D.W. Moffett|Elizabeth Mitchell|Robert Harper|Elaine Hendrix|Michael Paul Chan|Lucy Liu,John Duigan,Dick Christie
50780,The Beaver,Jodie Foster|Mel Gibson|Jennifer Lawrence|Anton Yelchin|Zachary Booth|Riley Thomas Stewart|Kelly Coffield Park,Jodie Foster,Kyle Killen
16363,The Best Little Whorehouse in Texas,Burt Reynolds|Dolly Parton|Dom DeLuise|Charles Durning|Jim Nabors|Robert Mandan|Lois Nettleton|Theresa Merritt|Barry Corbin|Mary Jo Catlett,Colin Higgins,Peter Masterson|Larry L. King
1946,eXistenZ,Jennifer Jason Leigh|Jude Law|Ian Holm|Willem Dafoe|Don McKellar|Oscar Hsu|Callum Keith Rennie|Christopher Eccleston|Sarah Polley|Robert A. Silverman,David Cronenberg,David Cronenberg
85,Raiders of the Lost Ark,Harrison Ford|Karen Allen|Paul Freeman|Ronald Lacey|John Rhys-Davies|Denholm Elliott|Wolf Kahler|Anthony Higgins|Vic Tablian|Don Fellows,Steven Spielberg,George Lucas|Philip Kaufman|Lawrence Kasdan
772,Home Alone 2: Lost in New York,Macaulay Culkin|Joe Pesci|Catherine O'Hara|Daniel Stern|John Heard|Devin Ratray|Hillary Wolf|Gerry Bamman|Jedidiah Cohen|Kieran Culkin,Chris Columbus,John Hughes
840,Close Encounters of the Third Kind,Richard Dreyfuss|François Truffaut|Teri Garr|Melinda Dillon|Bob Balaban|J. Patrick McNamara|Warren J. Kemmerling|Cary Guffey|Justin Dreyfuss|Lance Henriksen,Steven Spielberg,Steven Spielberg|Matthew Robbins|Hal Barwood|Jerry Belson|John Hill
9682,Pulse,Kristen Bell|Ian Somerhalder|Christina Milian|Rick Gonzalez|Jonathan Tucker|Samm Levine|Octavia Spencer|Ron Rifkin|Joseph Gatt|Kel O'Neill,Jim Sonzero,Wes Craven|Ray Wright
96,Beverly Hills Cop II,Eddie Murphy|Judge Reinhold|John Ashton|Ronny Cox|Paul Reiser|Gilbert R. Hill|Brigitte Nielsen|Dean Stockwell|Jürgen Prochnow|Allen Garfield,Tony Scott,"Danilo Bach|Daniel Petrie, Jr.|Eddie Murphy|Robert D. Wachs|Larry Ferguson|Warren Skaaren"
10678,Bringing Down the House,Steve Martin|Queen Latifah|Eugene Levy|Joan Plowright|Jean Smart|Kimberly J. Brown|Missi Pyle|Angus T. Jones|Michael Rosenbaum|Betty White,Adam Shankman,Shane West|Jason Filardi
274,The Silence of the Lambs,Jodie Foster|Anthony Hopkins|Scott Glenn|Ted Levine|Anthony Heald|Brooke Smith|Diane Baker|Kasi Lemmons|Frankie Faison|Tracey Walter,Jonathan Demme,Kalina Ivanov|Thomas Harris|Ted Tally
8872,Wayne's World,Mike Myers|Dana Carvey|Rob Lowe|Tia Carrere|Lara Flynn Boyle|Chris Farley|Brian Doyle-Murray|Michael DeLuise|Donna Dixon|Meat Loaf,Penelope Spheeris,Mike Myers|Bonnie Turner|Terry Turner
16290,Jackass 3D,Johnny Knoxville|Bam Margera|Ryan Dunn|Steve-O|Chris Pontius|Jason Acuña|Preston Lacy|Ehren McGhehey|Dave England|Phil Margera,Jeff Tremaine,Spike Jonze|Johnny Knoxville|Preston Lacy
579,Jaws 2,Roy Scheider|Lorraine Gary|Murray Hamilton|Joseph Mascolo|Jeffrey Kramer|Collin Wilcox Paxton|Ann Dusenberry|Mark Gruner|Barry Coe|Susan French,Jeannot Szwarc,Peter Benchley|Carl Gottlieb|Howard Sackler
14405,Beverly Hills Chihuahua,Drew Barrymore|Piper Perabo|Andy García|George Lopez|Paul Rodríguez|Plácido Domingo|Edward James Olmos|Loretta Devine|Jamie Lee Curtis|Luis Guzmán,Raja Gosnell,Jeffrey Bushell
138843,The Conjuring,Patrick Wilson|Vera Farmiga|Lili Taylor|Ron Livingston|Shanley Caswell|Hayley McFarland|Joey King|Mackenzie Foy|Kyla Deaver|Shannon Kook,James Wan,Carey Hayes|Chad Hayes
11637,Are We There Yet?,Ice Cube|Nia Long|Aleisha Allen|Philip Bolden|Jay Mohr|M.C. Gainey|Henry Simmons|Ray Galletti|Viv Leacock|Sean Millington,Brian Levant,J. David Stem|David N. Weiss|Steven Gary Banks|Claudia Grazioso
226486,Tammy,Melissa McCarthy|Susan Sarandon|Kathy Bates|Allison Janney|Dan Aykroyd|Gary Cole|Sandra Oh|Mark Duplass|Toni Collette|Nat Faxon,Ben Falcone,Melissa McCarthy|Ben Falcone
1584,School of Rock,Jack Black|Joan Cusack|Mike White|Sarah Silverman|Adam Pascal|Lucas Papaelias|Chris Stack|Joey Gaydos Jr.|Lucas Babin|Jordan-Claire Green,Richard Linklater,Mike White
9312,Mortal Kombat,Christopher Lambert|Robin Shou|Linden Ashby|Cary-Hiroyuki Tagawa|Bridgette Wilson|Talisa Soto|Trevor Goddard|Chris Casamassa|François Petit|Keith Cooke,Paul W.S. Anderson,Ed Boon|John Tobias|Kevin Droney
12153,White Chicks,Shawn Wayans|Marlon Wayans|Jaime King|Frankie Faison|Maitland Ward|Anne Dudek|Lochlyn Munro|John Heard|Busy Philipps|Terry Crews,Keenen Ivory Wayans,Marlon Wayans|Keenen Ivory Wayans|Shawn Wayans|Michael Anthony Snowden|Andrew McElfresh|Xavier Cook
65057,The Descendants,George Clooney|Shailene Woodley|Amara Miller|Nick Krause|Robert Forster|Judy Greer|Beau Bridges|Matthew Lillard|Rob Huebel|Mary Birdsong,Alexander Payne,Alexander Payne|Nat Faxon|Jim Rash|Kaui Hart Hemmings
8326,Holes,Sigourney Weaver|Jon Voight|Tim Blake Nelson|Patricia Arquette|Shia LaBeouf|Khleo Thomas|Jake M. Smith|Byron Cotton|Brenden Richard Jefferson|Eartha Kitt,Andrew Davis,Louis Sachar
35690,The Last Song,Miley Cyrus|Greg Kinnear|Bobby Coleman|Liam Hemsworth|Hallock Beals|Kelly Preston|Nick Lashaway|Carly Chaikin|Kate Vernon|Melissa Ordway,Julie Anne Robinson,Nicholas Sparks|Jeff Van Wie
76203,12 Years a Slave,Chiwetel Ejiofor|Michael Fassbender|Lupita Nyong'o|Benedict Cumberbatch|Paul Dano|Sarah Paulson|Adepero Oduye|Scoot McNairy|Paul Giamatti|Brad Pitt,Steve McQueen,John Ridley|Solomon Northup
13497,Drumline,Nick Cannon|Zoe Saldana|Orlando Jones|Leonard Roberts|GQ|Earl Poitier|Jason Weaver|Candace Carey|Shay Roundtree|Miguel A. Gaetan,Charles Stone III,Shawn Schepps|Tina Gordon Chism
35688,Why Did I Get Married Too?,"Tyler Perry|Janet Jackson|Jill Scott|Sharon Leal|Malik Yoba|Richard T. Jones|Tasha Smith|Michael Jai White|Louis Gossett, Jr.|Cicely Tyson",Tyler Perry,Tyler Perry
162,Edward Scissorhands,Johnny Depp|Winona Ryder|Dianne Wiest|Alan Arkin|Anthony Michael Hall|Vincent Price|Kathy Baker|Robert Oliveri|Conchata Ferrell|Caroline Aaron,Tim Burton,Tim Burton|Caroline Thompson
296096,Me Before You,Emilia Clarke|Sam Claflin|Janet McTeer|Charles Dance|Brendan Coyle|Jenna Coleman|Matthew Lewis|Samantha Spiro|Steve Peacocke|Vanessa Kirby,Thea Sharrock,Scott Neustadter|Michael H. Weber|Jojo Moyes|Tony Chance
103370,Madea's Witness Protection,Tyler Perry|Eugene Levy|Denise Richards|Doris Roberts|Devan Leos|Tom Arnold|Danielle Campbell|John Amos|Marla Gibbs|Romeo,Tyler Perry,Tyler Perry
1051,The French Connection,Gene Hackman|Fernando Rey|Roy Scheider|Tony Lo Bianco|Marcel Bozzuffi|Frédéric de Pasquale|Bill Hickman|Harold Gary|Arlene Farber|Eddie Egan,William Friedkin,Ernest Tidyman|Robin Moore
376659,Bad Moms,Mila Kunis|Kristen Bell|Kathryn Hahn|Christina Applegate|Jada Pinkett Smith|Annie Mumolo|Jay Hernandez|Oona Laurence|Emjay Anthony|David Walton,Jon Lucas|Scott Moore,Jon Lucas|Scott Moore
10073,Date Movie,Alyson Hannigan|Adam Campbell|Sophie Monk|Jennifer Coolidge|Fred Willard|Meera Simhan|Eddie Griffin|Marie Matiko|Judah Friedlander|Carmen Electra,Jason Friedberg|Aaron Seltzer,Jason Friedberg|Aaron Seltzer
16690,Return to Never Land,Harriet Owen|Blayne Weaver|Jeff Bennett|Kath Soucie|Corey Burton|Corey Burton|Andrew McDonough|Roger Rees|Spencer Breslin|Bradley Pierce,Robin Budd|Donovan Cook,Temple Mathews
273895,Selma,David Oyelowo|Tom Wilkinson|Carmen Ejogo|André Holland|Omar J. Dorsey|Alessandro Nivola|Giovanni Ribisi|Colman Domingo|Oprah Winfrey|Tim Roth,Ava DuVernay,Paul Webb
14873,The Jungle Book 2,John Goodman|Haley Joel Osment|Mae Whitman|Connor Funk|Bob Joles|Tony Jay|Phil Collins|John Rhys-Davies|Jim Cummings,Steve Trenbirth,Karl Geurs
8968,Boogeyman,Emily Deschanel|Barry Watson|Skye McCole Bartusiak|Lucy Lawless|Tory Mussett|Olivia Tennet|Aaron Murphy|Andrew Glover|Scott Wills|Robyn Malcolm,Stephen T. Kay,Eric Kripke|Juliet Snowden|Stiles White
9963,Premonition,Sandra Bullock|Julian McMahon|Courtney Taylor Burness|Nia Long|Shyann McClure|Kate Nelligan|Marc Macaulay|Ritchie Montgomery|Irene Ziegler|Phillip DeVona,Mennan Yapo,Bill Kelly
15655,The Tigger Movie,Jim Cummings|Nikita Hopkins|Ken Sansom|John Fiedler|Peter Cullen|Andre Stojka|Kath Soucie|Tom Attenborough,Jun Falkenstein,A. A. Milne
21208,Orphan,Vera Farmiga|Peter Sarsgaard|Isabelle Fuhrman|CCH Pounder|Jimmy Bennett|Margo Martindale|Karel Roden|Aryana Engineer|Rosemary Dunsmore|Jamie Young,Jaume Collet-Serra,David Leslie Johnson|Alex Mace
272878,Max,Thomas Haden Church|Josh Wiggins|Lauren Graham|Robbie Amell|Mia Xitlali|Luke Kleintank|Jay Hernandez|Joseph Julian Soria|Zeeko Zaki|Edgar Arreola,Boaz Yakin,Sheldon Lettich|Boaz Yakin
9760,Epic Movie,Kal Penn|Adam Campbell|Jennifer Coolidge|Jayma Mays|Faune A. Chambers|Crispin Glover|Tony Cox|Héctor Jiménez|Darrell Hammond|Carmen Electra,Jason Friedberg|Aaron Seltzer,Jason Friedberg|Aaron Seltzer
314365,Spotlight,Mark Ruffalo|Michael Keaton|Rachel McAdams|Liev Schreiber|John Slattery|Stanley Tucci|Brian d'Arcy James|Gene Amoroso|Billy Crudup|Maureen Keiller,Tom McCarthy,Tom McCarthy|Josh Singer
13279,Lakeview Terrace,Samuel L. Jackson|Patrick Wilson|Kerry Washington|Ron Glass|Justin Chambers|Jay Hernandez|Regine Nehy|Jaishon Fisher|Robert Pine|Keith Loneker,Neil LaBute,David Loughery|Howard Korder
1975,The Grudge 2,Sarah Michelle Gellar|Amber Tamblyn|Edison Chen|Arielle Kebbel|Jennifer Beals|Teresa Palmer|Misako Uno|Sarah Roemer|Matthew Knight|Takako Fuji,Takashi Shimizu,Takashi Shimizu|Stephen Susco
33644,How Stella Got Her Groove Back,Angela Bassett|Taye Diggs|Whoopi Goldberg|Regina King|Suzzanne Douglas|Michael J. Pagan|Sicily Johnson|Richard Lawson|Barry Shabaka Henley|Lee Weaver,Kevin Rodney Sullivan,Terry McMillan
1649,Bill & Ted's Bogus Journey,Keanu Reeves|Alex Winter|George Carlin|William Sadler|Joss Ackland|Pam Grier|Amy Stock-Poynton|Jim Martin|Hal Landon Jr.|Annette Azcuy,Peter Hewitt,Ed Solomon|Chris Matheson
9895,Man of the Year,Robin Williams|Christopher Walken|Laura Linney|Lewis Black|Jeff Goldblum|Tina Fey|Faith Daniels|David Alpay|Amy Poehler|Chris Matthews,Barry Levinson,Barry Levinson
9570,The Black Hole,Maximilian Schell|Anthony Perkins|Robert Forster|Joseph Bottoms|Ernest Borgnine|Yvette Mimieux|Tom McLoughlin|Roddy McDowall|Slim Pickens,Gary Nelson,Bob Barbash|Jeb Rosebrook|Gerry Day
27579,The American,George Clooney|Violante Placido|Thekla Reuten|Paolo Bonacelli|Johan Leysen|Irina Björklund|Anna Foglietta|Lars Hjelm|Björn Granath|Silvana Bosi,Anton Corbijn,Rowan Joffe|Martin Booth|Cristiano Donzelli
16052,Selena,Jennifer Lopez|Edward James Olmos|Constance Marie|Jon Seda|Lupe Ontiveros|Jackie Guerra|Jacob Vargas|Seidy López|Rebecca Lee Meza|Victoria Elena Flores,Gregory Nava,Gregory Nava
40264,Vampires Suck,Chris Riggi|Matt Lanter|Jenn Proske|Ken Jeong|Bradley Dodds|Kelsey Ford|Arielle Kebbel|Jun Hee Lee|Mike Mayhall|Krystal Mayo,Jason Friedberg|Aaron Seltzer,Jason Friedberg|Aaron Seltzer
1164,Babel,Brad Pitt|Cate Blanchett|Gael García Bernal|Rinko Kikuchi|Adriana Barraza|Mohamed Akhzam|Peter Wight|Harriet Walter|Trevor Martin|Matyelok Gibbs,Alejandro González Iñárritu,Alejandro González Iñárritu|Guillermo Arriaga
239678,This Is Where I Leave You,Jason Bateman|Tina Fey|Adam Driver|Rose Byrne|Corey Stoll|Kathryn Hahn|Connie Britton|Timothy Olyphant|Abigail Spencer|Dax Shepard,Shawn Levy,Jonathan Tropper
14359,Doubt,Meryl Streep|Philip Seymour Hoffman|Amy Adams|Viola Davis|Alice Drummond|Audrie Neenan|Susan Blommaert|Carrie Preston|John Costelloe|Lloyd Clay Brown,John Patrick Shanley,John Patrick Shanley
3989,Team America: World Police,Trey Parker|Matt Stone|Kristen Miller|Masasa Moyo|Daran Norris|Maurice LaMarche,Trey Parker,Trey Parker|Matt Stone|Pam Brady
76617,Texas Chainsaw 3D,Alexandra Daddario|Dan Yeager|Bill Moseley|Marilyn Burns|Tania Raymonde|Trey Songz|Scott Eastwood|Richard Riehle|Shaun Sipos|Thom Barry,John Luessenhop,Tobe Hooper|Stephen Susco|Kim Henkel|Adam Marcus|Debra Sullivan|Kirsten Elms
1710,Copycat,Sigourney Weaver|Holly Hunter|Will Patton|William McNamara|Harry Connick Jr.|J.E. Freeman|Dermot Mulroney|John Rothman|Shannon O'Hurley|Bob Greene,Jon Amiel,Ann Biderman|David Madsen
4258,Scary Movie 5,Simon Rex|Ashley Tisdale|Charlie Sheen|Lindsay Lohan|Erica Ash|Katt Williams|Molly Shannon|Darrell Hammond|Snoop Dogg|Jerry O'Connell,Malcolm D. Lee,Marlon Wayans|David Zucker|Shawn Wayans|Buddy Johnson|Phil Beauman|Jason Friedberg|Aaron Seltzer|Pat Proft
20391,Paint Your Wagon,Lee Marvin|Clint Eastwood|Jean Seberg|Harve Presnell|Ray Walston|Tom Ligon|Alan Dexter|William O'Connell|Robert Easton|Geoffrey Norman,Joshua Logan,Alan Jay Lerner|Paddy Chayefsky
10139,Milk,Sean Penn|Emile Hirsch|James Franco|Josh Brolin|Diego Luna|Alison Pill|Victor Garber|Denis O'Hare|Joseph Cross|Stephen Spinella,Gus Van Sant,Dustin Lance Black
335778,Risen,Tom Felton|Cliff Curtis|Joseph Fiennes|Peter Firth|Mark Killeen|Mish Boyko|Selva Rasalingam|Stewart Scudamore|María Botto|Antonio Gil,Kevin Reynolds,Kevin Reynolds|Paul Aiello
9645,Ghost Ship,Gabriel Byrne|Julianna Margulies|Desmond Harrington|Ron Eldard|Isaiah Washington|Karl Urban|Emily Browning|Francesca Rettondini|Bob Ruggiero|Jamie Giddens,Steve Beck,Mark Hanlon|John Pogue|Graeme Callander
55465,A Very Harold & Kumar Christmas,Neil Patrick Harris|John Cho|Elias Koteas|Danneel Ackles|Kal Penn|Patton Oswalt|Isabella Gielniak|Austin Bickel|Inga R. Wilson|Brett Gelman,Todd Strauss-Schulson,Jon Hurwitz|Hayden Schlossberg|Robin Ator
617,Wild Things,Matt Dillon|Kevin Bacon|Denise Richards|Neve Campbell|Theresa Russell|Bill Murray|Robert Wagner|Daphne Rubin-Vega|Jeff Perry|Eduardo Yáñez,John McNaughton,Stephen Peters
19904,The Stepfather,Dylan Walsh|Sela Ward|Penn Badgley|Amber Heard|Sherry Stringfield|Paige Turco|Jon Tenney|Nancy Linehan Charles|Marcuis Harris|Braeden Lemasters,Nelson McCormick,Donald E. Westlake|J.S. Cardone|Brian Garfield|Carolyn Lefcourt
48289,The Debt,Helen Mirren|Ciarán Hinds|Tom Wilkinson|Jessica Chastain|Sam Worthington|Marton Csokas|Jesper Christensen|Romi Aboulafia|Adar Beck,John Madden,Matthew Vaughn|Jane Goldman|Peter Straughan|Assaf Bernstein|Ido Rosenblum
243,High Fidelity,John Cusack|Iben Hjejle|Todd Louiso|Jack Black|Lisa Bonet|Catherine Zeta-Jones|Joan Cusack|Tim Robbins|Chris Rehmann|Ben Carr,Stephen Frears,John Cusack|Nick Hornby|D.V. DeVincentis|Steve Pink|Scott Rosenberg
6933,One Missed Call,Shannyn Sossamon|Edward Burns|Ana Claudia Talancón|Ray Wise|Azura Skye|Johnny Lewis|Jason Beghe|Margaret Cho|Meagan Good|Rhoda Griffis,Eric Valette,Andrew Klavan|Yasushi Akimoto
17182,Eye for an Eye,Sally Field|Kiefer Sutherland|Ed Harris|Beverly D'Angelo|Charlayne Woodard|Joe Mantegna|Olivia Burnette|Alexandra Kyle|Keith David|Philip Baker Hall,John Schlesinger,Rick Jaffa|Amanda Silver|Erika Holzer
8848,The Bank Job,Jason Statham|Saffron Burrows|Stephen Campbell Moore|Daniel Mays|James Faulkner|Alki David|Michael Jibson|Georgia Taylor|Richard Lintern|Peter Bowles,Roger Donaldson,Dick Clement|Ian La Frenais
38,Eternal Sunshine of the Spotless Mind,Jim Carrey|Kate Winslet|Kirsten Dunst|Mark Ruffalo|Elijah Wood|Tom Wilkinson|Jane Adams|David Cross|Deirdre O'Connell|Thomas Jay Ryan,Michel Gondry,Michel Gondry|Pierre Bismuth|Charlie Kaufman
38303,You Again,Kristen Bell|Sigourney Weaver|Betty White|Kristin Chenoweth|Odette Annable|Jamie Lee Curtis|Christine Lakin|Cloris Leachman|James Wolk|Victor Garber,Andy Fickman,Moe Jelline
1266,Street Kings,Keanu Reeves|Forest Whitaker|Chris Evans|Hugh Laurie|Martha Higareda|Cedric the Entertainer|Naomie Harris|Common|Angela Sun|Cle Shaheed Sloan,David Ayer,Kurt Wimmer|Jamie Moss|James Ellroy
107985,The World's End,Simon Pegg|Nick Frost|Martin Freeman|Eddie Marsan|Paddy Considine|Rosamund Pike|Pierce Brosnan|David Bradley|Thomas Law|Zachary Bailess,Edgar Wright,Edgar Wright|Simon Pegg
14043,Nancy Drew,Emma Roberts|Josh Flitter|Max Thieriot|Rachael Leigh Cook|Tate Donovan|Marshall Bell|Daniella Monet|Kelly Vitz|Barry Bostwick|Craig Gellis,Andrew Fleming,Andrew Fleming|Tiffany Paulsen|Mildred Wirt Benson
19901,Daybreakers,Ethan Hawke|Sam Neill|Willem Dafoe|Claudia Karvan|Isabel Lucas|Vince Colosimo|Jay Laga'aia|Michael Dorman|Harriet Minto-Day|Tiffany Lamb,Michael Spierig|Peter Spierig,Michael Spierig|Peter Spierig
34016,She's Out of My League,Alice Eve|Jay Baruchel|Mike Vogel|Krysten Ritter|Debra Jo Rupp|Lindsay Sloane|Kim Shaw|Geoff Stults|T.J. Miller|Nate Torrence,Jim Field Smith,Sean Anders|John Morris
59860,Monte Carlo,Selena Gomez|Katie Cassidy|Cory Monteith|Leighton Meester|Andie MacDowell|Luke Bracey|Richard Rifkin|Pierre Boulanger|Pierre Boulanger|Brett Cullen,Thomas Bezucha,Thomas Bezucha|Maria Maggenti|April Blair|Kelly Bowe|Jules Bass
10069,Stay Alive,Jon Foster|Samaire Armstrong|Frankie Muniz|Jimmi Simpson|Wendell Pierce|Milo Ventimiglia|Sophia Bush|Adam Goldberg|Billy Slaughter|Nicole Oppermann,William Brent Bell,William Brent Bell|Matthew Peterman
9588,Quigley Down Under,Tom Selleck|Laura San Giacomo|Alan Rickman|Chris Haywood|Ron Haddrick|Tony Bonner|Ben Mendelsohn|Michael Carman,Simon Wincer,John Hill
12819,Alpha and Omega,Hayden Panettiere|Justin Long|Dennis Hopper|Christina Ricci|Danny Glover|Christine Lakin|Vicki Lewis|Bitsie Tulloch|Eric Price|Kevin Sussman,Ben Gluck|Anthony Bell,Ben Gluck|Chris Denk
9954,The Covenant,Steven Strait|Laura Ramsey|Jessica Lucas|Taylor Kitsch|Chace Crawford|Sebastian Stan|Toby Hemingway|Kyle Schmid|Wendy Crewson|Stephen McHattie,Renny Harlin,J.S. Cardone
10115,Stick It,Jeff Bridges|Missy Peregrym|Vanessa Lengies|Maddy Curley|Nikki SooHoo|Kellan Lutz|John Patrick Amedori|Jon Gries|Gia Carides|Polly Holliday,Jessica Bendinger,Jessica Bendinger
25132,Shorts,Jimmy Bennett|Kat Dennings|Jolie Vanier|William H. Macy|James Spader|Jon Cryer|Jake Short|Trevor Gagnon|Devon Gearhart|Rebel Rodriguez,Robert Rodriguez,Robert Rodriguez|Álvaro Rodríguez
577,To Die For,Nicole Kidman|Matt Dillon|Joaquin Phoenix|Casey Affleck|Illeana Douglas|Alison Folland|Dan Hedaya|Wayne Knight|David Cronenberg|Kurtwood Smith,Gus Van Sant,Joyce Maynard|Buck Henry
328387,Nerve,Emma Roberts|Dave Franco|Emily Meade|Miles Heizer|Juliette Lewis|Kimiko Glenn|Machine Gun Kelly|Marc John Jefferies|Samira Wiley|Brian 'Sene' Marc,Henry Joost|Ariel Schulman,Jessica Sharzer|Jeanne Ryan
12690,Appaloosa,Viggo Mortensen|Ed Harris|Renée Zellweger|Jeremy Irons|Timothy Spall|Lance Henriksen|Timothy V. Murphy|Robert Jauregui|Luce Rains|Gabriel Marantz,Ed Harris,Ed Harris|Robert Knott|Robert B. Parker
9945,Vampires,"James Woods|Daniel Baldwin|Sheryl Lee|Thomas Ian Griffith|Maximilian Schell|Tim Guinee|Mark Boone Junior|Gregory Sierra|Cary-Hiroyuki Tagawa|Thomas Rosales, Jr.",John Carpenter,Don Jakoby
539,Psycho,Anthony Perkins|Vera Miles|John Gavin|Janet Leigh|Martin Balsam|John McIntire|Simon Oakland|Frank Albertson|Patricia Hitchcock|Vaughn Taylor,Alfred Hitchcock,Robert Bloch|Joseph Stefano
13596,My Best Friend's Girl,Dane Cook|Kate Hudson|Alec Baldwin|Jason Biggs|Diora Baird|Lizzy Caplan|Riki Lindhome|Mini Anden|Nate Torrence|Hilary Pingle,Howard Deutch,Howard Deutch|Jordan Cahan
226857,Endless Love,Alex Pettyfer|Gabriella Wilde|Robert Patrick|Rhys Wakefield|Emma Rigby|Joely Richardson|Bruce Greenwood|Dayo Okeniyi|Anna Enger|Fabianne Therese,Shana Feste,Shana Feste|Joshua Safran
13159,Georgia Rule,Jane Fonda|Lindsay Lohan|Felicity Huffman|Dermot Mulroney|Cary Elwes|Garrett Hedlund|Héctor Elizondo|Dylan McLaughlin|Zachary Gordon|Laurie Metcalf,Garry Marshall,
47941,Under the Rainbow,Chevy Chase|Carrie Fisher|Eve Arden|Joseph Maher|Robert Donner|Billy Barty|Mako|Cork Hubbert|Pat McCormick|Adam Arkin,Steve Rash,
526,Ladyhawke,Matthew Broderick|Rutger Hauer|Michelle Pfeiffer|Alfred Molina|John Wood|Leo McKern|Ken Hutchison|Giancarlo Prete|Loris Loddi|Charles Borromel,Richard Donner,Tom Mankiewicz|Edward Khmara|Michael Thomas|David Webb Peoples
22796,Simon Birch,Jim Carrey|Ashley Judd|Ian Michael Smith|Joseph Mazzello|Oliver Platt,Mark Steven Johnson,Mark Steven Johnson
2355,Reign Over Me,Adam Sandler|Don Cheadle|Jada Pinkett Smith|Liv Tyler|Saffron Burrows|Donald Sutherland|Robert Klein|Melinda Dillon|Mike Binder|Jonathan Banks,Mike Binder,Mike Binder
5915,Into the Wild,Emile Hirsch|Marcia Gay Harden|William Hurt|Jena Malone|Brian H. Dierker|Catherine Keener|Vince Vaughn|Kristen Stewart|Hal Holbrook|Thure Lindhardt,Sean Penn,Sean Penn|Jon Krakauer
9842,School for Scoundrels,Billy Bob Thornton|Jon Heder|Jacinda Barrett|Sarah Silverman|Michael Clarke Duncan|David Cross|Horatio Sanz|Matt Walsh|Todd Louiso|Ben Stiller,Todd Phillips,Steve Potter|Todd Phillips|Scot Armstrong|Patricia Moyes|Hal E. Chester
61012,Silent Hill: Revelation 3D,Adelaide Clemens|Kit Harington|Sean Bean|Carrie-Anne Moss|Radha Mitchell|Deborah Kara Unger|Malcolm McDowell|Martin Donovan|Heather Marks|Roberto Campanella,Michael J. Bassett,Michael J. Bassett
755,From Dusk Till Dawn,George Clooney|Quentin Tarantino|Harvey Keitel|Juliette Lewis|Ernest Liu|Salma Hayek|Cheech Marin|Danny Trejo|Tom Savini|Fred Williamson,Robert Rodriguez,Quentin Tarantino|Robert Kurtzman
13682,Pooh's Heffalump Movie,Jim Cummings|John Fiedler|Nikita Hopkins|Kath Soucie|Ken Sansom|Peter Cullen|Brenda Blethyn|Kyle Stanger,Frank Nissen,Evan Spiliotopoulos|Brian Hohlfeld|A. A. Milne
9089,Home for the Holidays,Holly Hunter|Robert Downey Jr.|Anne Bancroft|Charles Durning|Claire Danes|Dylan McDermott|Geraldine Chaplin|Steve Guttenberg|David Strathairn|Cynthia Stevenson,Jodie Foster,W.D. Richter|Chris Radant
9470,Kung Fu Hustle,Stephen Chow|Yuen Wah|Yuen Qiu|Lam Tze-Chung|Huang Sheng-Yi|Dung Chi-Wa|Chiu Chi-Ling|Xing Yu|Danny Chan Kwok-Kwan|Bruce Leung Siu-Lung,Stephen Chow,Stephen Chow|Lola Huo Xin|Chan Man-Keung|Tsang Kan-Cheung
18357,The Country Bears,Haley Joel Osment|Diedrich Bader|Candy Ford|James Gammon|Brad Garrett|Toby Huss|Kevin Michael Richardson|Stephen Root|Christopher Walken|Stephen Tobolowsky,Peter Hastings,Mark Perez
7979,The Kite Runner,Khalid Abdalla|Atossa Leoni|Shaun Toub|Zekeria Ebrahimi|Ahmad Khan Mahmoodzada|Ali Danish Bakhty Ari|Elham Ehsas|Homayoun Ershadi|Nabi Tanha|Bahram Ehsas,Marc Forster,David Benioff|Khaled Hosseini
470,21 Grams,Sean Penn|Naomi Watts|Benicio del Toro|Danny Huston|Carly Nahon|Claire Pakis|Eddie Marsan|Melissa Leo|Charlotte Gainsbourg|Clea DuVall,Alejandro González Iñárritu,Guillermo Arriaga
15644,Paparazzi,Cole Hauser|Robin Tunney|Dennis Farina|Daniel Baldwin|Tom Sizemore|Tom Hollander|Chris Rock|Mel Gibson|Matthew McConaughey|Vince Vaughn,Paul Abascal,Forry Smith
9582,A Guy Thing,Jason Lee|Julia Stiles|Selma Blair|James Brolin|Shawn Hatosy|Lochlyn Munro|Diana Scarwid|David Koechner|Julie Hagerty|Thomas Lennon,Chris Koch,Greg Glienna|Pete Schwaba|Matt Tarses|Bill Wrubel
10642,Loser,Jason Biggs|Mena Suvari|Zak Orth|Thomas Sadoski|Jimmi Simpson|Greg Kinnear|Dan Aykroyd|Twink Caplan|Bobby Slayton|Mollie Israel,Amy Heckerling,Amy Heckerling
22074,Capitalism: A Love Story,Michael Moore|Thora Birch|William Black|Elijah Cummings|Baron Hill|Marcy Kaptur|Wallace Shawn|Elizabeth Warren|Peter Zalewski,Michael Moore,Michael Moore
2428,The Greatest Story Ever Told,Max von Sydow|Michael Anderson Jr.|Carroll Baker|Ina Balin|Victor Buono|Richard Conte|Joanna Dunham|José Ferrer|Van Heflin|Charlton Heston,George Stevens,George Stevens|James Lee Barrett|Fulton Oursler
290751,Secret in Their Eyes,Chiwetel Ejiofor|Nicole Kidman|Julia Roberts|Dean Norris|Lyndon Smith|Michael Kelly|Mark Famiglietti|Zoe Graham|Don Harvey|Ross Partridge,Billy Ray,Billy Ray|Eduardo Sacheri
13805,Disaster Movie,Matt Lanter|Vanessa Lachey|Nicole Ari Parker|Crista Flanagan|Gary 'G. Thang' Johnson|Ike Barinholtz|Carmen Electra|Tony Cox|Tad Hilgenbrink|Nick Steele,Jason Friedberg|Aaron Seltzer,Jason Friedberg|Aaron Seltzer
4597,Armored,Columbus Short|Laurence Fishburne|Skeet Ulrich|Amaury Nolasco|Matt Dillon|Jean Reno|Fred Ward|Milo Ventimiglia|Andre Kinney|Andrew Fiscella,Nimród Antal,James V. Simpson
9414,The Man Who Knew Too Little,Bill Murray|Peter Gallagher|Joanne Whalley|Alfred Molina|Richard Wilson|Geraldine James|John Standing|Anna Chancellor|Nicholas Woodeson|Simon Chandler,Jon Amiel,Howard Franklin|Robert Farrar
63492,What's Your Number?,Chris Evans|Anna Faris|Martin Freeman|Chris Pratt|Ari Graynor|Blythe Danner|Ed Begley Jr.|Dave Annable|Joel McHale|Zachary Quinto,Mark Mylod,Gabrielle Allan|Jennifer Crittenden
81796,Lockout,Guy Pearce|Maggie Grace|Joseph Gilgun|Lennie James|Peter Stormare|Vincent Regan|Jacky Ido|Yan Dron|Tim Plester|Nick Harding,Stephen St. Leger|James Mather,Luc Besson|Stephen St. Leger
10710,Envy,Ben Stiller|Jack Black|Rachel Weisz|Christopher Walken|Amy Poehler|Ariel Gade|Sam Lerner|Lily Jackson|Connor Matheus|Hector Elias,Barry Levinson,Steve Adams
15092,Crank: High Voltage,Jason Statham|Amy Smart|Dwight Yoakam|Efren Ramirez|Julanne Chidi Hill|Jose Pablo Cantillo|Reno Wilson|Keone Young|Art Hsu|Joseph Julian Soria,Brian Taylor|Mark Neveldine,Brian Taylor|Mark Neveldine
11382,Bullets Over Broadway,John Cusack|Dianne Wiest|Jennifer Tilly|Chazz Palminteri|Mary-Louise Parker|Jack Warden|Rob Reiner|Tracey Ullman|Joe Viterelli|Jim Broadbent,Woody Allen,Woody Allen|Douglas McGrath
15005,One Night with the King,Tiffany Dupont|Peter O'Toole|Luke Goss|John Noble|Omar Sharif|John Rhys-Davies|James Callis|Tom Lister Jr.|Javen Campbell|Jyoti Dogra,Michael O. Sajbel,Stephan Blinn|Mark Andrew Olsen|Tommy Tenney
8198,The Quiet American,Michael Caine|Brendan Fraser|Đỗ Thị Hải Yến|Tzi Ma|Rade Serbedzija|Robert Stanton|Holmes Osborne|Quang Hai|Ferdinand Hoang|Pham Thi Mai Hoa,Phillip Noyce,Christopher Hampton|Graham Greene|Robert Schenkkan
6963,The Weather Man,Nicolas Cage|Michael Caine|Hope Davis|Gemmenne de la Peña|Nicholas Hoult|Michael Rispoli|Gil Bellows|Judith McConnell|Chris Marrs|Bryant Gumbel,Gore Verbinski,Steve Conrad
15070,Undisputed,Wesley Snipes|Ving Rhames|Peter Falk|Michael Rooker|Jon Seda|Ken Medlock|Wes Studi|Fisher Stevens|Dayton Callie|Amy Aquino,Walter Hill,David Giler
12797,Ghost Town,Ricky Gervais|Greg Kinnear|Téa Leoni|Billy Campbell|Jordan Carlos|DeQuina Moore|Joseph Badalucco Jr.|Brian Hutchison|Julia K. Murney|Claire Lautier,David Koepp,David Koepp|John Kamps
17134,12 Rounds,John Cena|Aidan Gillen|Ashley Scott|Steve Harris|Brian J. White|Gonzalo Menendez|Taylor Cole|Kyle Russell Clements|Peter 'Navy' Tuiasosopo|Travis Davis,Renny Harlin,Daniel Kunka
41402,Let Me In,Kodi Smit-McPhee|Chloë Grace Moretz|Richard Jenkins|Elias Koteas|Sasha Barrese|Dylan Kenin|Dylan Minnette|Jimmy 'Jax' Pinchak|Nicolai Dorian|Seth Adkins,Matt Reeves,Matt Reeves|John Ajvide Lindqvist
18885,3 Ninjas Kick Back,Victor Wong|Max Elliott Slade|Sean Fox|J. Evan Bonifant|Caroline Junko King|Dustin Nguyen|Alan McRae|Margarita Franco|Jason Schombing|Angelo Tiffe,Charles T. Kanganis,Mark Saltzman
4953,Be Kind Rewind,Jack Black|Yasiin Bey|Danny Glover|Mia Farrow|Marcus Carl Franklin|Arjay Smith|Paul Dinello|Melonie Diaz|Sigourney Weaver,Michel Gondry,Michel Gondry
10773,Mrs Henderson Presents,Judi Dench|Bob Hoskins|Will Young|Christopher Guest|Kelly Reilly|Thelma Barlow|Natalia Tena|Sarah Solemani|Toby Jones|Samuel Barnett,Stephen Frears,David Rose|Kathy Rose|Martin Sherman
146198,Triple 9,Casey Affleck|Chiwetel Ejiofor|Woody Harrelson|Kate Winslet|Anthony Mackie|Aaron Paul|Norman Reedus|Gal Gadot|Teresa Palmer|Clifton Collins Jr,John Hillcoat,Matt Cook
2639,Deconstructing Harry,Woody Allen|Kirstie Alley|Billy Crystal|Judy Davis|Caroline Aaron|Eric Bogosian|Amy Irving|Mariel Hemingway|Elisabeth Shue|Richard Benjamin,Woody Allen,Woody Allen
10563,Three to Tango,Matthew Perry|Neve Campbell|Dylan McDermott|Oliver Platt|Cylk Cozart|John C. McGinley|Bob Balaban|Deborah Rush|Kelly Rowan|Rick Gomez,Damon Santostefano,Aline Brosh McKenna|Rodney Patrick Vaccaro
295964,Burnt,Bradley Cooper|Sienna Miller|Lily James|Alicia Vikander|Uma Thurman|Emma Thompson|Matthew Rhys|Daniel Brühl|Sarah Greene|Omar Sy,John Wells,Steven Knight|Michael Kalesniko
5971,We're No Angels,Robert De Niro|Sean Penn|Demi Moore|Hoyt Axton|Bruno Kirby|Ray McAnally|James Russo|Wallace Shawn|John C. Reilly|Bill Murdoch,Neil Jordan,David Mamet|Ranald MacDougall|Albert Husson|Sam Spewack|Bella Spewack
9716,Everyone Says I Love You,Drew Barrymore|Diva Gray|Natasha Lyonne|Edward Norton|Woody Allen|Goldie Hawn|Alan Alda|Julia Roberts|Tim Roth|Natalie Portman,Woody Allen,Woody Allen
11835,Death Sentence,Kevin Bacon|Garrett Hedlund|Kelly Preston|Jordan Garrett|John Goodman|Aisha Tyler|Stuart Lafferty|Matt O'Leary|Edi Gathegi|Hector Atreyu Ruiz,James Wan,Ian Jeffers|Brian Garfield
26171,Everybody's Fine,Robert De Niro|Drew Barrymore|Kate Beckinsale|Sam Rockwell|Melissa Leo|Damian Young|James Frain|Katherine Moennig|Brendan Sexton III|James Murtaugh,Kirk Jones,Tonino Guerra|Kirk Jones|Giuseppe Tornatore|Massimo De Rita
31117,Superbabies: Baby Geniuses 2,Jon Voight|Scott Baio|Vanessa Angel|Skyler Shaye|Whoopi Goldberg|Justin Chatwin|Peter Wingfield|Erik-Michael Estrada,Bob Clark,Steven Paul|Gregory Poppen
9074,The Man,Samuel L. Jackson|Eugene Levy|Luke Goss|Miguel Ferrer|Susie Essman|Anthony Mackie|Gigi Rice|Rachael Crawford|Philip Akin|Christopher Murray,Les Mayfield,Margaret Oberman|Stephen Carpenter|Jim Piddock
14396,Code Name: The Cleaner,Cedric the Entertainer|Lucy Liu|Nicollette Sheridan|Mark Dacascos|Callum Keith Rennie|Niecy Nash|DeRay Davis|Kevin McNulty|Bart Anderson|Tom Butler,Les Mayfield,
15673,Connie and Carla,Nia Vardalos|Toni Collette|David Duchovny|Stephen Spinella|Alec Mapa|Ian Gomez|Nick Sandow|Dash Mihok|Robert John Burke|Boris McGiver,Michael Lembeck,Nia Vardalos
42618,Sweet Charity,"Shirley MacLaine|John McMartin|Ricardo Montalban|Sammy Davis, Jr.|Chita Rivera|Paula Kelly|Stubby Kaye|Barbara Bouchet|Suzanne Charney|Alan Hewitt",Bob Fosse,Federico Fellini|Tullio Pinelli|Ennio Flaiano|Peter Stone
171274,Inherent Vice,Joaquin Phoenix|Josh Brolin|Owen Wilson|Katherine Waterston|Reese Witherspoon|Benicio del Toro|Jena Malone|Maya Rudolph|Martin Short|Martin Donovan,Paul Thomas Anderson,Paul Thomas Anderson|Thomas Pynchon
24432,Doogal,Daniel Tay|Jimmy Fallon|Jon Stewart|Whoopi Goldberg|William H. Macy|Bill Hader|Judi Dench|Chevy Chase|Kylie Minogue|Ian McKellen,Frank Passingham|Dave Borthwick|Jean Duval,
109417,Battle of the Year,Josh Holloway|Josh Peck|Chris Brown|Laz Alonso|Caity Lotz|Terrence Jenkins|Weronika Rosati|Ivan 'Flipz' Velez|Jesse Erwin|Steve Terada,Benson Lee,Chris Parker|Brin Hill
13948,An American Carol,Kevin Farley|Kelsey Grammer|Leslie Nielsen|Trace Adkins|Robert Davi|Geoffrey Arend|Travis Schuldt|Jon Voight|James Woods|Dennis Hopper,David Zucker,David Zucker
106747,Machete Kills,Danny Trejo|Mel Gibson|Amber Heard|Michelle Rodriguez|Sofía Vergara|Jessica Alba|Tom Savini|Lady Gaga|Vanessa Hudgens|Cuba Gooding Jr.,Robert Rodriguez,Robert Rodriguez|Kyle Ward|Marcel Rodriguez
10929,Willard,Crispin Glover|R. Lee Ermey|Laura Harring|Jackie Burroughs|Ashlyn Gere|William S. Taylor,Glen Morgan,Glen Morgan|Gilbert Ralston
14220,Strange Wilderness,Steve Zahn|Allen Covert|Jonah Hill|Kevin Heffernan|Ashley Scott|Peter Dante|Harry Hamlin|Robert Patrick|Joe Don Baker|Blake Clark,Fred Wolf,Fred Wolf|Peter Gaulke
46435,Topsy-Turvy,Allan Corduner|Jim Broadbent|Timothy Spall|Dexter Fletcher|Shirley Henderson|Ron Cook|Andy Serkis|Lesley Manville|Wendy Nottingham|Kevin McKidd,Mike Leigh,Mike Leigh
256962,Little Boy,Jakob Salvati|Emily Watson|Cary-Hiroyuki Tagawa|Michael Rapaport|David Henrie|Ben Chaplin|Eduardo Verástegui|Ted Levine|Ali Landry|Abraham Benrubi,Alejandro Monteverde,Alejandro Monteverde|Pepe Portillo
48231,A Dangerous Method,Keira Knightley|Viggo Mortensen|Michael Fassbender|Sarah Gadon|Vincent Cassel|André Hennicke|Arndt Schwering-Sohnrey|Mignon Remé|Mareike Carrière|Franziska Arndt,David Cronenberg,Christopher Hampton|John Kerr
3509,A Scanner Darkly,Keanu Reeves|Winona Ryder|Woody Harrelson|Robert Downey Jr.|Mitch Baker|Steven Chester Prince|Natasha Valdez|Angela Rawna|Chamblee Ferguson|Melody Chase,Richard Linklater,Richard Linklater|Philip K. Dick
82684,Chasing Mavericks,Gerard Butler|Jonny Weston|Elisabeth Shue|Abigail Spencer|Leven Rambin|Taylor Handley|Channon Roe|Jenica Bergere|Cooper Timberline|Harley Graham,Curtis Hanson|Michael Apted,Kario Salem|Brandon Hooper|Jim Meenaghan
12142,Alone in the Dark,Christian Slater|Tara Reid|Stephen Dorff|Frank C. Turner|Matthew Walker|Will Sanderson|Mark Acheson|Darren Shahlavi|Karin Konoval|Craig Bruhnanski,Uwe Boll,Michael Roesch|Peter Scheerer|Elan Mastai
23367,Bandslam,Vanessa Hudgens|Aly Michalka|Gaelan Connell|Lisa Kudrow|Scott Porter|Ryan Donowho|Charlie Saxton|Tim Jo|Elvy Yost|Lisa Chung,Todd Graff,Todd Graff|Josh A. Cagan
10740,Birth,Nicole Kidman|Cameron Bright|Danny Huston|Lauren Bacall|Alison Elliott|Anne Heche|Peter Stormare|Ted Levine|Cara Seymour|Arliss Howard,Jonathan Glazer,Jean-Claude Carrière|Milo Addica|Jonathan Glazer
241239,A Most Violent Year,Oscar Isaac|Jessica Chastain|Albert Brooks|Elyes Gabel|David Oyelowo|Alessandro Nivola|Catalina Sandino Moreno|Peter Gerety|Ashley Williams|John Procaccino,J.C. Chandor,J.C. Chandor
14582,Passchendaele,Paul Gross|Caroline Dhavernas|Joe Dinicol|Meredith Bailey|Adam Harrington|Gil Bellows|James Kot|Jesse Frechette|Robert Nogier|David LeReaney,Paul Gross,Paul Gross
14914,Flash of Genius,Aaron Abrams|Alan Alda|Lauren Graham|Greg Kinnear|Tatiana Maslany|Tim Kelleher|Jake Abel,Marc Abraham,Philip Railsback|John Seabrook
3902,I'm Not There.,Cate Blanchett|Heath Ledger|Julianne Moore|Ben Whishaw|Charlotte Gainsbourg|Michelle Williams|Christian Bale|Marcus Carl Franklin|Richard Gere|David Cross,Todd Haynes,Todd Haynes|Oren Moverman
77948,The Cold Light of Day,Henry Cavill|Verónica Echegui|Sigourney Weaver|Bruce Willis|Caroline Goodall|Jim Piddock|Rafi Gavron|Joseph Mawle|Emma Hamilton|Michael Budd,Mabrouk El Mechri,Trevor Macy|Scott Wiper|John Petro
21755,The Brothers Bloom,Rachel Weisz|Adrien Brody|Mark Ruffalo|Rinko Kikuchi|Robbie Coltrane|Maximilian Schell|Ricky Jay|Zachary Gordon|Max Records|Andy Nyman,Rian Johnson,Rian Johnson
4960,"Synecdoche, New York",Philip Seymour Hoffman|Samantha Morton|Jennifer Jason Leigh|Michelle Williams|Catherine Keener|Emily Watson|Tom Noonan|Sadie Goldstein|Hope Davis|Dianne Wiest,Charlie Kaufman,Charlie Kaufman
128,Princess Mononoke,Yōji Matsuda|Yuriko Ishida|Yūko Tanaka|Kaoru Kobayashi|Masahiko Nishimura|Tsunehiko Kamijô|Sumi Shimamoto|Tetsu Watanabe|Mitsuru Satô|Akira Nagoya,Hayao Miyazaki,Hayao Miyazaki
14652,Bon voyage,Grégori Derangère|Gérard Depardieu|Isabelle Adjani|Virginie Ledoyen|Yvan Attal|Peter Coyote|Aurore Clément|Edith Scob|Wolfgang Pissors,Jean-Paul Rappeneau,Jean-Paul Rappeneau|Patrick Modiano
40932,Can't Stop the Music,Alex Briley|David Hodo|Glenn Hughes|Randy Jones|Felipe Rose|Ray Simpson|Valerie Perrine|Caitlyn Jenner|Steve Guttenberg|Tammy Grimes,Nancy Walker,Bronte Woodard|Allan Carr
16608,The Proposition,Guy Pearce|Ray Winstone|Emily Watson|Danny Huston|David Wenham|John Hurt|Richard Wilson|Noah Taylor|Jeremy Madrona|Jae Mamuyac,John Hillcoat,Nick Cave
334531,My All American,Aaron Eckhart|Finn Wittrock|Robin Tunney|Sarah Bolger|Michael Reilly Burke|Todd Allen|Richard Kohnke|Donny Boaz|Juston Street|Rebecca Chulew,Angelo Pizzo,Angelo Pizzo|Jim Dent
32316,Marci X,Lisa Kudrow|Damon Wayans|Richard Benjamin|Jane Krakowski|Christine Baranski,Richard Benjamin,Paul Rudnick
7299,Equilibrium,Christian Bale|Taye Diggs|Emily Watson|Angus Macfadyen|Sean Bean|Dominic Purcell|Christian Kahrmann|Sean Pertwee|William Fichtner|John Keogh,Kurt Wimmer,Kurt Wimmer
13405,The Children of Huang Shi,Jonathan Rhys Meyers|Radha Mitchell|Chow Yun-fat|Michelle Yeoh,Roger Spottiswoode,
19457,The Yards,Mark Wahlberg|Joaquin Phoenix|Charlize Theron|James Caan|Ellen Burstyn|Faye Dunaway|Andy Davoli|Tony Musante|Victor Argo|Tomás Milián,James Gray,James Gray|Matt Reeves
112937,The Oogieloves in the Big Balloon Adventure,Christopher Lloyd|Cary Elwes|Jaime Pressly|Cloris Leachman|Chazz Palminteri|Toni Braxton|Maya Stange|Garrett Clayton|Nick Drago|Colleen O'Shaughnessey,Matthew Diamond,Scott Stabile
314385,By the Sea,Angelina Jolie|Brad Pitt|Mélanie Laurent|Melvil Poupaud|Niels Arestrup|Richard Bohringer|Sarah Naudi|Marika Green|Aldo Buontempo|George Camilleri,Angelina Jolie,Angelina Jolie
8953,Steamboy,Anne Suzuki|Masane Tsukayama|Katsuo Nakamura|Manami Konishi|Kiyoshi Kodama|Ikki Sawamura|Susumu Terajima,Katsuhiro Ōtomo,Katsuhiro Ōtomo|Sadayuki Murai
29078,The Game of Their Lives,Gerard Butler|Wes Bentley|Gavin Rossdale|Costas Mandylor|Louis Mandylor|Zachery Ty Bryan|Jimmy Jean-Louis,David Anspaugh,
46503,All Good Things,Kirsten Dunst|Ryan Gosling|Kristen Wiig|Frank Langella|Lily Rabe|Philip Baker Hall|Michael Esper|Diane Venora|John Cullum|Trini Alvarado,Andrew Jarecki,Marc Smerling|Marcus Hinchey
10448,Rapa Nui,Jason Scott Lee|Esai Morales|Sandrine Holt|Eru Potaka-Dewes|Emilio Tuki Hito|Gordon Hatfield|Frenxa Reuben|Hori Ahipene|Chiefy Elkington|Ruihana Rewa,Kevin Reynolds,Kevin Reynolds|Tim Rose Price
13688,CJ7,Stephen Chow|Xu Jiao|Kitty Zhang Yuqi|Lam Tze-Chung|Lee Sheung-Ching|Huang Lei|Yao Wen-Xue|Steven Fung Min-Hang|Han Yong-Hua|Lei Yu,Stephen Chow,Stephen Chow
10353,The Visitors II: The Corridors of Time,Christian Clavier|Jean Reno|Marie-Anne Chazel|Christian Bujeau|Muriel Robin|Claire Nadeau|Armelle|Jean-Luc Caron|Patrick Burgel|Eric Averlant,Jean-Marie Poiré,Christian Clavier|Jean-Marie Poiré
43935,Dylan Dog: Dead of Night,Brandon Routh|Peter Stormare|Sam Huntington|Taye Diggs|Anita Briem|Kurt Angle|Andrew Sensenig|Randal Reeder|Courtney J. Clark|Gabrielle Chapin,Kevin Munroe,Thomas Dean Donnelly|Tiziano Sclavi|Joshua Oppenheimer
11458,People I Know,Al Pacino|Kim Basinger|Ryan O'Neal|Téa Leoni|Jonathan Walker|Richard Schiff|Bill Nunn|Robert Klein|Mark Webber|Peter Gerety,Daniel Algrant,Jon Robin Baitz
44638,The Tempest,Helen Mirren|Felicity Jones|Reeve Carney|David Strathairn|Tom Conti|Alfred Molina|Djimon Hounsou|Russell Brand|Alan Cumming|Chris Cooper,Julie Taymor,William Shakespeare|Julie Taymor|Julia Taylor-Stanley
241257,Regression,Ethan Hawke|Emma Watson|David Thewlis|Lothaire Bluteau|Dale Dickey|David Dencik|Devon Bostick|Aaron Ashmore|Peter MacNeill|Adam Butcher,Alejandro Amenábar,Alejandro Amenábar
14538,Three Kingdoms: Resurrection of the Dragon,Sammo Hung|Vanness Wu|Maggie Q|Andy Lau|Ti Lung|Elliot Ngok,Daniel Lee,
13250,Butterfly on a Wheel,Pierce Brosnan|Maria Bello|Gerard Butler|Emma Karwandy|Claudette Mink|Desiree Zurowski|Nicholas Lea|Peter Keleghan|Samantha Ferris|Malcolm Stewart,Mike Barker,William Morrissey
133931,Zambezia,Jeremy Suarez|Samuel L. Jackson|Abigail Breslin|Leonard Nimoy|Jeff Goldblum|Jenifer Lewis|Noureen DeWulf|Richard E. Grant|Jamal Mixon|David Shaughnessy,Wayne Thornley,Wayne Thornley|Andrew Cook|Raffaella Delle Donne
280871,Ramanujan,Abhinay Vaddi|Suhasini Maniratnam|Kevin McGowan|Abbas|Anmol|Bhama|Michael Lieber|Richard Walsh|Sarath Babu|Radha Ravi,Gnana Rajasekaran,Gnana Rajasekaran
239897,Dwegons,Melissa Leo|Maggie Wheeler|Joey D. Vieira|R. Martin Klein|Thomas Francis Walsh III|Jacqueline Lovell|John DeMita|Mark Lewis,Tom Walsh,Tom Walsh|Adriana Walsh
184341,Hands of Stone,Robert De Niro|Edgar Ramírez|Jurnee Smollett|Ellen Barkin|Rubén Blades|Usher Raymond|John Turturro|Reg E. Cathey|Robb Skyler|Ana de Armas,Jonathan Jakubowicz,Jonathan Jakubowicz
334074,Survivor,Pierce Brosnan|Milla Jovovich|Dylan McDermott|Angela Bassett|Robert Forster|James D'Arcy|Roger Rees|Genevieve O'Reilly|Frances de la Tour|Sonya Cassidy,James McTeigue,Philip Shelby
199373,The Frozen Ground,Nicolas Cage|Vanessa Hudgens|John Cusack|Radha Mitchell|Jodi Lyn O'Keefe|Katherine LaNasa|Dean Norris|50 Cent|Gia Mantegna|Kevin Dunn,Scott Walker,Scott Walker
14202,The Painted Veil,Edward Norton|Juliet Howland|Naomi Watts|Ian Renwick|Liev Schreiber|Toby Jones|Diana Rigg|Zoe Telford|Anthony Wong|Marie-Laure Descoureaux,John Curran,W. Somerset Maugham|Ron Nyswaner
6968,The Baader Meinhof Complex,Martina Gedeck|Moritz Bleibtreu|Johanna Wokalek|Nadja Uhl|Stipe Erceg|Niels-Bruno Schmidt|Vinzenz Kiefer|Simon Licht|Alexandra Maria Lara|Bruno Ganz,Uli Edel,Bernd Eichinger|Uli Edel|Stefan Aust
581,Dances with Wolves,Kevin Costner|Mary McDonnell|Graham Greene|Rodney A. Grant|Floyd Red Crow Westerman|Tantoo Cardinal|Robert Pastorelli|Charles Rocket|Maury Chaykin|Jimmy Herman,Kevin Costner,Michael Blake
52449,Bad Teacher,Cameron Diaz|Jason Segel|Justin Timberlake|Lucy Punch|Phyllis Smith|John Michael Higgins|Jillian Armenante|Dave Allen|Matthew J. Evans|Kaitlyn Dever,Jake Kasdan,Gene Stupnitsky|Lee Eisenberg
12150,Sea of Love,Al Pacino|Ellen Barkin|John Goodman|Michael Rooker|William Hickey|Richard Jenkins|Paul Calderon|John Spencer|Mark Phelan|Samuel L. Jackson,Harold Becker,Richard Price
11247,A Cinderella Story,Hilary Duff|Jennifer Coolidge|Chad Michael Murray|Dan Byrd|Regina King|Julie Gonzalo|Lin Shaye|Madeline Zima|Andrea Avery|Mary Pat Gleason,Mark Rosman,Leigh Dunlap
4232,Scream,David Arquette|Neve Campbell|Courteney Cox|Matthew Lillard|Rose McGowan|Skeet Ulrich|Drew Barrymore|Jamie Kennedy|W. Earl Brown|Joseph Whipp,Wes Craven,Kevin Williamson|Gary Damian Thomas
9378,Thir13en Ghosts,Tony Shalhoub|Embeth Davidtz|Matthew Lillard|Shannon Elizabeth|Matthew Harrison|Alec Roberts|Rah Digga|F. Murray Abraham|JR Bourne|Jacob Rupp,Steve Beck,Benjamin Carr|Robb White|Richard D'Ovidio|Ling Yang
694,The Shining,Jack Nicholson|Shelley Duvall|Danny Lloyd|Scatman Crothers|Barry Nelson|Philip Stone|Joe Turkel|Anne Jackson|Tony Burton|Barry Dennen,Stanley Kubrick,Stanley Kubrick|Stephen King|Diane Johnson
105,Back to the Future,Michael J. Fox|Christopher Lloyd|Lea Thompson|Crispin Glover|Thomas F. Wilson|Claudia Wells|Marc McClure|Wendie Jo Sperber|George DiCenzo|Frances Lee McCain,Robert Zemeckis,Robert Zemeckis|Bob Gale
11377,House on Haunted Hill,Geoffrey Rush|Famke Janssen|Taye Diggs|Peter Gallagher|Chris Kattan|Ali Larter|Bridgette Wilson|Max Perlich|Jeffrey Combs|Dick Beebe,William Malone,Robb White|Dick Beebe
26367,I Can Do Bad All By Myself,Tyler Perry|Taraji P. Henson|Adam Rodríguez|Mary J. Blige|Gladys Knight|Brian J. White,Tyler Perry,Tyler Perry
385383,Fight Valley,Erin O'Brien|Miesha Tate|Holly Holm|Cristiane Justino|Susie Celek|Kari J. Kramer|Alexandria Williams|Cabrina Collesides|Bonnie Bruderer|Salvatore Franciosa,Rob Hawk,Rob Hawk
41210,The Switch,Jason Bateman|Jennifer Aniston|Jeff Goldblum|Juliette Lewis|Todd Louiso|Jason Jones|Scott Elrod|Patrick Wilson|Kelli Barrett|Thomas Robinson,Josh Gordon|Will Speck,Jeffrey Eugenides|Allan Loeb
12090,Just Married,Ashton Kutcher|Brittany Murphy|Christian Kane|David Moscow|Alex Thomas|Valeria Andrews|Monet Mazur|David Rasche|Thad Luckinbill|David Agranov,Shawn Levy,Sam Harper
62630,The Devil's Double,Dominic Cooper|Ludivine Sagnier|Raad Rawi|Mehmet Ferda|Philip Quast|Mimoun Oaïssa|Khalid Laith|Nasser Memarzia|Dar Salim|Pano Masti,Lee Tamahori,Michael Thomas|Latif Yahia
16110,Thomas and the Magic Railroad,Alec Baldwin|Peter Fonda|Mara Wilson,Britt Allcroft,
29427,The Crazies,Timothy Olyphant|Radha Mitchell|Joe Anderson|Danielle Panabaker|Christie Lynn Smith|Brett Rickaby|Preston Bailey|John Aylward|Joe Reegan|Glenn Morshower,Breck Eisner,Scott Kosar|Ray Wright
129,Spirited Away,Rumi Hiiragi|Miyu Irino|Mari Natsuki|Takashi Naito|Yasuko Sawaguchi|Tatsuya Gashûin|Yumi Tamai|Yo Oizumi|Koba Hayashi|Tsunehiko Kamijô,Hayao Miyazaki,Hayao Miyazaki
244114,Firestorm,Andy Lau|Gordon Lam Ka-Tung|Yao Chen|Hu Jun|Ray Lui|Philip Keung|Kenny Wong Tak-Ban|Oscar Leung|Michael Tong|Terence Yin,Alan Yuen,Alan Yuen
2669,The Bounty,Mel Gibson|Anthony Hopkins|Laurence Olivier|Edward Fox|Daniel Day-Lewis|Bernard Hill|Phil Davis|Liam Neeson|Wi Kuki Kaa|Tevaite Vernette,Roger Donaldson,Robert Bolt|Richard Hough
203833,The Book Thief,Geoffrey Rush|Sophie Nélisse|Emily Watson|Nico Liersch|Ben Schnetzer|Heike Makatsch|Barbara Auer|Roger Allam|Rainer Bock|Gotthard Lange,Brian Percival,Michael Petroni|Markus Zusak
13523,Sex Drive,Josh Zuckerman|Amanda Crew|Clark Duke|James Marsden|Seth Green|Alice Greczyn|Katrina Bowden|Mark L. Young|Charlie McDermott|Andrea Anders,Sean Anders,Sean Anders|John Morris|Andy Behrens
25195,Leap Year,Amy Adams|Matthew Goode|Adam Scott|John Lithgow|Flaminia Cinque|Tony Rohr|Pat Laffan|Ian McElhinney|Dominique McElligott|Kaitlin Olson,Anand Tucker,Deborah Kaplan|Harry Elfont
17277,The Fall of the Roman Empire,Sophia Loren|Stephen Boyd|Alec Guinness|Christopher Plummer|Anthony Quayle|John Ireland|Omar Sharif|Mel Ferrer|Eric Porter|Finlay Currie,Anthony Mann,Ben Barzman|Basilio Franchina
50725,Take Me Home Tonight,Topher Grace|Anna Faris|Dan Fogler|Teresa Palmer|Michelle Trachtenberg|Michael Biehn|Chris Pratt|Jeanie Hackett|Lucy Punch|Demetri Martin,Michael Dowse,Topher Grace|Martin Blankemeyer|Jackie Filgo|Jeff Filgo|Gordon Kaywin
82631,Won't Back Down,Viola Davis|Maggie Gyllenhaal|Ving Rhames|Lance Reddick|Rosie Perez|Emily Alyn Lind|Stephen Weigand|Liza Colón-Zayas|Teri Clark|Sarab Kamoo,Daniel Barnz,Daniel Barnz
73191,The Nutcracker,Darci Kistler|Damian Woetzel|Bart Robinson Cook|Kyra Nichols|Jessica Lynn Cohen|Macaulay Culkin,Emile Ardolino,
22479,Kansas City,Jennifer Jason Leigh|Miranda Richardson|Harry Belafonte|Michael Murphy|Dermot Mulroney|Steve Buscemi|Brooke Smith|Jane Adams,Robert Altman,Robert Altman|Frank Barhydt
340611,Indignation,Logan Lerman|Sarah Gadon|Tracy Letts|Linda Emond|Danny Burstein|Ben Rosenfield|Pico Alexander|Philip Ettinger|Noah Robbins|Joanne Baron,James Schamus,James Schamus|Philip Roth
10065,The Amityville Horror,Ryan Reynolds|Melissa George|Jesse James|Chloë Grace Moretz|Jimmy Bennett|Rachel Nichols|Philip Baker Hall|Isabel Conner|Brendan Donaldson|David Gee,Andrew Douglas,Scott Kosar|Sandor Stern|George Lutz|Kathy Lutz|Jay Anson
2757,Adaptation.,Nicolas Cage|Meryl Streep|Chris Cooper|Tilda Swinton|Cara Seymour|Ron Livingston|Brian Cox|Maggie Gyllenhaal|Jay Tavare|Jim Beaver,Spike Jonze,Charlie Kaufman|Susan Orlean|Donald Kaufman
11683,Land of the Dead,Simon Baker|John Leguizamo|Dennis Hopper|Robert Joy|Asia Argento|Eugene Clark|Joanne Boland|Tony Nappo|Jennifer Baxter|Boyd Banks,George A. Romero,George A. Romero|Greg Chown
244339,Out of Inferno,Lau Ching-Wan|Angelica Lee|Chen Sicheng|Natalie Tong|Eddie Cheung Siu-Fai|Louis Koo,Danny Pang|Oxide Pang Chun,Danny Pang|Oxide Pang Chun|Szeto Kam-Yuen|Nicholl Tang|MengZhang Wu
1878,Fear and Loathing in Las Vegas,Johnny Depp|Benicio del Toro|Tobey Maguire|Christina Ricci|Ellen Barkin|Gary Busey|Cameron Diaz|Mark Harmon|Katherine Helmond|Michael Jeter,Terry Gilliam,Terry Gilliam|Hunter S. Thompson|Tony Grisoni|Alex Cox|Tod Davies
23082,The Invention of Lying,Ricky Gervais|Jennifer Garner|Jonah Hill|Louis C.K.|Jeffrey Tambor|Fionnula Flanagan|Rob Lowe|Tina Fey|Stephanie March|Ruben Santiago-Hudson,Ricky Gervais|Matthew Robinson,Ricky Gervais|Matthew Robinson
195589,Neighbors,Seth Rogen|Zac Efron|Rose Byrne|Dave Franco|Ike Barinholtz|Christopher Mintz-Plasse|Carla Gallo|Halston Sage|Craig Roberts|Hannibal Buress,Nicholas Stoller,Brendan O'Brien|Andrew J. Cohen
854,The Mask,Jim Carrey|Cameron Diaz|Nancy Fish|Tim Bagley|Johnny Williams|Peter Riegert|Peter Greene|Amy Yasbeck|Richard Jeni|Orestes Matacena,Chuck Russell,Mike Werb
2280,Big,Tom Hanks|Elizabeth Perkins|Robert Loggia|John Heard|Jared Rushton|David Moscow|Jon Lovitz|Mercedes Ruehl|Josh Clark|Allan Wasserman,Penny Marshall,Gary Ross|Anne Spielberg
496,Borat: Cultural Learnings of America for Make Benefit Glorious Nation of Kazakhstan,Sacha Baron Cohen|Ken Davitian|Luenell|Pamela Anderson|Bob Barr|Alan Keyes|Carole De Saram|Mitchell Falk|David Corcoran|Andre Darnell Myers,Larry Charles,Sacha Baron Cohen|Anthony Hines|Peter Baynham|Dan Mazer|Todd Phillips
8835,Legally Blonde,Reese Witherspoon|Luke Wilson|Selma Blair|Matthew Davis|Victor Garber|Jennifer Coolidge|Holland Taylor|Ali Larter|Jessica Cauffiel|Alanna Ubach,Robert Luketic,Karen McCullah Lutz|Kirsten Smith|Amanda Brown
157,Star Trek III: The Search for Spock,William Shatner|Leonard Nimoy|DeForest Kelley|James Doohan|George Takei|Walter Koenig|Nichelle Nichols|Merritt Butrick|Christopher Lloyd|Robin Curtis,Leonard Nimoy,Harve Bennett
8643,The Exorcism of Emily Rose,Laura Linney|Tom Wilkinson|Campbell Scott|Jennifer Carpenter|Kenneth Welsh|Mary Beth Hurt|Colm Feore|Henry Czerny|Shohreh Aghdashloo|Duncan Fraser,Scott Derrickson,Scott Derrickson|Paul Harris Boardman
10402,Deuce Bigalow: Male Gigolo,Rob Schneider|William Forsythe|Eddie Griffin|Arija Bareikis|Oded Fehr|Gail O'Grady|Richard Riehle|Jacqueline Obradors|Big Boy|Amy Poehler,Mike Mitchell,Rob Schneider|Mike Cachuela
218043,Left Behind,Nicolas Cage|Chad Michael Murray|Lea Thompson|Nicky Whelan|Martin Klebba|Quinton Aaron|Jordin Sparks|Gary Grubbs|William Ragsdale|Stephanie Honoré,Vic Armstrong,Paul Lalonde|John Patus|Jerry B. Jenkins|Tim LaHaye
9043,The Family Stone,Claire Danes|Diane Keaton|Rachel McAdams|Dermot Mulroney|Sarah Jessica Parker|Luke Wilson|Craig T. Nelson|Brian J. White|Tyrone Giordano|Elizabeth Reaser,Thomas Bezucha,Thomas Bezucha
21301,Barbershop 2:  Back in Business,Ice Cube|Cedric the Entertainer|Sean Patrick Thomas|Keke Palmer|Michael Ealy|Queen Latifah|Eve|DeRay Davis|Kenan Thompson|Marcia Wright,Kevin Rodney Sullivan,Mark Brown|Don D. Scott
10147,Bad Santa,Billy Bob Thornton|Tony Cox|Brett Kelly|Bernie Mac|John Ritter|Lauren Graham|Lauren Tom|Octavia Spencer|Cloris Leachman|Lorna Scott,Terry Zwigoff,Glenn Ficarra|John Requa
816,Austin Powers: International Man of Mystery,Mike Myers|Elizabeth Hurley|Michael York|Mimi Rogers|Seth Green|Fabiana Udenio|Mindy Sterling|Paul Dillon|Robert Wagner|Charles Napier,Jay Roach,Mike Myers
302688,My Big Fat Greek Wedding 2,John Corbett|Elena Kampouris|Nia Vardalos|Ian Gomez|John Stamos|Alex Wolff|Lainie Kazan|Rita Wilson|Andrea Martin|Louis Mandylor,Kirk Jones,Nia Vardalos
60307,Diary of a Wimpy Kid: Rodrick Rules,Zachary Gordon|Devon Bostick|Rachael Harris|Robert Capron|Steve Zahn|Connor Fielding|Owen Fielding|Peyton List|Karan Brar|Fran Kranz,David Bowers,Gabe Sachs|Jeff Judah|Jeff Kinney
106,Predator,Arnold Schwarzenegger|Carl Weathers|Elpidia Carrillo|Bill Duke|Jesse Ventura|Sonny Landham|Richard Chaves|R. G. Armstrong|Shane Black|Kevin Peter Hall,John McTiernan,Jim Thomas|John Thomas
279,Amadeus,F. Murray Abraham|Tom Hulce|Elizabeth Berridge|Roy Dotrice|Simon Callow|Christine Ebersole|Jeffrey Jones|Barbara Bryne|Cynthia Nixon|Douglas Seale,Miloš Forman,Peter Shaffer
8617,Prom Night,Brittany Snow|Scott Porter|Jessica Stroup|Dana Davis|Kelly Blatz|Collins Pennie|Johnathon Schaech|Idris Elba|Ming-Na Wen|Jessalyn Gilsig,Nelson McCormick,J.S. Cardone
10625,Mean Girls,Lindsay Lohan|Rachel McAdams|Tim Meadows|Ana Gasteyer|Amy Poehler|Tina Fey|Lacey Chabert|Lizzy Caplan|Amanda Seyfried|Jonathan Bennett,Mark Waters,Tina Fey|Rosalind Wiseman
10934,Under the Tuscan Sun,Diane Lane|Sandra Oh|Lindsay Duncan|Raoul Bova|Vincent Riotta|Mario Monicelli|Roberto Nobile|Anita Zagaria|Evelina Gori|Kate Walsh,Audrey Wells,Audrey Wells|Frances Mayes
5279,Gosford Park,Helen Mirren|Clive Owen|Maggie Smith|Geraldine Somerville|Jeremy Northam|Kristin Scott Thomas|Tom Hollander|Michael Gambon|Kelly Macdonald|Eileen Atkins,Robert Altman,Robert Altman|Julian Fellowes
10013,Peggy Sue Got Married,Kathleen Turner|Nicolas Cage|Barry Miller|Catherine Hicks|Joan Allen|Jim Carrey|Barbara Harris|Sofia Coppola|Helen Hunt|Maureen O'Sullivan,Francis Ford Coppola,Jerry Leichtling|Arlene Sarner
194662,Birdman,Michael Keaton|Emma Stone|Zach Galifianakis|Naomi Watts|Edward Norton|Kenny Chin|Jamahl Garrison-Lowe|Jeremy Shamos|Andrea Riseborough|Katherine O'Sullivan,Alejandro González Iñárritu,Alejandro González Iñárritu|Armando Bo|Nicolás Giacobone|Alexander Dinelaris
160588,Blue Jasmine,Cate Blanchett|Alec Baldwin|Sally Hawkins|Bobby Cannavale|Louis C.K.|Peter Sarsgaard|Andrew Dice Clay|Michael Stuhlbarg|Alden Ehrenreich|Charlie Tahan,Woody Allen,Woody Allen
9829,United 93,J.J. Johnson|Polly Adams|Trish Gates|Nancy McDoniel|Opal Alladin|Gary Commock|Starla Benford|Susan Blommaert|David Alan Basche|Richard Bekins,Paul Greengrass,Paul Greengrass
10028,Honey,Jessica Alba|Mekhi Phifer|Joy Bryant|Romeo Miller|David Moscow|Zachary Isaiah Williams|Missy Elliott|Anthony Sherwood|Lonette McKee|Maestro,Bille Woodruff,Alonzo Brown|Kim Watson
10535,Spy Hard,Leslie Nielsen|Nicollette Sheridan|Charles Durning|Marcia Gay Harden|Barry Bostwick|Andy Griffith|Stephanie Romanov|Talisa Soto|Robert Guillaume|Carl Ciarfalio,Rick Friedberg,Jason Friedberg|Aaron Seltzer|Rick Friedberg|Dick Chudnow
790,The Fog,Adrienne Barbeau|Jamie Lee Curtis|Janet Leigh|John Houseman|Tom Atkins|James Canning|Charles Cyphers|Nancy Kyes|Ty Mitchell|Hal Holbrook,John Carpenter,Debra Hill|John Carpenter
43959,Soul Surfer,AnnaSophia Robb|Helen Hunt|Lorraine Nicholson|Carrie Underwood|Dennis Quaid|Kevin Sorbo|Ross Thomas|Chris Brochu|Jeremy Sumter|Sonya Balmores Chung,Sean McNamara,Sean McNamara|Deborah Schwartz
10364,Catch-22,Alan Arkin|Martin Balsam|Richard Benjamin|Art Garfunkel|Jack Gilford|Buck Henry|Bob Newhart|Anthony Perkins|Paula Prentiss|Orson Welles,Mike Nichols,Buck Henry|Joseph Heller
16991,Observe and Report,Seth Rogen|Anna Faris|Michael Peña|Ray Liotta|Collette Wolfe|Danny McBride|Aziz Ansari|Celia Weston|Dan Bakkedahl|Jesse Plemons,Jody Hill,Jody Hill
9610,Conan the Destroyer,Arnold Schwarzenegger|Grace Jones|Wilt Chamberlain|Tracey Walter|Mako|Sarah Douglas|Olivia d'Abo|Pat Roach|Jeff Corey|Sven-Ole Thorsen,Richard Fleischer,Robert E. Howard|Stanley Mann|Gerry Conway|Roy Thomas|Maurice Zuberano
1578,Raging Bull,Robert De Niro|Joe Pesci|Cathy Moriarty|Frank Vincent|Nicholas Colasanto|Theresa Saldana|Mario Gallo|John Turturro|Frank Adonis|Charles Scorsese,Martin Scorsese,Paul Schrader|Mardik Martin|Jake LaMotta
25643,Love Happens,Aaron Eckhart|Jennifer Aniston|Judy Greer|Martin Sheen|Deirdre Blades|John Carroll Lynch|Dan Fogler|Sasha Alexander|Frances Conroy|Joe Anderson,Brandon Camp,Brandon Camp|Mike Thompson
11904,Young Sherlock Holmes,Nicholas Rowe|Alan Cox|Sophie Ward|Anthony Higgins|Susan Fleetwood|Matthew Ryan|Earl Rhodes,Barry Levinson,Chris Columbus|Arthur Conan Doyle
28665,Fame,Kay Panabaker|Naturi Naughton|Kherington Payne|Megan Mullally|Walter Perez|Asher Book|Krystal Ellsworth|Anna Maria Perez de Tagle,Kevin Tancharoen,Christopher Gore|Allison Burnett
44115,127 Hours,James Franco|Kate Mara|Amber Tamblyn|Clémence Poésy|Lizzy Caplan|Kate Burton|Treat Williams|Sean Bott|Koleman Stinger|Parker Hadley,Danny Boyle,Danny Boyle|Simon Beaufoy|Aron Ralston
10569,Small Time Crooks,Woody Allen|Carolyn Saxon|Tracey Ullman|Michael Rapaport|Tony Darrow|Jon Lovitz|Bill Gerber|Sam Josepher|Diane Bradley|Lawrence Howard Levy,Woody Allen,Woody Allen
10560,Center Stage,Amanda Schull|Zoe Saldana|Susan May Pratt|Peter Gallagher|Scottie Thompson,Nicholas Hytner,Carol Heikkinen
333348,Love the Coopers,Steve Martin|Diane Keaton|John Goodman|Alan Arkin|Olivia Wilde|Ed Helms|Amanda Seyfried|Marisa Tomei|Jake Lacy|Anthony Mackie,Jessie Nelson,Steven Rogers
20483,Catch That Kid,Kristen Stewart|Corbin Bleu|Max Thieriot|Jennifer Beals|Sam Robards|John Carroll Lynch|James Le Gros|Michael Des Barres|Stark Sands|Lennie Loftin,Bart Freundlich|James Sbardellati|Peter Merwin,Michael Brandt|Derek Haas
11457,Life as a House,Kevin Kline|Kristin Scott Thomas|Hayden Christensen|Jena Malone|Mary Steenburgen|Ian Somerhalder|Scott Bakula|Sandra Nelson|Sam Robards,Irwin Winkler,Mark Andrus
321697,Steve Jobs,Michael Fassbender|Kate Winslet|Seth Rogen|Katherine Waterston|Jeff Daniels|Michael Stuhlbarg|Makenzie Moss|Sarah Snook|Adam Shapiro|John Ortiz,Danny Boyle,Aaron Sorkin|Walter Isaacson
19840,"I Love You, Beth Cooper",Hayden Panettiere|Paul Rust|Lauren London|Lauren Storm|Jack Carpenter|Marie Avgeropoulos|Anja Savcic|Shawn Roberts|Jared Keeso|Andrea Savage,Chris Columbus,Larry Doyle
22327,Youth in Revolt,Michael Cera|Zach Galifianakis|Justin Long|Ray Liotta|Steve Buscemi|Ari Graynor|Portia Doubleday|Rooney Mara|Erik Knudsen|Adhir Kalyan,Miguel Arteta,Gustin Nash
38665,The Legend of the Lone Ranger,Christopher Lloyd|Matt Clark|Juanin Clay|Jason Robards|John Bennett Perry|David Hayward|Richard Farnsworth|Marc Gilpin|John Hart|Klinton Spilsbury,William A. Fraker,Ivan Goff|Ben Roberts
2575,The Tailor of Panama,Pierce Brosnan|Geoffrey Rush|Jamie Lee Curtis|Leonor Varela|Brendan Gleeson|Harold Pinter|Catherine McCormack|Daniel Radcliffe|Lola Boorman|Mark Margolis,John Boorman,Andrew Davies|John Boorman|John le Carré
11644,Blow Out,John Travolta|Nancy Allen|John Lithgow|Dennis Franz|Peter Boyden|Curt May|John Aquino|John McMartin|Deborah Everton|J. Patrick McNamara,Brian De Palma,Brian De Palma|Bill Mesce Jr.
146227,Getaway,Ethan Hawke|Selena Gomez|Jon Voight|Paul Freeman|Bruce Payne|Rebecca Budig|Dimo Alexiev|Velislav Pavlov|Dejan Angelov|Peewee Piemonte,Courtney Solomon,Sean Finegan|Gregg Maxwell Parker
68924,The Ice Storm,Kevin Kline|Joan Allen|Sigourney Weaver|Henry Czerny|Tobey Maguire|Christina Ricci|Elijah Wood|Adam Hann-Byrd|David Krumholtz|Jamey Sheridan,Ang Lee,James Schamus|Rick Moody
253235,And So It Goes,Michael Douglas|Diane Keaton|Sterling Jerins|Paloma Guzmán|Frances Sternhagen|Frankie Valli|Andy Karl|Mina Mirkhah|Alvin Crawford|Meryl Williams,Rob Reiner,Mark Andrus
22102,Troop Beverly Hills,Shelley Long|Craig T. Nelson|Betty Thomas|Mary Gross|Carla Gugino|Kellie Martin|Jenny Lewis|Karen Kopins|Ami Foster|Ramon Sison,Jeff Kanew,Margaret Oberman|Pamela Norris|Ava Ostern Fries
18701,Being Julia,Michael Gambon|Annette Bening|Leigh Lawson|Shaun Evans|Jeremy Irons|Juliet Stevenson|Miriam Margolyes|Max Irons|Michael Culkin|Bruce Greenwood,István Szabó,
10068,Nine 1/2 Weeks,Mickey Rourke|Kim Basinger|Margaret Whitton|David Margulies|Christine Baranski|Karen Young|Dwight Weist|Roderick Cook|Victor Truro|Justine Johnston,Adrian Lyne,Sarah Kernochan|Zalman King|Patricia Louisianna Knop
848,Dragonslayer,Peter MacNicol|Caitlin Clarke|Ralph Richardson|John Hallam|Peter Eyre|Albert Salmi|Sydney Bromley|Chloe Salaman|Emrys James|Roger Kemp,Matthew Robbins,Matthew Robbins|Hal Barwood
36811,The Last Station,James McAvoy|Christopher Plummer|Helen Mirren|Paul Giamatti|Anne-Marie Duff|Kerry Condon|Patrick Kennedy|David Masterson|Tomas Spencer|John Sessions,Michael Hoffman,
522,Ed Wood,Johnny Depp|Martin Landau|Sarah Jessica Parker|Patricia Arquette|Jeffrey Jones|G. D. Spradlin|Vincent D'Onofrio|Bill Murray|Mike Starr|Max Casella,Tim Burton,Rudolph Grey|Scott Alexander|Larry Karaszewski
130150,Labor Day,Josh Brolin|Kate Winslet|Gattlin Griffith|Tobey Maguire|Tom Lipinski|Maika Monroe|Clark Gregg|James Van Der Beek|J.K. Simmons|Brooke Smith,Jason Reitman,Joyce Maynard|Jason Reitman
12246,Mongol: The Rise of Genghis Khan,Tadanobu Asano|Sun Honglei|Khulan Chuluun|Aliya|Ba Sen|Amadu Mamadakov|He Qi|Ben Hon Sun|Ji Ri Mu Tu|You Er,Sergei Bodrov,Sergei Bodrov
13809,RockNRolla,Mark Strong|Tom Wilkinson|Toby Kebbell|Gerard Butler|Tom Hardy|Idris Elba|Karel Roden|Thandie Newton|Matt King|Gemma Arterton,Guy Ritchie,Guy Ritchie
27380,Megaforce,Barry Bostwick|Michael Beck|Persis Khambatta|Henry Silva|George Furth|Edward Mulhare|Mike Kulcsar|Ralph Wilcox|Evan C. Kim|Anthony Pena,Hal Needham,Bob Kachler|James Whittaker
10549,Hamlet,Kenneth Branagh|Derek Jacobi|Julie Christie|Richard Briers|Kate Winslet|Nicholas Farrell|Michael Maloney|Rufus Sewell|Robin Williams|Gérard Depardieu,Kenneth Branagh,William Shakespeare|Kenneth Branagh
33870,Mao's Last Dancer,Chi Cao|Chengwu Guo|Wen Bin Huang|Joan Chen|Bruce Greenwood|Amanda Schull|Kyle MacLachlan|Jack Thompson|Camilla Vergotis|Madeleine Eastoe,Bruce Beresford,
245703,Midnight Special,Michael Shannon|Jaeden Lieberher|Joel Edgerton|Kirsten Dunst|Adam Driver|David Jensen|Sam Shepard|Scott Haze|Dana Gourrier|Paul Sparks,Jeff Nichols,Jeff Nichols
10739,Anything Else,Woody Allen|Jason Biggs|Christina Ricci|Stockard Channing|Danny DeVito|Jimmy Fallon|Anthony Arkin|David Conrad|Adrian Grenier|William Hill,Woody Allen,Woody Allen
127560,The Railway Man,Jeremy Irvine|Colin Firth|Stellan Skarsgård|Michael MacKenzie|Nicole Kidman|Jeffrey Daunton|Tanroh Ishida|Tom Stokes|Bryan Probets|Tom Hobbs,Jonathan Teplitzky,Frank Cottrell Boyce|Andy Paterson|Eric Lomax
37903,The White Ribbon,Ursina Lardi|Ulrich Tukur|Burghart Klaußner|Christian Friedel|Leonie Benesch|Susanne Lothar|Fion Mutert|Levin Henning|Maria Dragus|Leonard Proxauf,Michael Haneke,Michael Haneke
396152,Restoration,Emily Roya O'Brien|Adrian Gaeta|Zack Ward|Sarah Ann Schultz,Zack Ward,Zack Ward|James Cullen Bressack
10017,The Wraith,Charlie Sheen|Nick Cassavetes|Sherilyn Fenn|Randy Quaid|Matthew Barry|Clint Howard|David Sherrill|Jamie Bozian|Griffin O'Neal|Chris Nash,Mike Marvin,Mike Marvin
11468,Salton Sea,Val Kilmer|Vincent D'Onofrio|Adam Goldberg|Luis Guzmán|Doug Hutchison|Anthony LaPaglia|Glenn Plummer|Peter Sarsgaard|Deborah Kara Unger|Chandra West,D.J. Caruso,Tony Gayton
193613,Metallica: Through the Never,Dane DeHaan|Mackenzie Gray|James Hetfield|Lars Ulrich|Kirk Hammett|Toby Hargrave|Robert Trujillo,Nimród Antal,Nimród Antal|James Hetfield|Lars Ulrich|Kirk Hammett|Robert Trujillo
17436,The Informers,Billy Bob Thornton|Kim Basinger|Mickey Rourke|Winona Ryder|Jon Foster|Amber Heard|Rhys Ifans|Chris Isaak|Austin Nichols|Lou Taylor Pucci,Gregor Jordan,Bret Easton Ellis|Nicholas Jarecki
43434,Carlos,Edgar Ramírez|Alexander Scheer|Fadi Abi Samra|Nora von Waldstätten|Talal El-Jordi|Ahmad Kaabour|Christoph Bach|Rodney El Haddad|Julia Hummer|Antoine Balabane,Olivier Assayas,Olivier Assayas|Daniel LeConte|Dan Franck
31166,I Come with the Rain,Josh Hartnett|Elias Koteas|Takuya Kimura|Lee Byung-hun|Tran Nu Yên-Khê|Shawn Yue,Tran Anh Hung,Tran Anh Hung
69848,One Man's Hero,Tom Berenger|Joaquim de Almeida|Daniela Romo|Mark Moses|Stuart Graham|Gregg Fitzgerald|Don Wycherley|Wolf Muser|Luke Hayden|Ilia Volok,Lance Hool,Milton S. Gelman
8408,Day of the Dead,Lori Cardille|Terry Alexander|Joseph Pilato|Jarlath Conroy|Anthony Dileo Jr.|Richard Liberty|Sherman Howard|Gary Howard Klar|Ralph Marrero|John Amplas,George A. Romero,George A. Romero
332411,I Am Wrath,John Travolta|Christopher Meloni|Rebecca De Mornay|Amanda Schull|Patrick St. Esprit|Sam Trammell|Luis Da Silva Jr.|Llysa Rie Lesaka|Doris Morgado|Melissa Bolona,Chuck Russell,Yvan Gauthier|Paul Sloan
9389,Renaissance,Daniel Craig|Catherine McCormack|Romola Garai|Jonathan Pryce|Ian Holm|Kevork Malikyan|Robert Dauney|Crystal Shepherd-Cross|Isabelle Van Waes|Max Hayter,Christian Volckman,Mathieu Delaporte|Jean-Bernard Pouy|Alexandre de La Patellière
9626,Red Sonja,"Arnold Schwarzenegger|Brigitte Nielsen|Sandahl Bergman|Paul L. Smith|Ernie Reyes, Jr.|Ronald Lacey|Pat Roach|Terry Richards|Janet Ågren|Donna Osterbuhr",Richard Fleischer,George MacDonald Fraser|Clive Exton
75638,Red Lights,Sigourney Weaver|Robert De Niro|Cillian Murphy|Elizabeth Olsen|Toby Jones|Joely Richardson|Karen David|Craig Roberts|Burn Gorman|Gina Bramhill,Rodrigo Cortés,Rodrigo Cortés
8363,Superbad,Jonah Hill|Michael Cera|Christopher Mintz-Plasse|Bill Hader|Seth Rogen|Martha MacIsaac|Emma Stone|Aviva|Joe Lo Truglio|Kevin Corrigan,Greg Mottola,Seth Rogen|Evan Goldberg
15670,Madea Goes to Jail,Tyler Perry|Derek Luke|Keshia Knight Pulliam|Whoopi Goldberg|Ion Overman|Sofía Vergara|Viola Davis|Vanessa Ferlito|David Mann|Tamela Mann,Tyler Perry,Tyler Perry
290555,Wolves,Jason Momoa|Lucas Till|John Pyper-Ferguson|Stephen McHattie|Merritt Patterson|Janet-Laine Green|Melanie Scrofano|Kaitlyn Wong,David Hayter,David Hayter
8328,Step Up 2: The Streets,Briana Evigan|Robert Hoffman|Will Kemp|Cassie Ventura|Adam G. Sevani|Danielle Polanco|Telisha Shaw|Black Thomas|Mari Koda|Harry Shum Jr.,Jon M. Chu,Toni Ann Johnson|Karen Barna|Duane Adler
10982,Hoodwinked!,Anne Hathaway|Glenn Close|Jim Belushi|Patrick Warburton|Anthony Anderson|David Ogden Stiers|Xzibit|Chazz Palminteri|Andy Dick|Cory Edwards,Cory Edwards|Todd Edwards|Tony Leech,Cory Edwards|Todd Edwards|Tony Leech
205,Hotel Rwanda,Don Cheadle|Sophie Okonedo|Nick Nolte|Fana Mokoena|Joaquin Phoenix|Jean Reno|Desmond Dube|Ofentse Modiselle|Mathabo Pieterson|Hakeem Kae-Kazim,Terry George,Terry George|Keir Pearson
1620,Hitman,Timothy Olyphant|Dougray Scott|Olga Kurylenko|Robert Knepper|Ulrich Thomsen|Henry Ian Cusick|Michael Offei|Christian Erickson|Eriq Ebouaney|Joe Sheridan,Xavier Gens,Skip Woods
175541,Black Nativity,Forest Whitaker|Angela Bassett|Jennifer Hudson|Tyrese Gibson|Jacob Latimore|Mary J. Blige|Nas|Vondie Curtis-Hall|J. Mallory-McCree,Kasi Lemmons,Kasi Lemmons|Langston Hughes
241254,The Prince,Bruce Willis|Jason Patric|John Cusack|Jessica Lowndes|Gia Mantegna|Rain|50 Cent|Don Harvey|Jesse Pruett|Didi Costine,Brian A Miller,Jeremy Passmore|Andre Fabrizio
31932,City of Ghosts,Matt Dillon|James Caan|Natascha McElhone|Gérard Depardieu|Stellan Skarsgård|Rose Byrne|Shawn Andrews|Christopher Curry|Pok Panhavicyetr,Matt Dillon,Matt Dillon|Barry Gifford
1933,The Others,Nicole Kidman|Christopher Eccleston|Alakina Mann|James Bentley|Eric Sykes|Elaine Cassidy|Renée Asherson|Keith Allen|Michelle Fairley|Alexander Vince,Alejandro Amenábar,Alejandro Amenábar|Natalia Montes
679,Aliens,Sigourney Weaver|Michael Biehn|James Remar|Paul Reiser|Lance Henriksen|Carrie Henn|Bill Paxton|William Hope|Jenette Goldstein|Al Matthews,James Cameron,James Cameron
11113,My Fair Lady,Audrey Hepburn|Rex Harrison|Stanley Holloway|Wilfrid Hyde-White|Gladys Cooper|Jeremy Brett|Theodore Bikel|Mona Washbourne|Isobel Elsom|John Holland,George Cukor,Alan Jay Lerner|George Bernard Shaw
3597,I Know What You Did Last Summer,Jennifer Love Hewitt|Sarah Michelle Gellar|Ryan Phillippe|Freddie Prinze Jr.|Bridgette Wilson|Johnny Galecki|Muse Watson|Anne Heche|Stuart Greer|Dan Albright,Jim Gillespie,Lois Duncan|Kevin Williamson
193893,Let's Be Cops,Jake Johnson|Damon Wayans Jr.|Nina Dobrev|Rob Riggle|James D'Arcy|Keegan-Michael Key|Andy García|Jon Lajoie|Tom Mardirosian|Natasha Leggero,Luke Greenfield,Luke Greenfield|Nicholas Thomas
9675,Sideways,Paul Giamatti|Thomas Haden Church|Virginia Madsen|Sandra Oh|Marylouise Burke|Jessica Hecht|Missy Doty|Alysia Reiner|Shake Tukhmanyan|Shaun Duke,Alexander Payne,Jim Taylor|Alexander Payne|Rex Pickett
9988,Beerfest,Erik Stolhanske|Jay Chandrasekhar|Steve Lemme|Paul Soter|M.C. Gainey|Cloris Leachman|Jürgen Prochnow|Allan Graf|Kevin Heffernan|Cameron Scher,Jay Chandrasekhar,Jay Chandrasekhar|Steve Lemme|Kevin Heffernan|Erik Stolhanske|Paul Soter
948,Halloween,Donald Pleasence|Jamie Lee Curtis|P.J. Soles|Nancy Kyes|Nick Castle|Tony Moran|Will Sandin|Charles Cyphers|Kyle Richards|Brian Andrews,John Carpenter,Debra Hill|John Carpenter
21765,Good Boy!,Molly Shannon|Liam Aiken|Matthew Broderick|Donald Faison|Cheech Marin|Brittany Murphy|Vanessa Redgrave|Carl Reiner|Delta Burke|Kevin Nealon,John Robert Hoffman,John Robert Hoffman|Zeke Richardson
146304,The Best Man Holiday,Terrence Howard|Harold Perrineau|Morris Chestnut|Sanaa Lathan|Taye Diggs|Regina Hall|Nia Long|Monica Calhoun|Melissa De Sousa|John Michael Higgins,Malcolm D. Lee,Malcolm D. Lee
7516,Smokin' Aces,Ryan Reynolds|Ray Liotta|Joseph Ruskin|Alex Rocco|Wayne Newton|Jeremy Piven|Ben Affleck|Martin Henderson|Common|Christopher Michael Holley,Joe Carnahan,Joe Carnahan
41439,Saw: The Final Chapter,Tobin Bell|Costas Mandylor|Betsy Russell|Cary Elwes|Sean Patrick Flanery|Gina Holden|Tanedra Howard|Greg Bryk|Chad Donella|Chester Bennington,Kevin Greutert,Patrick Melton|Marcus Dunstan
2752,40 Days and 40 Nights,Josh Hartnett|Shannyn Sossamon|Adam Trese|Emmanuelle Vaugier|Barry Newman|Mary Gross|Paulo Costanzo|Maggie Gyllenhaal|Michael C. Maronna|Vinessa Shaw,Michael Lehmann,Rob Perez
9429,A Night at the Roxbury,Will Ferrell|Chris Kattan|Jennifer Coolidge|Michael Clarke Duncan|Eva Mendes|Richard Grieco|Loni Anderson|Dan Hedaya|Molly Shannon|Dwayne Hickman,John Fortenberry,Steve Koren|Will Ferrell|Chris Kattan
38117,Beastly,Alex Pettyfer|Vanessa Hudgens|Mary-Kate Olsen|Lisa Gay Hamilton|Neil Patrick Harris|Dakota Johnson|Erik Knudsen|Peter Krause|David Francis|Gio Perez,Daniel Barnz,Daniel Barnz|Alex Flinn
9792,The Hills Have Eyes,Aaron Stanford|Kathleen Quinlan|Vinessa Shaw|Emilie de Ravin|Dan Byrd|Tom Bower|Billy Drago|Robert Joy|Ted Levine|Desmond Askew,Alexandre Aja,Grégory Levasseur|Alexandre Aja
13778,Dickie Roberts: Former Child Star,David Spade|Mary McCormack|Craig Bierko|Scott Terra|Jenna Boyd|John Farley|Bobby Slayton|Michael Buffer|Fred Wolf|Alyssa Milano,Sam Weisman,David Spade|Fred Wolf
228203,"McFarland, USA",Kevin Costner|Ramiro Rodriguez|Carlos Pratts|Johnny Ortiz|Rafael Martinez|Hector Duran|Sergio Avelar|Michael Aguero|Diana Maria Riva|Omar Leyva,Niki Caro,Grant Thompson|Chris Cleveland|Bettina Gilois
41382,Lottery Ticket,Shad Moss|Brandon T. Jackson|Naturi Naughton|Loretta Devine|Teairra Mari|Ice Cube|Keith David|Terry Crews|Mike Epps|Charlie Murphy,Erik White,Abdul Williams
13960,ATL,T.I.|Evan Ross|Jackie Long|Lauren London|Albert Daniels|Big Boi|Jason Weaver|Keith David|Tasha Smith|Khadijah Haqq,Christian Robinson,Tina Gordon Chism
114150,Pitch Perfect,Anna Kendrick|Skylar Astin|Brittany Snow|Anna Camp|Rebel Wilson|Ben Platt|Adam Devine|Alexis Knapp|Ester Dean|Hana Mae Lee,Jason Moore,Kay Cannon|Mickey Rapkin
26602,Summer Catch,Freddie Prinze Jr.|Jessica Biel|Fred Ward|Matthew Lillard|Brian Dennehy|Jason Gedrick|Brittany Murphy|Bruce Davison|Marc Blucas,Mike Tollin,Kevin Falls
10223,A Simple Plan,Bill Paxton|Bridget Fonda|Billy Bob Thornton|Brent Briscoe|Chelcie Ross|Gary Cole|Becky Ann Baker|Tom Carey|Jack Walsh,Sam Raimi,Scott B. Smith
16028,They,Laura Regan|Marc Blucas|Ethan Embry|Dagmara Domińczyk|Jon Abrahams|Desiree Zurowski|Alexander Gould|Mark Hildreth|Jonathan Cherry|Jessica Amlee,Robert Harmon,Brendan Hood|Andrea Dietrich
15639,Larry the Cable Guy: Health Inspector,Larry the Cable Guy|Iris Bahr|Tony Hale|David Koechner|Brooke Dillman|Joanna Cassidy|Megyn Price|Tom Hillmann|Kristen Wharton,Trent Cooper,Jonathan Bernstein|James Greer
16112,The Adventures of Elmo in Grouchland,Kevin Clash|Mandy Patinkin|Vanessa Williams|Sonia Manzano|Roscoe Orman|Stephanie D'Abruzzo|Dave Goelz|Joey Mazzarino|Jerry Nelson|Carmen Osbahr,Gary Halvorson,Joey Mazzarino|Mitchell Kriegman
26390,Brooklyn's Finest,Richard Gere|Don Cheadle|Ethan Hawke|Wesley Snipes|Vincent D'Onofrio|Ellen Barkin|Michael Kenneth Williams|Shannon Kane|Brían F. O'Byrne|Will Patton,Antoine Fuqua,Michael C. Martin
27759,55 Days at Peking,Charlton Heston|Ava Gardner|David Niven|Burt Kwouk|Flora Robson|John Ireland|Harry Andrews|Leo Genn|Robert Helpmann|Kurt Kasznar,Nicholas Ray|Guy Green,Bernard Gordon|Philip Yordan
109428,Evil Dead,Jane Levy|Shiloh Fernandez|Lou Taylor Pucci|Jessica Lucas|Elizabeth Blackmore|Jim McLarty|Bruce Campbell|Rupert Degas|Bob Dorian|Ellen Sandweiss,Fede Alvarez,Sam Raimi|Fede Alvarez|Rodo Sayagues
23049,My Life in Ruins,Nia Vardalos|Richard Dreyfuss|Alexis Georgoulis|Alistair McGowan|Harland Williams|Rachel Dratch|Caroline Goodall|Ian Ogilvy|Sophie Stuckey|María Adánez,Donald Petrie,Mike Reiss
9310,American Dreamz,Hugh Grant|Dennis Quaid|Mandy Moore|Willem Dafoe|Chris Klein|Jennifer Coolidge|Sam Golzari|Marcia Gay Harden|Seth Meyers|John Cho,Paul Weitz,Paul Weitz
11411,Superman IV: The Quest for Peace,Christopher Reeve|Margot Kidder|Gene Hackman|Jackie Cooper|Marc McClure|Jon Cryer|Sam Wanamaker|Mariel Hemingway|Mark Pillow|Damian McLawhorn,Sidney J. Furie,Lawrence Konner|Mark Rosenthal|Christopher Reeve|Jerry Siegel|Joe Shuster
16988,How She Move,Rutina Wesley|Dwain Murphy|Boyd Banks|Clé Bennett|Nina Dobrev|Tristan D. Lalla|Shawn Desman|Romina D'Ugo,Ian Iqbal Rashid,Annemarie Morais
7304,Running Scared,Paul Walker|Cameron Bright|Vera Farmiga|Chazz Palminteri|Karel Roden|Johnny Messner|Ivana Miličević|Alex Neuberger|Michael Cudlitz|Bruce Altman,Wayne Kramer,Wayne Kramer
24747,Bobby Jones: Stroke of Genius,Jim Caviezel|Claire Forlani|Jeremy Northam|Malcolm McDowell|Aidan Quinn|Brett Rice|Connie Ray|Devon Gearhart,Rowdy Herrington,Rowdy Herrington|Bill Pryor|Kim Dawson|Tony De Paul
58048,Shanghai Surprise,Madonna|Sean Penn|Paul Freeman|Richard Griffiths|Clyde Kusatsu|Philip Sayer|Kay Tong Lim|Sonserai Lee|Victor Wong|Professor Toru Tanaka,Jim Goddard,John Kohn|Robert Bentley
1491,The Illusionist,Edward Norton|Jessica Biel|Paul Giamatti|Rufus Sewell|Eddie Marsan|Jake Wood|Aaron Taylor-Johnson|Eleanor Tomlinson|Karl Johnson|Vincent Franklin,Neil Burger,Neil Burger|Steven Millhauser
2989,Roar,Tippi Hedren|Melanie Griffith|Jerry Marshall|Kyalo Mativo|Rick Glassey|Steve Miller|Noel Marshall|John Marshall|Zakes Mokae,Noel Marshall,Noel Marshall
10629,Veronica Guerin,Cate Blanchett|Gerard McSorley|Ciarán Hinds|Brenda Fricker|Don Wycherley|Barry Barnes|Simon O'Driscoll|Paul Ronan|Gerry O'Brien|Emmet Bergin,Joel Schumacher,Carol Doyle|Mary Agnes Donoghue
255343,Escobar: Paradise Lost,Benicio del Toro|Josh Hutcherson|Brady Corbet|Claudia Traisac|Carlos Bardem|Ana Girardot|Tenoch Huerta|Laura Londoño|Frank Spano,Andrea Di Stefano,Andrea Di Stefano
4723,Southland Tales,Dwayne Johnson|Seann William Scott|Sarah Michelle Gellar|Mandy Moore|Will Sasso|Jon Lovitz|Beth Grant|Jill Ritchie|Justin Timberlake|Bai Ling,Richard Kelly,Richard Kelly
10800,Dragon Hunters,Vincent Lindon|Patrick Timsit|Philippe Nahon|Amanda Lear|Marie Drion|Jeremy Prevost|Jean-Marc Lentretien|John DiMaggio|Elias Eliot|Jess Harnell,Guillaume Ivernel|Arthur Qwak,Arthur Qwak|Frédéric Lenoir
25763,Damnation Alley,Jan-Michael Vincent|George Peppard|Dominique Sanda|Paul Winfield|Jackie Earle Haley|Kip Niven|Robert Donner|Seamon Glass|Trent Dolan|Mark L. Taylor,Jack Smight,Lukas Heller|Alan Sharp|Roger Zelazny
79694,The Apparition,Ashley Greene|Sebastian Stan|Tom Felton|Julianna Guill|Luke Pasqualino|Rick Gomez|Anna Clark|Melissa Goldberg|Meena Serendib|Suzanne Ford,Todd Lincoln ,Todd Lincoln 
4032,My Girl,Anna Chlumsky|Macaulay Culkin|Dan Aykroyd|Jamie Lee Curtis|Richard Masur|Griffin Dunne|Peter Michael Goetz|Lara Steinick|Anny Nelsen,Howard Zieff,Laurice Elehwany
18615,Fur: An Imaginary Portrait of Diane Arbus,Nicole Kidman|Robert Downey Jr.|Ty Burrell|Harris Yulin|Jane Alexander|Emmy Clarke|Genevieve McCarthy|Boris McGiver|Marceline Hugot|Mary Duffy,Steven Shainberg,Erin Cressida Wilson
10673,Wall Street,Charlie Sheen|Michael Douglas|Martin Sheen|Daryl Hannah|John C. McGinley|Hal Holbrook|Sean Young|Terence Stamp|James Spader|Chuck Pfeiffer,Oliver Stone,Oliver Stone|Stanley Weiser
4584,Sense and Sensibility,Kate Winslet|Emma Thompson|Hugh Grant|Tom Wilkinson|Alan Rickman|Imogen Stubbs|Greg Wise|Hugh Laurie|Imelda Staunton|Robert Hardy,Ang Lee,Emma Thompson|Jane Austen
2977,Becoming Jane,Anne Hathaway|James McAvoy|Julie Walters|James Cromwell|Maggie Smith|Joe Anderson|Lucy Cohu|Laurence Fox|Ian Richardson|Anna Maxwell Martin,Julian Jarrold,Kevin Hood
10760,Sydney White,Amanda Bynes|Sara Paxton|Matt Long|Jeremy Howard|Danny Strong|Jack Carpenter|Crystal Hunt|Adam Hendershott|Samm Levine|John Schneider,Joe Nussbaum,Chad Gomez Creasey
11093,House of Sand and Fog,Jennifer Connelly|Ben Kingsley|Ron Eldard|Frances Fisher|Kim Dickens|Shohreh Aghdashloo|Jonathan Ahdout|Navi Rawat|Kia Jam,Vadim Perelman,Andre Dubus III|Shawn Lawrence Otto|Vadim Perelman
207,Dead Poets Society,Robin Williams|Ethan Hawke|Robert Sean Leonard|Gale Hansen|Josh Charles|Dylan Kussman|Allelon Ruggiero|James Waterston|Norman Lloyd|Kurtwood Smith,Peter Weir,Tom Schulman
8467,Dumb and Dumber,Jim Carrey|Jeff Daniels|Lauren Holly|Teri Garr|Mike Starr|Karen Duffy|Charles Rocket|Victoria Rowell|Brady Bluhm|Cam Neely,Bobby Farrelly|Peter Farrelly,Bobby Farrelly|Peter Farrelly|Bennett Yellin|Kevin Farrell
639,When Harry Met Sally...,Meg Ryan|Billy Crystal|Carrie Fisher|Bruno Kirby|Steven Ford|Lisa Jane Persky|Michelle Nicastro|Gretchen Palmer|Robert Alan Beuth|Harley Jane Kozak,Rob Reiner,Nora Ephron
24226,The Verdict,Paul Newman|Charlotte Rampling|Jack Warden|James Mason|Milo O'Shea|Lindsay Crouse|Edward Binns|Julie Bovasso|Roxanne Hart|James Handy,Sidney Lumet,David Mamet|Sidney Lumet|Barry Reed
9285,Road Trip,Breckin Meyer|Seann William Scott|Amy Smart|Paulo Costanzo|DJ Qualls|Tom Green|Rachel Blanchard|Marla Sucharetza|Anthony Rapp|Andy Dick,Todd Phillips,Todd Phillips|Scot Armstrong
14709,Varsity Blues,James Van Der Beek|Amy Smart|Jon Voight|Paul Walker|Ron Lester|Scott Caan|Ali Larter|Richard Lineback|Thomas F. Duffy|Joe Pichler,Brian Robbins,W. Peter Iliff
74643,The Artist,Jean Dujardin|Bérénice Bejo|John Goodman|James Cromwell|Penelope Ann Miller|Malcolm McDowell|Missi Pyle|Beth Grant|Ed Lauter|Joel Murray,Michel Hazanavicius,Michel Hazanavicius
13788,The Unborn,Odette Annable|Gary Oldman|Meagan Good|Cam Gigandet|Idris Elba|Ethan Cutkosky|Jane Alexander|Atticus Shaffer|James Remar|Carla Gugino,David S. Goyer,David S. Goyer
83666,Moonrise Kingdom,Bruce Willis|Edward Norton|Jared Gilman|Kara Hayward|Bill Murray|Frances McDormand|Bob Balaban|Tilda Swinton|Harvey Keitel|Lucas Hedges,Wes Anderson,Wes Anderson|Roman Coppola
10781,The Texas Chainsaw Massacre: The Beginning,Jordana Brewster|Taylor Handley|Diora Baird|Matt Bomer|R. Lee Ermey|Lew Temple|Andrew Bryniarski|Tim DeZarn|Lee Tergesen|Cyia Batten,Jonathan Liebesman,Sheldon Turner|David J. Schow
318850,The Young Messiah,Adam Greaves-Neal|Sara Lazzaro|Vincent Walsh|Sean Bean|Jonathan Bailey|Isabelle Adriani|Rory Keenan|Dorotea Mercuri|Jarreth J. Merz|Agni Scott,Cyrus Nowrasteh,Anne Rice|Cyrus Nowrasteh|Betsy Giffen Nowrasteh
13908,The Master of Disguise,Dana Carvey|Brent Spiner|Jennifer Esposito|Harold Gould|James Brolin|Austin Wolff|Edie McClurg|Maria Canals-Barrera|Robert Machray|Michael Bailey Smith,Perry Andelin Blake,Dana Carvey|Harris Goldberg
1417,Pan's Labyrinth,Ivana Baquero|Maribel Verdú|Sergi López|Doug Jones|Ariadna Gil|Alex Angulo|Roger Casamajor|Manolo Solo|César Vea|Ivan Massagué,Guillermo del Toro,Guillermo del Toro|Raúl Monge
39180,See Spot Run,Michael Clarke Duncan|David Arquette|Leslie Bibb|Joe Viterelli|Steve Schirripa|Anthony Anderson|Paul Sorvino|Kim Hawthorne|Angus T. Jones,John Whitesell,George Gallo|Gregory Poirier|Craig Titley|Michael Alexander Miller|Dan Baron|Chris Faber|Andrew Deane|Stuart Gibbs
16161,Baby Boy,Tyrese Gibson|Taraji P. Henson|Omar Gooding|Ving Rhames|Snoop Dogg|A.J. Johnson|Angell Conwell|Kareem J. Grimes|Tracey Cherelle Jones|Mo'Nique,John Singleton,John Singleton
49950,The Roommate,Minka Kelly|Leighton Meester|Cam Gigandet|Aly Michalka|Matt Lanter|Danneel Ackles|Kat Graham|Shirley Norris|Nick Bylsma|Lauren Alfano,Christian E. Christiansen,Sonny Mallhi|Chris Bylsma|Nick Bylsma|Richard Robertson
10956,Joe Dirt,David Spade|Brittany Daniel|Dennis Miller|Adam Beach|Jaime Pressly|Fred Ward|Christopher Walken|Kid Rock|Erik Per Sullivan|Caroline Aaron,Dennie Gordon,David Spade|Fred Wolf
9594,Double Impact,Jean-Claude Van Damme|Geoffrey Lewis|Alonna Shaw|Cory Everson|Philip Chan Yan-Kin|Alan Scarfe|Bolo Yeung|Andy Armstrong|Julie Strain|Evan Lurie,Sheldon Lettich,Sheldon Lettich|Jean-Claude Van Damme
4638,Hot Fuzz,Simon Pegg|Nick Frost|Jim Broadbent|Paddy Considine|Rafe Spall|Kevin Eldon|Olivia Colman|Karl Johnson|Bill Bailey|Timothy Dalton,Edgar Wright,Edgar Wright|Simon Pegg
13972,The Women,Cloris Leachman|India Ennenga|Annette Bening|Eva Mendes|Debra Messing|Jada Pinkett Smith|Bette Midler|Candice Bergen|Carrie Fisher|Debi Mazar,Diane English,
5038,Vicky Cristina Barcelona,Scarlett Johansson|Rebecca Hall|Javier Bardem|Penélope Cruz|Christopher Evan Welch|Chris Messina|Patricia Clarkson|Kevin Dunn|Julio Perillán|Juan Queseda,Woody Allen,Woody Allen
13491,Arn: The Knight Templar,Joakim Nätterqvist|Sofia Helin|Stellan Skarsgård|Michael Nyqvist|Mirja Turestedt|Morgan Alling|Sven-Bertil Taube|Bibi Andersson|Gustaf Skarsgård|Simon Callow,Peter Flinth,Jan Guillou|Hans Gunnarsson
10571,Boys and Girls,Freddie Prinze Jr.|Claire Forlani|Jason Biggs|Amanda Detmer|Alyson Hannigan|Brendon Ryan Barrett|Gay Thomas-Wilson|Raquel Beaudene|David Smigelski|Blake Shields,Robert Iscove,Andrew Miller|Andrew Lowery
10994,White Oleander,Alison Lohman|Michelle Pfeiffer|Cole Hauser|Robin Wright|Amy Aquino|John Billingsley|Solomon Burke Jr.|Taryn Manning|Melissa Marsala|James Lashly,Peter Kosminsky,Mary Agnes Donoghue|Janet Fitch
19994,Jennifer's Body,Megan Fox|Amanda Seyfried|Johnny Simmons|Adam Brody|J.K. Simmons|Kyle Gallner|Amy Sedaris|Cynthia Stevenson|Carrie Genzel|Juan Riedinger,Karyn Kusama,Diablo Cody
25166,Drowning Mona,Danny DeVito|Bette Midler|Neve Campbell|Jamie Lee Curtis|Casey Affleck|William Fichtner|Marcus Thomas|Peter Dobson|Kathleen Wilhoite|Tracey Walter,Nick Gomez,Peter Steinfeld
30890,Radio Days,Woody Allen|Mia Farrow|Jeff Daniels|Larry David|Todd Field|Seth Green|Michael Tucker|Julie Kavner|Danny Aiello|Tony Roberts,Woody Allen,Woody Allen
23169,Remember Me,Robert Pattinson|Emilie de Ravin|Pierce Brosnan|Lena Olin|Chris Cooper|Ruby Jerins|Martha Plimpton|Gregory Jbara|Tate Ellington|Kate Burton,Allen Coulter,Will Fetters
17403,How to Deal,Mandy Moore|Trent Ford|Allison Janney|Alexandra Holden|Dylan Baker|Nina Foch|Mary Catherine Garrison|Connie Ray|Mackenzie Astin|Charlotte Sullivan,Clare Kilner,Neena Beber|Sarah Dessen
12120,My Stepmother is an Alien,Dan Aykroyd|Kim Basinger|Jon Lovitz|Alyson Hannigan|Seth Green|Harry Shearer|Juliette Lewis|Ann Prentiss|Tony Jay|Joseph Maher,Richard Benjamin,Herschel Weingrod|Timothy Harris|Jonathan Reynolds
9800,Philadelphia,Tom Hanks|Denzel Washington|Jason Robards|Mary Steenburgen|Antonio Banderas|Ron Vawter|Robert Ridgely|Charles Napier|Lisa Summerour|Obba Babatundé,Jonathan Demme,Ron Nyswaner
1090,The Thirteenth Floor,Craig Bierko|Armin Mueller-Stahl|Gretchen Mol|Vincent D'Onofrio|Dennis Haysbert|Steven Schub|Jeremy Roberts|Rif Hutton|Leon Rippy|Janet MacLachlan,Josef Rusnak,Josef Rusnak|Daniel F. Galouye|Ravel Centeno-Rodriguez
18475,The Cookout,Ja Rule|Tim Meadows|Jenifer Lewis|Jonathan Silverman|Eve|Kevin Phillips,Lance Rivera,
40160,Meteor,Sean Connery|Natalie Wood|Karl Malden|Brian Keith|Martin Landau|Trevor Howard|Henry Fonda|Richard Dysart|Joseph Campanella|Bo Brundin,Ronald Neame,Edmund H. North|Stanley Mann
18074,Duets,Gwyneth Paltrow|Scott Speedman|Maria Bello|Paul Giamatti|Andre Braugher|Huey Lewis,Bruce Paltrow,John Byrum
9689,Hollywood Ending,Woody Allen|George Hamilton|Téa Leoni|Debra Messing|Mark Rydell|Treat Williams|Peter Gerety|Erica Leerhsen|Jodie Markell|Isaac Mizrahi,Woody Allen,Woody Allen
9781,Detroit Rock City,Giuseppe Andrews|James DeBello|Edward Furlong|Sam Huntington|Lin Shaye|Melanie Lynskey|Natasha Lyonne|Shannon Tweed|Emmanuelle Chriqui|Kristin Booth,Adam Rifkin,Carl V. Dupré
8009,Highlander,Christopher Lambert|Roxanne Hart|Clancy Brown|Sean Connery|Beatie Edney|Alan North|Jon Polito|Sheila Gish|Hugh Quarshie|Peter Diamond,Russell Mulcahy,Larry Ferguson|Gregory Widen|Peter Bellwood
3877,Things We Lost in the Fire,Halle Berry|Benicio del Toro|David Duchovny|Alison Lohman|Sarah Dubrovsky|Alexis Llewellyn|Micah Berry|Liam James|Quinn Lord|John Carroll Lynch,Susanne Bier,Allan Loeb
8854,Steel,Shaquille O'Neal|Annabeth Gish|Richard Roundtree|Judd Nelson|Irma P. Hall|Johanna Ray|Harvey Silver|Ray J|Charles Napier|Kerrie Keane,Kenneth Johnson,Kenneth Johnson
152599,The Immigrant,Marion Cotillard|Jeremy Renner|Joaquin Phoenix|Dagmara Domińczyk|Gabriel Rush|Antoni Corone|Deedee Luxe|Angela Sarafyan|Sofia Black-D'Elia,James Gray,James Gray|Ric Menello
18840,The White Countess,Ralph Fiennes|Natasha Richardson|Hiroyuki Sanada|Lynn Redgrave|Vanessa Redgrave|Madeleine Potter|Madeleine Daly|Allan Corduner|John Wood|Lee Pace,James Ivory,Kazuo Ishiguro
68727,Trance,James McAvoy|Vincent Cassel|Rosario Dawson|Matt Cross|Danny Sapani|Tuppence Middleton|Lee Nicholas Harris|Sam Creed|Hamza Jeetooa|Ben Cura,Danny Boyle,John Hodge|Joe Ahearne
12657,Soul Plane,Tom Arnold|Kevin Hart|Method Man|Snoop Dogg|K. D. Aubert|Godfrey|D. L. Hughley|Mo'Nique|Sofía Vergara|John Witherspoon,Jessy Terrero,Chuck Wilson|Bo Zenga
8265,Welcome to the Sticks,Kad Merad|Dany Boon|Zoé Félix|Lorenzo Ausilia-Foret|Anne Marivin|Philippe Duquesne|Guy Lecluyse|Line Renaud|Michel Galabru|Stéphane Freiss,Dany Boon|Nicolas Guy,Alexandre Charlot|Franck Magnier|Dany Boon
12410,Good,Viggo Mortensen|Jason Isaacs|Mark Strong|Steven Mackintosh|Jodie Whittaker,Vicente Amorim,
34647,Enter the Void,Nathaniel Brown|Paz de la Huerta|Cyril Roy|Masato Tanno|Jesse Kuhn|Ed Spear|Emily Alyn Lind|Olly Alexander,Gaspar Noé,Gaspar Noé
73935,Vamps,Alicia Silverstone|Krysten Ritter|Sigourney Weaver|Richard Lewis|Wallace Shawn|Malcolm McDowell|Zak Orth|Marilu Henner|Kristen Johnston|Meredith Scott Lynn,Amy Heckerling,Amy Heckerling
28178,Hachi: A Dog's Tale,Richard Gere|Joan Allen|Jason Alexander|Cary-Hiroyuki Tagawa|Sarah Roemer|Erick Avari|Davenia McFadden|Robbie Sublett|Tora Hallström|Bates Wilder,Lasse Hallström,Stephen P. Lindsey|Jason Mayoh
185567,Zulu,Orlando Bloom|Forest Whitaker|Conrad Kemp|Inge Beckmann|Tinarie Van Wyk-Loots|Regardt van den Bergh|Randall Majiet|Iman Isaacs|Joelle Kayembe|Patrick Lyster,Jérôme Salle,Julien Rappeneau|Jérôme Salle|Caryl Ferey
264656,The Homesman,Hilary Swank|Tommy Lee Jones|Grace Gummer|Meryl Streep|Miranda Otto|Tim Blake Nelson|Hailee Steinfeld|Sonja Richter|David Dencik|John Lithgow,Tommy Lee Jones,Tommy Lee Jones|Glendon Swarthout|Wesley Oliver|Kieran Fitzgerald
35696,Juwanna Mann,"Miguel A. Núñez, Jr.|Vivica A. Fox|Kevin Pollak|Tommy Davidson|Ginuwine|Lil' Kim|Dikembe Mutombo|Vlade Divac|Tyrone Bogues|Rasheed Wallace",Jesse Vaughan,Bradley Allenstein
16351,Ararat,Simon Abkarian|Charles Aznavour|Christopher Plummer|Arsinée Khanjian|David Alpay|Marie-Josée Croze|Elias Koteas|Brent Carver|Max Morrow|Christie MacFadyen,Atom Egoyan,Atom Egoyan
38717,Madison,Jim Caviezel|Jake Lloyd|Mary McCormack|Bruce Dern|Paul Dooley|Brent Briscoe|Mark Fauser|Matt Letscher|Reed Diamond|Chelcie Ross,William Bindley,
18777,Slow Burn,Ray Liotta|LL Cool J|Mekhi Phifer|Jolene Blalock|Chiwetel Ejiofor,Wayne Beach,Wayne Beach|Anthony Walton
2110,Wasabi,Jean Reno|Ryoko Hirosue|Michel Muller|Carole Bouquet|Yoshi Oida|Christian Sinniger|Alexandre Brik|Jean-Marc Montalto|Véronique Balme|Fabio Zenoni,Gérard Krawczyk,Luc Besson
9035,Slither,Nathan Fillion|Don Thompson|Elizabeth Banks|Gregg Henry|Xantha Radley|Michael Rooker|Tania Saulnier|Magda Apanowicz|Dustin Milligan|Zak Ludwig,James Gunn,James Gunn
90,Beverly Hills Cop,Eddie Murphy|Judge Reinhold|John Ashton|Ronny Cox|Paul Reiser|Gilbert R. Hill|Lisa Eilbacher|Steven Berkoff|James Russo|Jonathan Banks,Martin Brest,"Danilo Bach|Daniel Petrie, Jr."
771,Home Alone,Macaulay Culkin|Joe Pesci|Daniel Stern|John Heard|Catherine O'Hara|Roberts Blossom|Devin Ratray|Michael C. Maronna|Hillary Wolf|Angela Goethals,Chris Columbus,John Hughes
12154,Three Men and a Baby,Tom Selleck|Steve Guttenberg|Ted Danson|Nancy Travis|Margaret Colin|Camilla Scott|Philip Bosco|Colin Quinn,Leonard Nimoy,James Orr|Jim Cruickshank|Coline Serreau
9576,Tootsie,Dustin Hoffman|Jessica Lange|Teri Garr|Dabney Coleman|Charles Durning|Bill Murray|Sydney Pollack|George Gaynes|Geena Davis|Doris Belack,Sydney Pollack,Robert Garland|Barry Levinson|Larry Gelbart|Elaine May|Don McGuire|Murray Schisgal
744,Top Gun,Tom Cruise|Kelly McGillis|Val Kilmer|Anthony Edwards|Tom Skerritt|Michael Ironside|John Stockwell|Barry Tubb|Rick Rossovich|Tim Robbins,Tony Scott,Jim Cash|Jack Epps Jr.|Ehud Yonay
146,"Crouching Tiger, Hidden Dragon",Chow Yun-fat|Michelle Yeoh|Zhang Ziyi|Chang Chen|Cheng Pei-Pei|Sihung Lung|Fa Zeng Li|Su Ying Huang|Xian Gao|Yan Hai,Ang Lee,James Schamus|Du Lu Wang|Wang Hui-Ling|Kuo Jung Tsai
14,American Beauty,Kevin Spacey|Annette Bening|Thora Birch|Wes Bentley|Mena Suvari|Chris Cooper|Scott Bakula|Peter Gallagher|Allison Janney|Sam Robards,Sam Mendes,Alan Ball|Tony Chance
45269,The King's Speech,Colin Firth|Geoffrey Rush|Helena Bonham Carter|Guy Pearce|Timothy Spall|Michael Gambon|Jennifer Ehle|Derek Jacobi|Freya Wilson|Ramona Marquez,Tom Hooper,David Seidler
9493,Twins,Arnold Schwarzenegger|Danny DeVito|Kelly Preston|Chloe Webb|David Caruso|Bonnie Bartlett|Trey Wilson|Marshall Bell|Hugh O'Brian|Nehemiah Persoff,Ivan Reitman,Herschel Weingrod|Timothy Harris|William Davies|William Osborne
22556,The Yellow Handkerchief,William Hurt|Maria Bello|Kristen Stewart|Eddie Redmayne|Veronica Russell,Udayan Prasad,Pete Hamill|Erin Dignam
873,The Color Purple,Whoopi Goldberg|Margaret Avery|Danny Glover|Akosua Busia|Oprah Winfrey|Willard E. Pugh|Desreta Jackson|Rae Dawn Chong|Adolph Caesar|Dana Ivey,Steven Spielberg,Menno Meyjes|Alice Walker
33196,Tidal Wave,Park Joong-hoon|Sol Kyung-gu|Uhm Jung-hwa|Ha Ji-won|Lee Briggs|Cheon Bo-geun|Yeo Ho-min|Lee Si-on|Lee Min-ki|Kang Ye-won,Yoon Je-kyoon,Yoon Je-kyoon|Kim Hwi
205596,The Imitation Game,Benedict Cumberbatch|Keira Knightley|Matthew Goode|Rory Kinnear|Allen Leech|Matthew Beard|Charles Dance|Mark Strong|James Northcote|Tom Goodman-Hill,Morten Tyldum,Graham Moore
10765,Private Benjamin,Goldie Hawn|Eileen Brennan|Armand Assante|Robert Webber|Mary Kay Place|Harry Dean Stanton|Albert Brooks|Kopi Sotiropulos,Howard Zieff,Nancy Meyers|Harvey Miller|Charles Shyer
16769,Coal Miner's Daughter,Sissy Spacek|Tommy Lee Jones|Levon Helm|Beverly D'Angelo|William Sanderson|Phyllis Boyens|Bill Anderson Jr.|Foister Dickerson|Malla McCown|Pamela McCown,Michael Apted,Tom Rickman|Loretta Lynn|George Vecsey
33217,Diary of a Wimpy Kid,Zachary Gordon|Robert Capron|Rachael Harris|Steve Zahn|Devon Bostick|Connor Fielding|Owen Fielding|Chloë Grace Moretz|Karan Brar|Grayson Russell,Thor Freudenthal,Jackie Filgo|Jeff Filgo|Gabe Sachs|Jeff Judah|Jeff Kinney
132232,Mama,Jessica Chastain|Nikolaj Coster-Waldau|Megan Charpentier|Isabelle Nélisse|Daniel Kash|Melina Matthews|Morgan McGarry,Andy Muschietti,Neil Cross|Barbara Muschietti|Andy Muschietti
11153,National Lampoon's Vacation,Chevy Chase|Beverly D'Angelo|Imogene Coca|Randy Quaid|Anthony Michael Hall|Miriam Flynn|John Candy|Dana Barron|Eddie Bracken|Brian Doyle-Murray,Harold Ramis,John Hughes
208134,Bad Grandpa,Johnny Knoxville|Jackson Nicoll|Georgina Cates|Spike Jonze|Catherine Keener|Kamber Hejlik|Jack Polick|Grasie Mercedes|Zia Harris,Jeff Tremaine,Spike Jonze|Johnny Knoxville|Fax Bahr|Jeff Tremaine|Adam Small
1165,The Queen,Helen Mirren|Michael Sheen|James Cromwell|Sylvia Syms|Helen McCrory|Paul Barrett|Alex Jennings|Roger Allam|Tim McMullan|Douglas Reith,Stephen Frears,Peter Morgan
4011,Beetlejuice,Geena Davis|Alec Baldwin|Winona Ryder|Michael Keaton|Catherine O'Hara|Jeffrey Jones|Glenn Shadix|Sylvia Sidney|Patrice Martinez|Dick Cavett,Tim Burton,Warren Skaaren|Larry Wilson|Michael McDowell
17202,Why Did I Get Married?,Tyler Perry|Jill Scott|Janet Jackson|Michael Jai White|Malik Yoba|Sharon Leal|Richard T. Jones|Tasha Smith|Kaira Akita,Tyler Perry,Tyler Perry
9587,Little Women,Winona Ryder|Gabriel Byrne|Trini Alvarado|Samantha Mathis|Kirsten Dunst|Claire Danes|Christian Bale|Eric Stoltz|Susan Sarandon|John Neville,Gillian Armstrong,Robin Swicord|Louisa May Alcott
65086,The Woman in Black,Daniel Radcliffe|Ciarán Hinds|Sidney Johnston|Alisa Khazanova|Mary Stockley|Alfie Field|Roger Allam|Sophie Stuckey|Shaun Dooley|Liz White,James Watkins,Jane Goldman|Susan Hill 
10053,When a Stranger Calls,Camilla Belle|Katie Cassidy|Tommy Flanagan|Brian Geraghty|Clark Gregg|Derek de Lint|Kate Jennings Grant|Steve Eastin|Tessa Thompson|David Denman,Simon West,Jake Wade Wall|Steve Feke|Fred Walton
11870,Big Fat Liar,Frankie Muniz|Paul Giamatti|Amanda Bynes|Amanda Detmer|Donald Faison|Lee Majors|Russell Hornsby|Michael Bryan French|Christine Tucci|Alexandra Breckenridge,Shawn Levy,Brian Robbins|Dan Schneider
11778,The Deer Hunter,Robert De Niro|John Cazale|John Savage|Christopher Walken|Meryl Streep|George Dzundza|Rutanya Alda|Pierre Segui|Amy Wright|Richard Kuss,Michael Cimino,Deric Washburn|Michael Cimino
586,Wag the Dog,Dustin Hoffman|Robert De Niro|Anne Heche|Woody Harrelson|Jim Belushi|Denis Leary|Willie Nelson|Andrea Martin|Kirsten Dunst|William H. Macy,Barry Levinson,David Mamet|Larry Beinhart|Hilary Henkin
18736,The Lizzie McGuire Movie,Hilary Duff|Adam Lamberg|Hallie Todd|Robert Carradine|Jake Thomas|Alex Borstein|Yani Gellman|Carly Schroeder|Daniel Escobar|Jody Racicot,Jim Fall,Ed Decter|John J. Strauss|Susan Estelle Jansen
134411,Snitch,Dwayne Johnson|Barry Pepper|Jon Bernthal|Susan Sarandon|Michael Kenneth Williams|Rafi Gavron|Melina Kanakaredes|Nadine Velazquez|Benjamin Bratt|Harold Perrineau,Ric Roman Waugh,Justin Haythe|Ric Roman Waugh
287903,Krampus,Adam Scott|Toni Collette|Allison Tolman|David Koechner|Emjay Anthony|Stefania LaVie Owen|Queenie Samuel|Conchata Ferrell|Luke Hawker|Ivy George,Michael Dougherty,Michael Dougherty|Todd Casey|Zach Shields
9276,The Faculty,Jordana Brewster|Elijah Wood|Clea DuVall|Laura Harris|Josh Hartnett|Shawn Hatosy|Salma Hayek|Famke Janssen|Usher Raymond|Robert Patrick,Robert Rodriguez,Kevin Williamson
15765,What's Love Got to Do with It,Angela Bassett|Laurence Fishburne|Vanessa Bell Calloway|Rae'Ven Larrymore Kelly|Virginia Capers|Khandi Alexander|Jenifer Lewis|Chi McBride|Tina Turner|Barry Shabaka Henley,Brian Gibson,Tina Turner|Kate Lanier
2142,Cop Land,Sylvester Stallone|Harvey Keitel|Ray Liotta|Robert De Niro|Michael Rapaport|Annabella Sciorra|Peter Berg|Robert Patrick|Arthur J. Nascarella|John Spencer,James Mangold,James Mangold
11397,Not Another Teen Movie,Chyler Leigh|Chris Evans|Jaime Pressly|Eric Christian Olsen|Mia Kirshner|Lacey Chabert|Cerina Vincent|Molly Ringwald|Samaire Armstrong|Nectar Rose,Joel Gallen,Buddy Johnson|Phil Beauman|Adam Jay Epstein|Andrew Jacobson|Mike Bender
77016,End of Watch,Jake Gyllenhaal|Michael Peña|Natalie Martinez|Anna Kendrick|David Harbour|Frank Grillo|America Ferrera|Cody Horn|Shondrella Avery|Hugh Daly,David Ayer,David Ayer
11478,The Skulls,Joshua Jackson|Paul Walker|Hill Harper|Leslie Bibb|Christopher McDonald|Steve Harris|William Petersen|Craig T. Nelson|David Asman|Scott Gibson,Rob Cohen,John Pogue
266856,The Theory of Everything,Eddie Redmayne|Felicity Jones|Charlie Cox|Emily Watson|Simon McBurney|David Thewlis|Maxine Peake|Harry Lloyd|Tom Prior|Sophie Perry,James Marsh,Anthony McCarten|Jane Hawking|Dan Maslen
13411,Malibu's Most Wanted,Jamie Kennedy|Taye Diggs|Anthony Anderson|Regina Hall|Blair Underwood|Ryan O'Neal|Bo Derek|Jeffrey Tambor|Kal Penn|Nick Swardson,John Whitesell,Jamie Kennedy|Nick Swardson|Fax Bahr|Adam Small
10564,Where the Heart Is,Natalie Portman|Ashley Judd|Stockard Channing|Joan Cusack|Sally Field|James Frain|Dylan Bruno|Keith David|Ray Prewitt|Laura House,Matt Williams,Lowell Ganz|Billie Letts
947,Lawrence of Arabia,Peter O'Toole|Alec Guinness|Anthony Quinn|Jack Hawkins|Omar Sharif|Claude Rains|Anthony Quayle|José Ferrer|Arthur Kennedy|Donald Wolfit,David Lean,Michael Wilson|Robert Bolt|T.E. Lawrence
24150,Halloween II,Scout Taylor-Compton|Sheri Moon Zombie|Tyler Mane|Chase Wright Vanek|Brad Dourif|Malcolm McDowell|Angela Trimbur|Danielle Harris|Caroline Williams|Howard Hesseman,Rob Zombie,Rob Zombie
228970,Wild,Reese Witherspoon|Laura Dern|Thomas Sadoski|Keene McRae|Michiel Huisman|W. Earl Brown|Gaby Hoffmann|Kevin Rankin|Brian Van Holt|Cliff De Young,Jean-Marc Vallée,Nick Hornby|Cheryl Strayed
18405,The Last House on the Left,Garret Dillahunt|Michael Bowen|Joshua Cox|Riki Lindhome|Aaron Paul|Sara Paxton|Monica Potter|Tony Goldwyn|Martha MacIsaac|Spencer Treat Clark,Dennis Iliadis,Wes Craven|Carl Ellsworth|Adam Alleca
6961,The Wedding Date,Debra Messing|Dermot Mulroney|Amy Adams|Jack Davenport|Jeremy Sheffield|Peter Egan|Sarah Parish|Holland Taylor|Jay Simon|Danielle Lewis,Clare Kilner,Dana Fox
11442,Halloween: Resurrection,Jamie Lee Curtis|Brad Loree|Busta Rhymes|Bianca Kajlich|Katee Sackhoff|Thomas Ian Nicholas|Tyra Banks|Sean Patrick Thomas|Ryan Merriman|Daisy McCrackin,Rick Rosenthal,Larry Brand
2493,The Princess Bride,Cary Elwes|Robin Wright|Mandy Patinkin|André the Giant|Chris Sarandon|Christopher Guest|Wallace Shawn|Peter Falk|Billy Crystal|Fred Savage,Rob Reiner,William Goldman
14047,The Great Debaters,Denzel Washington|Nate Parker|Forest Whitaker|Denzel Whitaker|Kimberly Elise|Jermaine Williams|Gina Ravera|John Heard|Devyn A. Tyler|Trenton McClain Boyd,Denzel Washington,Robert Eisele|Jeffrey Porro
64690,Drive,Ryan Gosling|Carey Mulligan|Bryan Cranston|Albert Brooks|Oscar Isaac|Christina Hendricks|Ron Perlman|Kaden Leos|Jeff Wolfe|James Biberi,Nicolas Winding Refn,Hossein Amini|James Sallis
11132,Confessions of a Teenage Drama Queen,Lindsay Lohan|Adam Garcia|Glenne Headly|Alison Pill|Megan Fox|Barbara Mamabolo|Pedro Miguel Arce|Jessica Barrera,Sara Sugarman,Dyan Sheldon|Gail Parent
17127,The Object of My Affection,Jennifer Aniston|Paul Rudd|Hayden Panettiere|Alan Alda|Allison Janney|John Pankow|Steve Zahn|Nigel Hawthorne|Gabriel Macht|Kevin Carroll,Nicholas Hytner,Wendy Wasserstein|Stephen McCauley
1562,28 Weeks Later,Imogen Poots|Robert Carlyle|Rose Byrne|Jeremy Renner|Harold Perrineau|Catherine McCormack|Idris Elba|Mackintosh Muggleton|Amanda Walker|Shahid Ahmed,Juan Carlos Fresnadillo,Juan Carlos Fresnadillo|Enrique López Lavigne|Rowan Joffe|Jesús Olmo
232679,When the Game Stands Tall,Jim Caviezel|Michael Chiklis|Laura Dern|Clancy Brown|Ser'Darius Blain|Stephan James|Matthew Daddario|Joe Massingill|Matthew Frias|LaJessie Smith,Thomas Carter,David Zelon|Scott Marshall Smith|Neil Hayes
17880,Because of Winn-Dixie,Jeff Daniels|AnnaSophia Robb|Cicely Tyson|Eva Marie Saint|Dave Matthews|Courtney Jines|Elle Fanning|Luke Benward|Nick Price|B.J. Hopper,Wayne Wang,Kate DiCamillo|Joan Singleton
14736,Love & Basketball,"Chris Warren, Jr.|Kyla Pratt|Sanaa Lathan|Omar Epps|Alfre Woodard|Regina Hall|Glenndon Chatman|Jess Willard|Naykia Harris|Harry Lennix",Gina Prince-Bythewood,Gina Prince-Bythewood
9434,Grosse Pointe Blank,John Cusack|Minnie Driver|Dan Aykroyd|Joan Cusack|Alan Arkin|Hank Azaria|Jeremy Piven|Mitchell Ryan|David Barrett|Michael Cudlitz,George Armitage,John Cusack|D.V. DeVincentis|Steve Pink|Tom Jankiewicz
23706,All About Steve,Sandra Bullock|Thomas Haden Church|Bradley Cooper|Ken Jeong|DJ Qualls|Howard Hesseman|Keith David|Beth Grant|Katy Mixon|M.C. Gainey,Phil Traill,Kim Barker
11531,Book of Shadows: Blair Witch 2,Kim Director|Jeffrey Donovan|Erica Leerhsen|Tristine Skyler|Stephen Barker Turner,Joe Berlinger,Daniel Myrick|Eduardo Sánchez
9100,The Craft,Robin Tunney|Fairuza Balk|Neve Campbell|Rachel True|Skeet Ulrich|Christine Taylor|Breckin Meyer|Nathaniel Marston|Cliff DeYoung|Assumpta Serna,Andrew Fleming,Andrew Fleming|Peter Filardi
116,Match Point,Jonathan Rhys Meyers|Scarlett Johansson|Emily Mortimer|Brian Cox|Penelope Wilton|James Nesbitt|Ewen Bremner|Miranda Raison|Margaret Tyzack|Rupert Penry-Jones,Woody Allen,Woody Allen
38843,Ramona and Beezus,Joey King|Selena Gomez|John Corbett|Bridget Moynahan|Ginnifer Goodwin|Josh Duhamel|Sandra Oh|Hutch Dano|Sierra McCormick|Jason Spevack,Elizabeth Allen Rosenbaum,Laurie Craig|Nick Pustay|Beverly Cleary|Adrien van Viersen
1245,The Remains of the Day,Anthony Hopkins|Emma Thompson|James Fox|Christopher Reeve|Hugh Grant|Peter Vaughan|Ben Chaplin|Paula Jacobs|Patrick Godfrey|Michael Lonsdale,James Ivory,Ruth Prawer Jhabvala|Kazuo Ishiguro
4995,Boogie Nights,Mark Wahlberg|Burt Reynolds|John C. Reilly|Julianne Moore|Thomas Jane|Heather Graham|Philip Seymour Hoffman|William H. Macy|Don Cheadle|Luis Guzmán,Paul Thomas Anderson,Paul Thomas Anderson
10413,Nowhere to Run,Jean-Claude Van Damme|Rosanna Arquette|Kieran Culkin|Ted Levine|Tiffany Taubman|Edward Blatchford|Anthony Starke|Joss Ackland|Allan Graf|Leonard Termo,Robert Harmon,Joe Eszterhas|Randy Feldman|Leslie Bohem
14012,Flicka,Tim McGraw|Maria Bello|Armie Hammer|Alison Lohman|Ryan Kwanten|Danny Pino|Dallas Roberts|Kaylee DeFer,Michael Mayer,Lawrence Konner|Mark Rosenthal
9793,The Hills Have Eyes 2,Michael Bailey Smith|Archie Kao|Jay Acovone|Jeff Kober|Philip Pavel|David Reynolds|Tyrell Kemlo|Lee Thompson Young|Daniella Alonso|Eric Edelstein,Martin Weisz,Wes Craven|Jonathan Craven
12212,Urban Legends: Final Cut,Jennifer Morrison|Matthew Davis|Loretta Devine|Hart Bochner|Anthony Anderson|Eva Mendes|Joey Lawrence|Anson Mount|Jessica Cauffiel|Michael Bacall,John Ottman,Scott Derrickson|Paul Harris Boardman
13768,Tuck Everlasting,Alexis Bledel|William Hurt|Sissy Spacek|Jonathan Jackson|Scott Bairstow|Ben Kingsley|Amy Irving|Victor Garber,Jay Russell,
8975,The Marine,John Cena|Kelly Carlson|Robert Patrick|Abigail Bianca|Anthony Ray Parker|Manu Bennett|Jeff Chase|Jerome Ehlers|Firass Dirani|Christopher Morris,John Bonito,Michelle Gallagher|Alan B. McElroy
342521,Keanu,Jordan Peele|Keegan-Michael Key|Tiffany Haddish|Method Man|Darrell Britt-Gibson|Jason Mitchell|Jamar Malachi Neighbors|Luis Guzmán|Will Forte|Nia Long,Peter Atencio,Jordan Peele|Alex Rubens
45272,Country Strong,Gwyneth Paltrow|Garrett Hedlund|Tim McGraw|Leighton Meester|Marshall Chapman|Lari White|Jeremy Childs,Shana Feste,Shana Feste
9424,Disturbing Behavior,James Marsden|Katie Holmes|Nick Stahl|Steve Railsback|Bruce Greenwood|William Sadler|Katharine Isabelle|Derek Hamilton|Terry David Mulligan|Susan Hogan,David Nutter,Scott Rosenberg
97367,The Place Beyond the Pines,Ryan Gosling|Bradley Cooper|Eva Mendes|Dane DeHaan|Emory Cohen|Rose Byrne|Mahershala Ali|Bruce Greenwood|Harris Yulin|Ben Mendelsohn,Derek Cianfrance,Ben Coccio|Derek Cianfrance|Darius Marder
254904,The November Man,Pierce Brosnan|Luke Bracey|Olga Kurylenko|Bill Smitrovich|Amila Terzimehic|Lazar Ristovski|Mediha Musliovic|Eliza Taylor|Caterina Scorsone|Akie Kotabe,Roger Donaldson,Karl Gajdusek|Michael Finch|Bill Granger
18681,Eye of the Beholder,Ewan McGregor|Ashley Judd|Patrick Bergin|k.d. lang|Geneviève Bujold|Jason Priestley|Kaitlin Brown|Anne-Marie Brown|David Nerman|Steven McCarthy,Stephan Elliott,Stephan Elliott|Marc Behm
12162,The Hurt Locker,Jeremy Renner|Anthony Mackie|Brian Geraghty|Guy Pearce|Ralph Fiennes|David Morse|Evangeline Lilly|Christopher Sayegh|Christian Camargo|Suhail Aldabbach,Kathryn Bigelow,Mark Boal
11495,Firestarter,David Keith|Drew Barrymore|Freddie Jones|Heather Locklear|Martin Sheen|George C. Scott|Art Carney|Louise Fletcher|Moses Gunn|Antonio Fargas,Mark L. Lester,Stephen King|Stanley Mann
64689,Killing Them Softly,Brad Pitt|Scoot McNairy|Ben Mendelsohn|James Gandolfini|Ray Liotta|Richard Jenkins|Vincent Curatola|Sam Shepard|Slaine|Max Casella,Andrew Dominik,Andrew Dominik|George V. Higgins
157849,A Most Wanted Man,Philip Seymour Hoffman|Rachel McAdams|Robin Wright|Daniel Brühl|Willem Dafoe|Grigoriy Dobrygin|Nina Hoss|Martin Wuttke|Kostja Ullmann|Rainer Bock,Anton Corbijn,John le Carré|Andrew Bovell
13166,Freddy Got Fingered,Tom Green|Rip Torn|Marisa Coughlan|Eddie Kaye Thomas|Harland Williams|Anthony Michael Hall|Julie Hagerty|Jackson Davies|Connor Widdows|John R. Taylor,Tom Green,Tom Green|Derek Harvie
15511,VeggieTales: The Pirates Who Don't Do Anything,Phil Vischer|Mike Nawrocki|Cam Clarke|Laura Gerow|Yuri Lowenthal|Alan Lee|Cydney Trent|Keri Pisapia|Megan Murphy|Sondra Morton Chaffin,Mike Nawrocki,Phil Vischer
37003,U2 3D,Bono|The Edge|Adam Clayton| Larry Mullen Jr.,Mark Pellington|Catherine Owens,
12211,Highlander: Endgame,Christopher Lambert|Bruce Payne|Adrian Paul|Donnie Yen|Lisa Barbuscia|Beatie Edney,Douglas Aarniokoski,Joel Soisson
13816,Idlewild,André Benjamin|Paula Patton|Terrence Howard|Faizon Love|Malinda Williams|Cicely Tyson|Macy Gray|Ben Vereen|Paula Jai Parker|Bobb'e J. Thompson,Bryan Barber,Bryan Barber
51828,One Day,Anne Hathaway|Jim Sturgess|Patricia Clarkson|Ken Stott|Romola Garai|Rafe Spall|Jodie Whittaker|Tom Mison|Toby Regbo|Matthew Beard,Lone Scherfig,David Nicholls
22798,Whip It,Ellen Page|Alia Shawkat|Kristen Wiig|Drew Barrymore|Shannon Eagen|Landon Pigg|Zoë Bell|Juliette Lewis|Ari Graynor|Sarah Habel,Drew Barrymore,Shauna Cross
7501,Knockaround Guys,Barry Pepper|Andy Davoli|Seth Green|Vin Diesel|John Malkovich|Arthur J. Nascarella|Nicholas Pasco|Shawn Doyle|Kevin Gage|Dennis Hopper,Brian Koppelman|David Levien,Brian Koppelman|David Levien
10743,Confidence,Edward Burns|Rachel Weisz|Morris Chestnut|Dustin Hoffman|Andy García|Robert Forster|Leland Orser|Louis Lombardi|Paul Giamatti|Brian Van Holt,James Foley,Doug Jung
37718,The Muse,Albert Brooks|Sharon Stone|Andie MacDowell|Jeff Bridges|Cybill Shepherd|Jennifer Tilly|Monica Mikala|Jamie Alexis|Catherine MacNeal|Mark Feuerstein,Albert Brooks,Albert Brooks|Monica Mcgowan Johnson
15237,De-Lovely,Kevin Kline|Ashley Judd|Jonathan Pryce|Kevin McNally|Sandra Nelson|Allan Corduner|Peter Polycarpou|Keith Allen|James Wilby|Caroline O'Connor,Irwin Winkler,Jay Cocks
9686,New York Stories,Woody Allen|Marvin Chatinover|Mae Questel|Mia Farrow|Molly Regan|Ira Wheeler|Joan Bud|Jessie Keosian|Michael Rizzo|George Schindler,Francis Ford Coppola|Martin Scorsese|Woody Allen,Francis Ford Coppola|Woody Allen|Sofia Coppola|Richard Price
17644,Barney's Great Adventure,,Steve Gomer,
97430,The Man with the Iron Fists,Russell Crowe|Lucy Liu|Jamie Chung|RZA|Zhu Zhu|Dave Bautista|Cung Le|Rick Yune|Gordon Liu Chia-Hui|Mary Christina Brown,RZA,RZA|Eli Roth
12257,Home Fries,Drew Barrymore|Catherine O'Hara|Luke Wilson|Jake Busey|Shelley Duvall|Kim Robillard|Daryl Mitchell|Chris Ellis,Dean Parisot,Vince Gilligan
13539,Here On Earth,Leelee Sobieski|Chris Klein|Josh Hartnett|Michael Rooker|Annie Corley|Bruce Greenwood|Annette O'Toole|Elaine Hendrix,Mark Piznarski,Michael Seitzman
68,Brazil,Jonathan Pryce|Robert De Niro|Katherine Helmond|Ian Holm|Bob Hoskins|Michael Palin|Ian Richardson|Terry Gilliam|Peter Vaughan|Kim Greist,Terry Gilliam,Terry Gilliam|Tom Stoppard|Charles McKeown
14024,Raise Your Voice,Hilary Duff|Oliver James|David Keith|Johnny Lewis|Rita Wilson|Dana Davis|Lauren C. Mayhew|Kat Dennings|Jason Ritter|Rebecca De Mornay,Sean McNamara,Mitch Rotter|Sam Schreiber
115,The Big Lebowski,Jeff Bridges|John Goodman|Julianne Moore|Steve Buscemi|Philip Seymour Hoffman|David Huddleston|John Turturro|Tara Reid|Sam Elliott|Ben Gazzara,Joel Coen,Joel Coen|Ethan Coen|J. Todd Anderson
7874,Black Snake Moan,"Samuel L. Jackson|Christina Ricci|Justin Timberlake|S. Epatha Merkerson|John Cothran, Jr.|David Banner|Michael Raymond-James|Adriane Lenox|Kim Richards|Neimus K. Williams",Craig Brewer,Craig Brewer
4911,Dark Blue,Kurt Russell|Scott Speedman|Michael Michele|Brendan Gleeson|Ving Rhames|Lolita Davidovich|Dash Mihok|Kurupt|Master P|Marin Hinkle,Ron Shelton,David Ayer|James Ellroy
1988,A Mighty Heart,Angelina Jolie|Dan Futterman|Irrfan Khan|Archie Panjabi|Denis O'Hare|Harvesp Viraf Chiniwala|Azfar Ali|Jillian Armenante|Zachary Coffin|Demetri Goritsas,Michael Winterbottom,Mariane Pearl|John Orloff
16222,Whatever It Takes,Jodi Lyn O'Keefe|Shane West|Marla Sokoloff|James Franco|Aaron Paul|Colin Hanks|Julia Sweeney|Richard Schiff|Kip Pardue|Nick Cannon,David Raynr,Mark Schwahn
9557,Boat Trip,Cuba Gooding Jr.|Horatio Sanz|Roselyn Sánchez|Vivica A. Fox|Maurice Godin|Roger Moore|Victoria Silvstedt|Lin Shaye|Jennifer Gareis|Zen Gesner,Mort Nathan,Mort Nathan|William Bigelow
9026,The Importance of Being Earnest,Rupert Everett|Colin Firth|Reese Witherspoon|Judi Dench|Tom Wilkinson|Frances O'Connor|Anna Massey|Edward Fox|Patrick Godfrey|Charles Kay,Oliver Parker,Oliver Parker|Oscar Wilde
57943,The Love Letter,Campbell Scott|Jennifer Jason Leigh|David Dukes|Estelle Parsons,Dan Curtis,
18276,Hoot,Luke Wilson|Logan Lerman|Brie Larson|Tim Blake Nelson|Cody Linley|Clark Gregg|Kiersten Warren|Neil Flynn|Jessica Cauffiel|Robert Wagner,Wil Shriner,Wil Shriner|Carl Hiaasen
8321,In Bruges,Colin Farrell|Brendan Gleeson|Ralph Fiennes|Clémence Poésy|Thekla Reuten|Jordan Prentice|Elizabeth Berrington|Jérémie Renier|Mark Donovan|Eric Godon,Martin McDonagh,Martin McDonagh
72359,Peeples,Craig Robinson|Kerry Washington|David Alan Grier|S. Epatha Merkerson|Tyler James Williams|Kali Hawk|Diahann Carroll|Melvin Van Peebles|Takako Haywood|Ana Gasteyer,Tina Gordon Chism,Tina Gordon Chism
10186,The Rocker,Rainn Wilson|Josh Gad|Christina Applegate|Emma Stone|Teddy Geiger|Jeff Garlin|Jane Lynch|Jason Sudeikis|Will Arnett|Howard Hesseman,Peter Cattaneo,Wallace Wolodarsky|Maya Forbes
25704,Post Grad,Alexis Bledel|Zach Gilford|Rodrigo Santoro|Jane Lynch|Carol Burnett|Michael Keaton|Fred Armisen|Bobby Coleman|Andrew Daly|Kirk Fox,Vicky Jenson,Kelly Fremon Craig|Darryl Henley
133694,Promised Land,Matt Damon|John Krasinski|Frances McDormand|Rosemarie DeWitt|Lucas Black|Hal Holbrook|Titus Welliver|Tim Guinee|Scoot McNairy|Terry Kinney,Gus Van Sant,Matt Damon|John Krasinski|Dave Eggers
19265,Whatever Works,Larry David|Evan Rachel Wood|Adam Brooks|Michael McKean|Lyle Kanouse|Carolyn McCormick|John Gallagher Jr.|Conleth Hill|Nicole Patrick|Patricia Clarkson,Woody Allen,Woody Allen
36047,The In Crowd,Susan Ward|Lori Heuring|Matthew Settle|Nathan Bexton|Tess Harper|Jay R. Ferguson|Ethan Erickson|Daniel Hugh Kelly|Taylor Negron|Katharine Towne,Mary Lambert,Mark Gibson
8053,The Three Burials of Melquiades Estrada,Tommy Lee Jones|Barry Pepper|Dwight Yoakam|January Jones|Melissa Leo|Julio Cedillo|Levon Helm|Mel Rodriguez|Cecilia Suárez|Ignacio Guadalupe,Tommy Lee Jones,Guillermo Arriaga
2290,Jakob the Liar,Robin Williams|Armin Mueller-Stahl|Hannah Taylor-Gordon|Éva Igó|István Bálint|Justus von Dohnányi|Kathleen Gati|Bob Balaban|Alan Arkin|Michael Jeter,Peter Kassovitz,Jurek Becker|Didier Decoin|Marsha Garces Williams
5236,Kiss Kiss Bang Bang,Robert Downey Jr.|Val Kilmer|Michelle Monaghan|Corbin Bernsen|Dash Mihok|Larry Miller|Rockmond Dunbar|Shannyn Sossamon|Angela Lindvall|Indio Falconer Downey,Shane Black,Shane Black|Brett Halliday
6552,Idle Hands,Devon Sawa|Seth Green|Jessica Alba|Vivica A. Fox|Christopher Hart|Jack Noseworthy|Katie Wright|Sean Whalen|Nicholas Sadler|Elden Henson,Rodman Flender,Terri Hughes|Ron Milbauer
1018,Mulholland Drive,Naomi Watts|Laura Harring|Ann Miller|Dan Hedaya|Justin Theroux|Brent Briscoe|Robert Forster|Katharine Towne|Lee Grant|Scott Coffey,David Lynch,David Lynch
10075,Blood and Chocolate,Agnes Bruckner|Hugh Dancy|Katja Riemann|Olivier Martinez|Bryan Dick|Chris Geere|Jack Wilson|Vitalie Ursu|Tom Harper|Bogdan Voda,Katja von Garnier,Ehren Kruger|Christopher B. Landon|Annette Curtis Klause
38031,You Will Meet a Tall Dark Stranger,Gemma Jones|Anthony Hopkins|Naomi Watts|Josh Brolin|Antonio Banderas|Ewen Bremner|Neil Jackson|Christian McKay|Eleanor Gecks|Roger Ashton-Griffiths,Woody Allen,Woody Allen
42188,Never Let Me Go,Carey Mulligan|Andrew Garfield|Keira Knightley|Domhnall Gleeson|Andrea Riseborough|Charlotte Rampling|Sally Hawkins|Izzy Meikle-Small|Charlie Rowe|Ella Purnell,Mark Romanek,Alex Garland|Kazuo Ishiguro
112430,The Company,Chris O'Donnell|Alfred Molina|Michael Keaton|Rory Cochrane|Alessandro Nivola|Ulrich Thomsen|Natascha McElhone|Alexandra Maria Lara|Simon Callow|Antony Sher,Mikael Salomon,
6687,Transsiberian,Woody Harrelson|Emily Mortimer|Kate Mara|Eduardo Noriega|Thomas Kretschmann|Ben Kingsley|Etienne Chicot|Mac McDonald|Colin Stinton|Perlis Vaisieta,Brad Anderson,Brad Anderson|Will Conroy
13853,The Clan of the Cave Bear,Daryl Hannah|Pamela Reed|James Remar|Thomas G. Waites|John Doolittle|Curtis Armstrong|Martin Doyle|Nicole Eggert|Salome Jens,Michael Chapman,John Sayles|Jean M. Auel
31306,Crazy in Alabama,Melanie Griffith|David Morse|Lucas Black|Cathy Moriarty|Meat Loaf|Rod Steiger|Richard Schiff|John Beasley|Robert Wagner|Noah Emmerich,Antonio Banderas,
8461,Funny Games,Naomi Watts|Tim Roth|Michael Pitt|Brady Corbet|Devon Gearhart|Boyd Gaines|Robert LuPone|Susanne C. Hanke|Linda Moran|Siobhan Fallon,Michael Haneke,Michael Haneke
331592,Listening,Thomas Stroppel|Artie Ahr|Amber Marie Bollinger|Christine Haeberman|Steve Hanks|Buddy Daniels,Khalil Sullins,Khalil Sullins
47692,Felicia's Journey,Bob Hoskins|Elaine Cassidy|Arsinée Khanjian|Peter McDonald|Gerard McSorley|Brid Brennan|Sheila Reid|Nizwar Karanj|Ali Yassine|Kriss Dosanjh,Atom Egoyan,Atom Egoyan|William Trevor
19,Metropolis,Brigitte Helm|Alfred Abel|Gustav Fröhlich|Rudolf Klein-Rogge|Fritz Rasp|Theodor Loos|Erwin Biswanger|Heinrich George|Olaf Storm|Helene Weigel,Fritz Lang,Fritz Lang|Thea von Harbou
10045,District B13,David Belle|Cyril Raffaelli|Tony D'Amario|Dany Verissimo-Petit|Bibi Naceri|Nicolas Woirion|François Chattot|Patrick Olivier|Tarik Boucekhine|Samir Guesmi,Pierre Morel,Luc Besson|Bibi Naceri
400,Things to Do in Denver When You're Dead,Andy García|Christopher Lloyd|William Forsythe|Bill Nunn|Treat Williams|Jack Warden|Steve Buscemi|Fairuza Balk|Gabrielle Anwar|Christopher Walken,Gary Fleder,Scott Rosenberg
253450,The Assassin,Shu Qi|Chang Chen|Nikki Hsieh|Sheu Fang-Yi|Ethan Juan|Tetsuya Komuro|徐帆|Zuo Xiaoqing|Satoshi Tsumabuki|Ni Dahong,Hou Hsiao-hsien,Hou Hsiao-hsien|Chu Tien-Wen|Cheng Ah|Hsieh Hai-Meng
9104,Buffalo Soldiers,Joaquin Phoenix|Ed Harris|Scott Glenn|Anna Paquin|Elizabeth McGovern|Michael Peña|Gabriel Mann|Dean Stockwell|Brian Delate|Shiek Mahmud-Bey,Gregor Jordan,Gregor Jordan|Eric Weiss|Nora Maccoby|Robert O'Connor
11190,The Return,Vladimir Garin|Konstantin Lavronenko|Nataliya Vdovina|Vanya Dobronravov|Yelizaveta Aleksandrova|Lazar Dubovik|Lyubov Kazakova|Galina Petrova|Aleksei Suknovalov|Andrey Sumin,Andrey Zvyagintsev,Vladimir Moiseyenko|Aleksandr Novototsky
16353,Ong Bak 2,Tony Jaa|Sarunyu Wongkrachang|Sorapong Chatree|Primorata Dejudom,Tony Jaa|Panna Rittikrai,Tony Jaa|Panna Rittikrai
23759,Centurion,Michael Fassbender|Olga Kurylenko|David Morrissey|Liam Cunningham|Dominic West|Imogen Poots|Ulrich Thomsen|J. J. Feild|Noel Clarke|Dimitri Leonidas,Neil Marshall,Neil Marshall
24206,Silent Trigger,Dolph Lundgren|Gina Bellman|Conrad Dunn|Christopher Heyerdahl,Russell Mulcahy,Sergio Altieri
10185,The Midnight Meat Train,Bradley Cooper|Vinnie Jones|Brooke Shields|Leslie Bibb|Roger Bart|Ted Raimi|Peter Jacobson|Barbara Eve Harris|Stephanie Mace|Tony Curran,Ryûhei Kitamura,Clive Barker|Jeff Buhler
75033,Winnie Mandela,Elias Koteas|Terrence Howard|Jennifer Hudson|Wendy Crewson|Angelique Pretorius|Karl Thaning|Conrad Kemp|Garth Breytenbach|David Dennis|Mary-Ann Barlow,Darrell James Roodt,Andre Pieterse|Andre Marie du Preez Bezdrob
74536,The Son of No One,Channing Tatum|Al Pacino|Juliette Binoche|Katie Holmes|James Ransone|Ray Liotta|Tracy Morgan|Ursula Parker|Brian Gilbert|Jake Cherry,Dito Montiel,Dito Montiel
31668,All The Queen's Men,Matt LeBlanc|Eddie Izzard|James Cosmo|Nicolette Krebitz|David Tristan Birkin|Edward Fox|Udo Kier|Oliver Korittke|Karl Markovics,Stefan Ruzowitzky,
13501,The Good Night,Penélope Cruz|Martin Freeman|Gwyneth Paltrow|Simon Pegg|Danny DeVito|Sonia Doubell|Steffan Boje|Michael Gambon|Stephen Graham|Juliana Kiehl,Jake Paltrow,Jake Paltrow
15208,Bathory: Countess of Blood,Anna Friel|Karel Roden|Hans Matheson|Vincent Regan|Franco Nero|Bolek Polívka|Deana Horváthová|Julie Dreyfus|Monika Hilmerová|Michaela Drotárová,Juraj Jakubisko,Juraj Jakubisko|Lubomir Feldek|John Paul Chapple
172391,Khumba,Jake T. Austin|Liam Neeson|Steve Buscemi|AnnaSophia Robb|Laurence Fishburne|Richard E. Grant|Loretta Devine|Anika Noni Rose|Catherine Tate|Jennifer Cody,Anthony Silverston,Raffaella Delle Donne|Anthony Silverston
262543,Automata,Antonio Banderas|Birgitte Hjort Sørensen|Dylan McDermott|Robert Forster|Tim McInnerny|Andy Nyman|David Ryall|Andrew Tiernan|Christa Campbell|Christina Tam,Gabe Ibáñez,Gabe Ibáñez|Igor Legarreta|Javier Sánchez Donate
9288,Dungeons & Dragons: Wrath of the Dragon God,Bruce Payne|Mark Dymond|Clemency Burton-Hill|Ellie Chidzey|Tim Stern|Lucy Gaskell|Leonardas Pobedonoscevas,Gerry Lively,Gerry Lively|Robert Kimmel|Brian Rudnick
370980,Chiamatemi Francesco - Il Papa della gente,Rodrigo de la Serna|Sergio Hernández|Àlex Brendemühl|Maximilian Dirr|Mercedes Morán|Andres Gil|Claudio De Davide|Pompeyo Audivert|Paula Baldini|Marco Di Tieri,Daniele Luchetti,Daniele Luchetti|Martín Salinas
20083,Shinjuku Incident,Jackie Chan|Naoto Takenaka|Daniel Wu|Xu Jinglei|Fan Bingbing|Masaya Kato|Tôru Minegishi|Kenya Sawada|Hiroyuki Nagato|Yasuaki Kurata,Derek Yee Tung-Sing,Chun Tin-Nam
40880,Pandaemonium,Linus Roache|John Hannah|Samantha Morton|Emily Woof|Andrea Lowe|Dexter Fletcher|Andy Serkis|Samuel West|Colin McCredie|John Kane,Julien Temple,
137,Groundhog Day,Bill Murray|Andie MacDowell|Chris Elliott|Stephen Tobolowsky|Brian Doyle-Murray|Angela Paton|Rick Ducommun|Rick Overton|Robin Duke|Willie Garson,Harold Ramis,Harold Ramis|Danny Rubin
264999,Magic Mike XXL,Channing Tatum|Matt Bomer|Joe Manganiello|Kevin Nash|Adam Rodríguez|Gabriel Iglesias|Amber Heard|Donald Glover|Stephen Boss|Michael Strahan,Gregory Jacobs,Reid Carolin
454,Romeo + Juliet,Leonardo DiCaprio|Claire Danes|John Leguizamo|Harold Perrineau|Pete Postlethwaite|Paul Sorvino|Brian Dennehy|Vondie Curtis-Hall|Miriam Margolyes|Diane Venora,Baz Luhrmann,Baz Luhrmann|William Shakespeare|Craig Pearce
53457,Sarah's Key,Kristin Scott Thomas|Niels Arestrup|Frédéric Pierrot|Michel Duchaussoy|Dominique Frot|Mélusine Mayance|Natasha Mashkevich|Gisèle Casadesus|Aidan Quinn|Sarah Ber,Gilles Paquet-Brenner,Gilles Paquet-Brenner|Tatiana De Rosnay|Serge Joncour
288980,Freedom,Cuba Gooding Jr.|William Sadler|Sharon Leal|David Rasche|Diane Salinger|John Franchi|Terrence Mann|Phillip Boykin|Michael Goodwin|Tony Sheldon,Peter Cousens,Timothy A. Chey
33,Unforgiven,Clint Eastwood|Gene Hackman|Morgan Freeman|Richard Harris|Jaimz Woolvett|Anna Levine|Saul Rubinek|Frances Fisher|David Mucci|Rob Campbell,Clint Eastwood,David Webb Peoples
1951,Manderlay,Bryce Dallas Howard|Isaach De Bankolé|Danny Glover|Willem Dafoe|Michaël Abiteboul|Lauren Bacall|Jeremy Davies|Udo Kier|Chloë Sevigny|John Hurt,Lars von Trier,Lars von Trier
12405,Slumdog Millionaire,Dev Patel|Freida Pinto|Anil Kapoor|Mia Drake Inderbitzin|Saurabh Shukla|Rajendranath Zutshi|Irrfan Khan|Jeneva Talwar|Ayush Mahesh Khedekar|Mahesh Manjrekar,Danny Boyle,Simon Beaufoy|Vikas Swarup
10998,Fatal Attraction,Michael Douglas|Glenn Close|Anne Archer|Ellen Hamilton Latzen|Jane Krakowski|Fred Gwynne|Stuart Pankin|Ellen Foley|Lois Smith|Meg Mundy,Adrian Lyne,James Dearden
114,Pretty Woman,Julia Roberts|Richard Gere|Ralph Bellamy|Jason Alexander|Héctor Elizondo|Larry Miller|Laura San Giacomo|Alex Hyde-White|Elinor Donahue|Amy Yasbeck,Garry Marshall,J. F. Lawton
9396,Crocodile Dundee II,Paul Hogan|Linda Kozlowski|John Meillon|Ernie Dingo|Charles S. Dutton|Luis Guzmán|Stephen Root|Dennis Boutsikaris|Tatyana Ali|Colin Quinn,John Cornell,Paul Hogan|Brett Hogan
319910,Broken Horses,María Valverde|Vincent D'Onofrio|Thomas Jane|Anton Yelchin|Sean Patrick Flanery|Chris Marquette|Wes Chatham|Sadie Alexandru|Jeremy Luke|Greg Serano,Vidhu Vinod Chopra,Vidhu Vinod Chopra|Abhijat Joshi
2604,Born on the Fourth of July,Tom Cruise|Raymond J. Barry|Caroline Kava|Holly Marie Combs|Kyra Sedgwick|Tom Berenger|Rob Camilletti|Stephen Baldwin|Mark Moses|Vivica A. Fox,Oliver Stone,Oliver Stone|Ron Kovic
864,Cool Runnings,Leon Robinson|Doug E. Doug|Rawle D. Lewis|Malik Yoba|John Candy|Raymond J. Barry|Peter Outerbridge|Paul Coeur|Larry Gilman|Kristoffer Cooper,Jon Turteltaub,Lynn Siefert|Michael Ritchie|Tommy Swerdlow|Michael Goldberg
14435,My Bloody Valentine,Jensen Ackles|Jaime King|Kerr Smith|Betsy Rue|Edi Gathegi|Tom Atkins|Kevin Tighe|Megan Boone|Karen Baum|Joy de la Paz,Patrick Lussier,Todd Farmer|Zane Smith
1931,Stomp the Yard,Columbus Short|Meagan Good|Ne-Yo|Darrin Henson|Jermaine Williams|Chris Brown|Laz Alonso|Brian J. White|Valarie Pettiford|Allan Louis,Sylvain White,Robert Adetuyi
691,The Spy Who Loved Me,Roger Moore|Barbara Bach|Curd Jürgens|Richard Kiel|Caroline Munro|Walter Gotell|Geoffrey Keen|Bernard Lee|George Baker|Michael Billington,Lewis Gilbert,Ian Fleming|Richard Maibaum|Christopher Wood|Vernon Harris
9877,Urban Legend,Alicia Witt|Jared Leto|Rebecca Gayheart|Michael Rosenbaum|Loretta Devine|Tara Reid|John Neville|Joshua Jackson|Julian Richings|Robert Englund,Jamie Blanks,Silvio Horta
62008,Good Deeds,Tyler Perry|Phylicia Rashād|Thandie Newton|Brian J. White|Gabrielle Union|Eddie Cibrian|Rebecca Romijn|Ylian Alfaro Snyder|Jordenn Thompson|Ashley LeConte Campbell,Tyler Perry,Tyler Perry
12227,White Fang,Klaus Maria Brandauer|Ethan Hawke|Seymour Cassel|Susan Hogan|James Remar|Bill Moseley|Clint Youngreen|Pius Savage|Aaron Hotch|Charles Jimmie Sr.,Randal Kleiser,Nick Thiel|Jack London|Jeanne Rosenberg|David Fallon
13824,Superstar,Molly Shannon|Will Ferrell|Elaine Hendrix|Harland Williams|Tom Green|Glynis Johns|Mark McKinney|Jason Blicker|Gerry Bamman|Emmy Laybourne,Bruce McCulloch,Steve Koren
71688,The Iron Lady,Meryl Streep|Anthony Stewart Head|Harry Lloyd|Jim Broadbent|Susan Brown|Alice da Cunha|Phoebe Waller-Bridge|Iain Glen|Alexandra Roach|Victoria Bewick,Phyllida Lloyd,Abi Morgan
15173,Jonah: A VeggieTales Movie,Phil Vischer|Mike Nawrocki|Tim Hodge|Lisa Vischer|Daniel Anderson|Kristin Blegen|Shelby Vischer|Jim Poole|Ron Smith|Sarah Catherine Brooks,Phil Vischer|Mike Nawrocki,Phil Vischer|Mike Nawrocki
8291,Poetic Justice,Janet Jackson|Tupac Amaru Shakur|Regina King|Joe Torry|Tyra Ferrell|Roger Guenveur Smith|Billy Zane|Khandi Alexander|Maya Angelou|Lori Petty,John Singleton,John Singleton|Keenen Ivory Wayans
13950,All About the Benjamins,Ice Cube|Mike Epps|Tommy Flanagan|Carmen Chaplin|Eva Mendes|Roger Guenveur Smith|Oscar Isaac,Kevin Bray,
12158,Vampire in Brooklyn,Eddie Murphy|Angela Bassett|Allen Payne|Kadeem Hardison|John Witherspoon|Zakes Mokae|Joanna Cassidy|W. Earl Brown|Simbi Khali,Wes Craven,Charlie Murphy|Michael Lucker|Chris Parker
11586,Exorcist II: The Heretic,Linda Blair|Richard Burton|Louise Fletcher|Max von Sydow|Kitty Winn|Paul Henreid|James Earl Jones|Ned Beatty|Belinda Beatty|Rose Portillo,John Boorman,William Goodhart
10008,An American Haunting,Donald Sutherland|Sissy Spacek|James D'Arcy|Matthew Marsh|Gaye Brown|Vernon Dobtcheff|Thom Fell|Shauna Shim|Zoe Thorne|Sam Alexander,Courtney Solomon,Courtney Solomon|Brent Monahan
2830,My Boss's Daughter,Ashton Kutcher|Tara Reid|Andy Richter|Jeffrey Tambor|Michael Madsen|Jon Abrahams|David Koechner|Carmen Electra|Molly Shannon|Terence Stamp,David Zucker,David Dorfman
12403,A Perfect Getaway,Milla Jovovich|Timothy Olyphant|Steve Zahn|Chris Hemsworth|Anthony Ruivivar|Kiele Sanchez|Marley Shelton|Wendy Braun|Dale Dickey|Peter 'Navy' Tuiasosopo,David Twohy,David Twohy
34563,Our Family Wedding,Forest Whitaker|America Ferrera|Carlos Mencia|Regina King|Lance Gross|Diana Maria Riva|Lupe Ontiveros|Anjelah N. Johnson|Charlie Murphy|Shannyn Sossamon,Rick Famuyiwa,
14557,Dead Man on Campus,Tom Everett Scott|Mark-Paul Gosselaar|Poppy Montgomery|Lochlyn Munro|Randy Pearlstein|Corey Page|Alyson Hannigan|Mari Morrow|Mark Carapezza|Jeff Tarpley,Alan Cohn,Anthony Abrams|Adam Larson Broder
10368,Tea with Mussolini,Cher|Judi Dench|Joan Plowright|Maggie Smith|Lily Tomlin|Baird Wallace|Charlie Lucas|Massimo Ghini|Paolo Seganti|Claudio Spadaro,Franco Zeffirelli,Franco Zeffirelli|John Mortimer
10280,Thinner,Robert John Burke|Joe Mantegna|Lucinda Jenney|Michael Constantine|Kari Wuhrer|Bethany Joy Lenz|Daniel von Bargen|Stephen King|Ed Wheeler|Walter Bobbie,Tom Holland,Stephen King|Tom Holland
12637,"New York, New York",Liza Minnelli|Robert De Niro|Lionel Stander|Barry Primus|Dick Miller|Mary Kay Place|Shera Danese|Frank Sivero|Don Calfa,Martin Scorsese,Mardik Martin|Earl Mac Rauch
34152,Crooklyn,Alfre Woodard|Delroy Lindo|David Patrick Kelly|Zelda Harris|Carlton Williams|Sharif Rashed|Tse-Mach Washington|Christopher Knowings|José Zúñiga|Isaiah Washington,Spike Lee,Joie Lee|Cinqué Lee
14434,I Think I Love My Wife,Chris Rock|Kerry Washington|Gina Torres|Steve Buscemi|Edward Herrmann|Welker White|Samantha Ivers|Michael Kenneth Williams|Christina Vidal|Eliza Coupe,Chris Rock,Chris Rock|Louis C.K.
11470,Jason X,Kane Hodder|Lexa Doig|Chuck Campbell|Lisa Ryder|David Cronenberg|Markus Parilo|Jonathan Potts|Dov Tiefenbach|Melyssa Ade|Todd Farmer,James Isaac,Todd Farmer
10741,Bobby,Anthony Hopkins|Heather Graham|Ashton Kutcher|Mary Elizabeth Winstead|Helen Hunt|Shia LaBeouf|Harry Belafonte|Joy Bryant|Nick Cannon|Emilio Estevez,Emilio Estevez,Emilio Estevez
24940,Head Over Heels,Monica Potter|Freddie Prinze Jr.|Shalom Harlow|Ivana Miličević|Sarah Murdoch|Tomiko Fraser|China Chow|Stanley DeSantis|Erin-Marie Dykeman|James Kirk,Mark Waters,John J. Strauss
82679,Fun Size,Victoria Justice|Jackson Nicoll|Chelsea Handler|Josh Pence|Jane Levy|Thomas Mann|Thomas McDonell|Ana Gasteyer|Kerri Kenney-Silver|Zoe Aggeliki,Josh Schwartz,Max Werner
2013,The Diving Bell and the Butterfly,Mathieu Amalric|Emmanuelle Seigner|Marie-Josée Croze|Anne Consigny|Patrick Chesnais|Niels Arestrup|Olatz López Garmendia|Jean-Pierre Cassel|Marina Hands|Max von Sydow,Julian Schnabel,Ronald Harwood|Jean-Dominique Bauby
1440,Little Children,Kate Winslet|Patrick Wilson|Jennifer Connelly|Jackie Earle Haley|Noah Emmerich|Gregg Edelman|Phyllis Somerville|Raymond J. Barry|Jane Adams|Ty Simpkins,Todd Field,Todd Field|Tom Perrotta
18041,Gossip,Joshua Jackson|James Marsden|Kate Hudson|Lena Headey|Norman Reedus|Eric Bogosian|Edward James Olmos|Sharon Lawrence|Marisa Coughlan,Davis Guggenheim,Gregory Poirier
28029,A Walk on the Moon,Diane Lane|Viggo Mortensen|Liev Schreiber|Anna Paquin|Tovah Feldshuh|Stewart Bick|Jess Platt|Bobby Boriello|Star Jasper|Ellen David,Tony Goldwyn,Pamela Gray
1123,Catch a Fire,Tim Robbins|Derek Luke|Bonnie Henna|Mncedisi Shabangu|Tumisho Masha|Sithembiso Khumalo|Terry Pheto|Michele Burgers|Mpho Lovinga|Jessica Anstey,Phillip Noyce,Shawn Slovo
14033,Soul Survivors,Eliza Dushku|Melissa Sagemiller|Wes Bentley|Casey Affleck|Angela Featherstone|Luke Wilson|Allen Hamilton|Ken Moreno|Carl Paoli|Barbara E. Robertson,Stephen Carpenter,Stephen Carpenter
87729,Jefferson in Paris,Nick Nolte|Greta Scacchi|Thandie Newton|Gwyneth Paltrow|Jean-Pierre Aumont|Simon Callow|Seth Gilliam|James Earl Jones|Michael Lonsdale|Nancy Marchand,James Ivory,Ruth Prawer Jhabvala
16899,Easy Virtue,Jessica Biel|Ben Barnes|Kristin Scott Thomas|Colin Firth|Kimberley Nixon|Katherine Parkinson|Kris Marshall|Jim McManus|Michael Archer|Charlotte Riley,Stephan Elliott,Noël Coward|Stephan Elliott|Sheridan Jobbins
41317,Caravans,Anthony Quinn|Jennifer O'Neill|Michael Sarrazin|Christopher Lee|Joseph Cotten|Barry Sullivan|Behrouz Vossoughi|Jeremy Kemp|Duncan Quinn,James Fargo,Thomas A. McMahon|James A. Michener|Nancy Voyles Crawford|Lorraine Williams
245700,Mr. Turner,Timothy Spall|Dorothy Atkinson|Marion Bailey|Paul Jesson|Lesley Manville|Martin Savage|Ruth Sheen|David Horovitch|Karl Johnson|Peter Wight,Mike Leigh,Mike Leigh
37842,Wild Grass,André Dussollier|Sabine Azéma|Emmanuelle Devos|Mathieu Amalric|Anne Consigny|Michel Vuillermoz|Annie Cordy|Nicolas Duvauchelle|Roger Pierre|Paul Crauchet,Alain Resnais,Alain Resnais|Laurent Herbiet|Christian Gailly
9045,Amen.,Ulrich Tukur|Mathieu Kassovitz|Ulrich Mühe|Michel Duchaussoy|Marcel Iureș|Ion Caramitru|Friedrich von Thun|Antje Schmidt|Günther Maria Halmer|Hanns Zischler,Costa-Gavras,Costa-Gavras|Rolf Hochhuth|Jean-Claude Grumberg
44092,Reign of Assassins,Michelle Yeoh|Jung Woo-sung|Wang Xue-qi|Barbie Hsu|Shawn Yue|Kelly Lin|Guo Xiaodong|Jiang Yiyan|Leon Dai|Paw Hee-Ching,John Woo|Chao-Bin Su,Chao-Bin Su
16005,The Lucky Ones,Tim Robbins|Rachel McAdams|Michael Peña|Kerry Bishé|Molly Hagan|Mark L. Young|Howard Platt|Arden Myrin|Coburn Goss|John Heard,Neil Burger,Neil Burger|Dirk Wittenborn
44754,Margaret,Anna Paquin|Matt Damon|Mark Ruffalo|Matthew Broderick|Jeannie Berlin|Jean Reno|Kieran Culkin|Olivia Thirlby|John Gallagher Jr.|Rosemarie DeWitt,Kenneth Lonergan,Kenneth Lonergan
23988,Stan Helsing,Diora Baird|Leslie Nielsen|Steve Howey|Kenan Thompson|Tara Wilson|Ben Cotton|Holly Eglington|Ildiko Ferenczi|Desi Lydic|Elysia Rotaru,Bo Zenga,Bo Zenga
43949,Flipped,Madeline Carroll|Callan McAuliffe|Rebecca De Mornay|Anthony Edwards|John Mahoney|Penelope Ann Miller|Aidan Quinn|Kevin Weisman|Morgan Lily|Ryan Ketzner,Rob Reiner,Rob Reiner|Andrew Scheinman|Wendelin Van Draanen
142,Brokeback Mountain,Heath Ledger|Jake Gyllenhaal|Randy Quaid|Michelle Williams|Anne Hathaway|Larry Reese|Valerie Planche|Marty Antonini|Linda Cardellini|Anna Faris,Ang Lee,Diana Ossana|Annie Proulx|Larry McMurtry
9603,Clueless,Alicia Silverstone|Stacey Dash|Brittany Murphy|Paul Rudd|Donald Faison|Elisa Donovan|Breckin Meyer|Jeremy Sisto|Dan Hedaya|Wallace Shawn,Amy Heckerling,Amy Heckerling
10712,Far from Heaven,Julianne Moore|Dennis Quaid|Dennis Haysbert|Patricia Clarkson|Viola Davis|James Rebhorn|Michael Gaston|Celia Weston|June Squibb|Chance Kelly,Todd Haynes,Todd Haynes
243938,Hot Tub Time Machine 2,Rob Corddry|Craig Robinson|Clark Duke|Adam Scott|Chevy Chase|Gillian Jacobs|Bianca Haase|Collette Wolfe|Kumail Nanjiani|Kellee Stewart,Steve Pink,Josh Heald
10876,Quills,Geoffrey Rush|Kate Winslet|Joaquin Phoenix|Michael Caine|Billie Whitelaw|Patrick Malahide|Amelia Warner|Jane Menelaus|Stephen Moyer|Tony Pritchard,Philip Kaufman,Doug Wright
86838,Seven Psychopaths,Colin Farrell|Sam Rockwell|Woody Harrelson|Christopher Walken|Tom Waits|Abbie Cornish|Olga Kurylenko|Zeljko Ivanek|Michael Pitt|Michael Stuhlbarg,Martin McDonagh,Martin McDonagh
25208,The Caveman's Valentine,Samuel L. Jackson|Colm Feore|Ann Magnuson|Aunjanue Ellis|Tamara Tunie|Anthony Michael Hall,Kasi Lemmons,George Dawes Green
613,Downfall,Bruno Ganz|Alexandra Maria Lara|Corinna Harfouch|Ulrich Matthes|Juliane Köhler|Heino Ferch|Christian Berkel|Thomas Kretschmann|Ulrich Noethen|Birgit Minichmayr,Oliver Hirschbiegel,Bernd Eichinger|Joachim Fest|Traudl Junge|Melissa Müller
1913,The Sea Inside,Javier Bardem|Belén Rueda|Lola Dueñas|Joan Dalmau|Josep Maria Pou|Mabel Rivera|Celso Bugallo|Clara Segura|Alberto Jiménez|Tamar Novas,Alejandro Amenábar,Alejandro Amenábar|Mateo Gil|Natalia Montes
97370,Under the Skin,Scarlett Johansson|Kryštof Hádek|Paul Brannigan|Michael Moreland|Scott Dymond|Jeremy McWilliams|Lynsey Taylor Mackay|Dougie McConnell|Kevin McAlinden|D. Meade,Jonathan Glazer,Jonathan Glazer|Walter Campbell|Michel Faber
801,"Good Morning, Vietnam",Robin Williams|Forest Whitaker|Tung Thanh Tran|Chintara Sukapatana|Bruno Kirby|Robert Wuhl|J. T. Walsh|Noble Willingham|Richard Edson|Juney Smith,Barry Levinson,Mitch Markowitz
70829,The Last Godfather,Harvey Keitel|Jason Mewes|Blake Clark|Jon Polito|Paul Hipp|Michael Rispoli|Jocelin Donahue|Logan Shea|Jack Kehler|Debra Mooney,Shim Hyung-Rae,Shim Hyung-Rae
54518,Justin Bieber: Never Say Never,Justin Bieber|Miley Cyrus|Usher Raymond|Jaden Smith|Sean Kingston,Jon M. Chu,
44214,Black Swan,Natalie Portman|Mila Kunis|Vincent Cassel|Barbara Hershey|Winona Ryder|Benjamin Millepied|Ksenia Solo|Kristina Anapau|Janet Montgomery|Sebastian Stan,Darren Aronofsky,Mark Heyman|Andres Heinz|John J. McLaughlin
240,The Godfather: Part II,Al Pacino|Robert Duvall|Diane Keaton|Robert De Niro|John Cazale|Talia Shire|Lee Strasberg|Michael V. Gazzo|G. D. Spradlin|Richard Bright,Francis Ford Coppola,Francis Ford Coppola|Mario Puzo
9816,Save the Last Dance,Julia Stiles|Sean Patrick Thomas|Kerry Washington|Fredro Starr|Terry Kinney|Bianca Lawson|Vince Green|Garland Whitt|Elisabeth Oas|Artel Great,Thomas Carter,Duane Adler|Cheryl Edwards
10131,A Nightmare on Elm Street 4: The Dream Master,Robert Englund|Tuesday Knight|Ken Sagoes|Rodney Eastman|Lisa Wilcox|Andras Jones|Danny Hassel|Brooke Theiss|Toy Newkirk|Nicholas Mele,Renny Harlin,Brian Helgeland|Wes Craven|Jim Wheat|Ken Wheat
339984,Miracles from Heaven,Jennifer Garner|Kylie Rogers|Martin Henderson|Brighton Sharbino|Courtney Fansler|Queen Latifah|Eugenio Derbez|Kelly Collins Lintz|John Carroll Lynch|Brandon Spink,Patricia Riggen,Randy Brown|Christy Beam
8859,"Dude, Where’s My Car?",Ashton Kutcher|Seann William Scott|Kristy Swanson|Jennifer Garner|Marla Sokoloff|David Herman|Hal Sparks|Charlie O'Connell|John Toles-Bey|Christian Middelthon,Danny Leiner,Philip Stark|Paul S. Power
11967,Young Guns,Emilio Estevez|Kiefer Sutherland|Lou Diamond Phillips|Charlie Sheen|Dermot Mulroney|Casey Siemaszko|Terence Stamp|Jack Palance|Terry O'Quinn|Sharon Thomas Cain,Christopher Cain,John Fusco
239563,St. Vincent,Bill Murray|Melissa McCarthy|Naomi Watts|Jaeden Lieberher|Chris O'Dowd|Terrence Howard|Kimberly Quinn|Lenny Venito|Nate Corddry|Dario Barosso,Theodore Melfi,Theodore Melfi
222899,About Last Night,Kevin Hart|Michael Ealy|Regina Hall|Joy Bryant|Christopher McDonald|Paula Patton|Adam Rodríguez|Jovanny Venegas|Joe Lo Truglio|Terrell Owens,Steve Pink,Leslye Headland
4951,10 Things I Hate About You,Heath Ledger|Julia Stiles|Joseph Gordon-Levitt|Larisa Oleynik|David Krumholtz|Andrew Keegan|Susan May Pratt|Gabrielle Union|Larry Miller|Daryl Mitchell,Gil Junger,William Shakespeare|Karen McCullah Lutz|Kirsten Smith
10985,The New Guy,DJ Qualls|Eliza Dushku|Zooey Deschanel|Lyle Lovett|Jerod Mixon|Illeana Douglas|Parry Shen|Kurt Fuller|Julius Carry|M.C. Gainey,Ed Decter,David Kendall
9644,National Lampoon's Loaded Weapon 1,Emilio Estevez|Samuel L. Jackson|Jon Lovitz|Tim Curry|Kathy Ireland|Whoopi Goldberg|William Shatner|Frank McRae|F. Murray Abraham|Richard Moll,Gene Quintano,Gene Quintano|Don Holley
332567,The Shallows,Blake Lively|Óscar Jaenada|Angelo Josue Lozano Corzo|José Manuel Trujillo Salas|Brett Cullen|Sedona Legge|Pablo Calva|Diego Espejel|Janelle Bailey|Ava Dean,Jaume Collet-Serra,Anthony Jaswinski
1954,The Butterfly Effect,Ashton Kutcher|Melora Walters|Amy Smart|Elden Henson|William Lee Scott|Eric Stoltz|Logan Lerman|Ethan Suplee|Nathaniel DeVeaux|Kevin G. Schmidt,Eric Bress|J. Mackye Gruber,Eric Bress|J. Mackye Gruber|Robert Pratt
15489,Snow Day,Chevy Chase|Chris Elliott|Jean Smart|Iggy Pop|Pam Grier|Emmanuelle Chriqui|John Schneider|Schuyler Fisk|Mark Webber|Zena Grey,Chris Koch,Will McRobb|Chris Viscardi
15250,This Christmas,Loretta Devine|Delroy Lindo|Idris Elba|Regina King|Laz Alonso|Lauren London|Chris Brown,Preston A. Whitmore II,Preston A. Whitmore II
22345,Baby Geniuses,Kathleen Turner|Christopher Lloyd|Kim Cattrall|Peter MacNicol|Dom DeLuise|Dan Monahan,Bob Clark,Bob Clark|Greg Michael
9448,The Big Hit,"Mark Wahlberg|Lou Diamond Phillips|Christina Applegate|China Chow|Avery Brooks|Antonio Sabàto, Jr.|Elliott Gould|Lainie Kazan|Bokeem Woodbine|Robin Dunne",Kirk Wong,Ben Ramsey
38223,Harriet the Spy,Michelle Trachtenberg|Rosie O'Donnell|J. Smith-Cameron|Eartha Kitt|Vanessa Lee Chester|Gregory Smith|Robert Joy,Bronwen Hughes,Theresa Rebeck|Douglas Petrie
11186,Child's Play 2,Alex Vincent|Jenny Agutter|Gerrit Graham|Christine Elise|Brad Dourif|Grace Zabriskie|Peter Haskell|Beth Grant|Greg Germann|Raymond Singer,John Lafia,Don Mancini
136835,No Good Deed,Idris Elba|Taraji P. Henson|Leslie Bibb|Kate del Castillo|Henry Simmons|Mirage Moonschein|Kenny Alfonso|Dan Caudill|Tatom Pender|Kelly O'Neal,Sam Miller,Aimee Lagos
5876,The Mist,Thomas Jane|Marcia Gay Harden|Laurie Holden|Andre Braugher|Toby Jones|William Sadler|Jeffrey DeMunn|Frances Sternhagen|Nathan Gamble|Alexa Davalos,Frank Darabont,Stephen King|Frank Darabont
264660,Ex Machina,Domhnall Gleeson|Alicia Vikander|Oscar Isaac|Sonoya Mizuno|Corey Johnson|Claire Selby|Symara A. Templeman|Gana Bayarsaikhan|Tiffany Pisani|Elina Alminas,Alex Garland,Alex Garland
492,Being John Malkovich,John Cusack|Cameron Diaz|Catherine Keener|Charlie Sheen|John Malkovich|Sean Penn|Brad Pitt|Dustin Hoffman|Winona Ryder|Orson Bean,Spike Jonze,Charlie Kaufman
25462,Two Can Play That Game,Vivica A. Fox|Morris Chestnut|Anthony Anderson|Gabrielle Union|Wendy Raquel Robinson|Tamala Jones|Mo'Nique|Bobby Brown|Dondre Whitfield|Ray Wise,Mark Brown,Mark Brown
238603,Earth to Echo,Teo Halm|Astro|Resse Hartwig|Ella Wahlestedt|Jason Gray-Stanford|Algee Smith|Cassius Willis|Sonya Leslie|Kerry O'Malley|Virginia Louise Smith,Dave Green,Andrew Panay|Henry Gayden
10691,Crazy/Beautiful,Kirsten Dunst|Jay Hernandez|Bruce Davison|Herman Osorio|Miguel Castro|Tommy De La Cruz|Rolando Molina|Soledad St. Hilaire|Lucinda Jenney|Taryn Manning,John Stockwell,Phil Hay|Matt Manfredi
1251,Letters from Iwo Jima,Ken Watanabe|Kazunari Ninomiya|Tsuyoshi Ihara|Ryo Kase|Shidou Nakamura|Hiroshi Watanabe|Eijiro Ozaki|Lucas Elliot Eberl|Yuki Matsuzaki|Hiro Abe,Clint Eastwood,Paul Haggis|Iris Yamashita
5172,The Astronaut Farmer,Billy Bob Thornton|Virginia Madsen|Max Thieriot|Jasper Polish|Logan Polish|Jon Gries|Mark Polish|Bruce Dern|Tim Blake Nelson|Sal Lopez,Michael Polish,Mark Polish|Michael Polish
58680,Woo,Jada Pinkett Smith|Tommy Davidson|Duane Martin|Michael Ralph|Darrel Heath|Dave Chappelle|Paula Jai Parker|LL Cool J|Dartanyan Edmonds|Foxy Brown,Daisy von Scherler Mayer,David C. Johnson
264644,Room,Brie Larson|Jacob Tremblay|Joan Allen|Sean Bridgers|William H. Macy|Tom McCamus|Amanda Brugel|Joe Pingue|Cas Anvar|Wendy Crewson,Lenny Abrahamson,Emma Donoghue
14577,Dirty Work,Norm Macdonald|Artie Lange|Jack Warden|Traylor Howard|Don Rickles|Christopher McDonald|Chevy Chase|Chris Farley|Gary Coleman|Kevin Farley,Bob Saget,Norm Macdonald|Frank Sebastiano
11592,Serial Mom,Kathleen Turner|Sam Waterston|Ricki Lake|Matthew Lillard|Traci Lords|Suzanne Somers|Joan Rivers|Mink Stole|Justin Whalin|Mary Jo Catlett,John Waters,John Waters
16406,Dick,Kirsten Dunst|Michelle Williams|Will Ferrell|Dan Hedaya|Bruce McCulloch|Teri Garr|Dave Foley|Jim Breuer|Harry Shearer|Saul Rubinek,Andrew Fleming,Andrew Fleming|Sheryl Longin
19052,Light It Up,Usher Raymond|Vanessa Williams|Forest Whitaker|Rosario Dawson|Robert Ri'chard|Judd Nelson|Fredro Starr|Sara Gilbert|Clifton Collins Jr|Glynn Turman,Craig Bolotin,Craig Bolotin
3682,54,Ryan Phillippe|Salma Hayek|Breckin Meyer|Mike Myers|Neve Campbell|Sherry Stringfield|Sela Ward|Daniel Lapaine|Erika Alexander|Heather Matarazzo,Mark Christopher,Mark Christopher
9683,Bubble Boy,Jake Gyllenhaal|Swoosie Kurtz|Marley Shelton|Danny Trejo|John Carroll Lynch|Verne Troyer|Dave Sheridan|Brian George|Patrick Cranshaw|Stephen Spinella,Blair Hayes,Ken Daurio|Cinco Paul
2084,Birthday Girl,Nicole Kidman|Ben Chaplin|Vincent Cassel|Mathieu Kassovitz|Kate Lynn Evans|Stephen Mangan|Sally Phillips|Alexander Armstrong|Jo McInnes|Ben Miller,Jez Butterworth,Jez Butterworth|Tom Butterworth
107811,21 & Over,Miles Teller|Skylar Astin|Justin Chon|Sarah Wright|Jonathan Keltz|François Chau|Christiann Castellanos|Samantha Futerman|Daniel Booko|Basil Harris,Jon Lucas|Scott Moore,Jon Lucas
2266,"Paris, je t'aime",Steve Buscemi|Natalie Portman|Willem Dafoe|Maggie Gyllenhaal|Axel Kiener|Julie Bataille|Bruno Podalydès|Florence Muller|Fanny Ardant|Leïla Bekhti,Isabel Coixet|Christopher Doyle|Tom Tykwer|Joel Coen|Ethan Coen|Richard LaGravenese|Wes Craven|Gus Van Sant|Vincenzo Natali|Gurinder Chadha|Walter Salles|Alfonso Cuarón|Alexander Payne|Gérard Depardieu|Sylvain Chomet|Bruno Podalydès|Frédéric Auburtin|Olivier Assayas|Nobuhiro Suwa|Oliver Schmitz|Daniela Thomas,
13074,Resurrecting the Champ,Samuel L. Jackson|Josh Hartnett|Alan Alda|Teri Hatcher|Kathryn Morris|Dakota Goyo|Rachel Nichols|Nick Sandow|Kristen Shaw,Rod Lurie,Allison Burnett|Michael Bortman
144340,Admission,Tina Fey|Paul Rudd|Michael Sheen|Lily Tomlin|Wallace Shawn|Nat Wolff|Gloria Reuben|Travaris Spears|Christopher Evan Welch|Sonya Walger,Paul Weitz,Karen Croner
48217,The Widow of Saint-Pierre,Daniel Auteuil|Emir Kusturica|Juliette Binoche|Michel Duchaussoy|Philippe Magnan|Christian Charmetant|Philippe du Janerand|Reynald Bouchard|Ghyslain Tremblay|Marc Béland,Patrice Leconte,Patrice Leconte|Claude Faraldo
28211,Chloe,Julianne Moore|Liam Neeson|Amanda Seyfried|Max Thieriot|R. H. Thomson|Nina Dobrev|Mishu Vellani|Julie Khaner|Laura de Carteret|Tiffany Lyndall-Knight,Atom Egoyan,Anne Fontaine|Erin Cressida Wilson
47502,Faithful,Cher|Chazz Palminteri|Ryan O'Neal|Paul Mazursky|Amber Smith|Elisa Leonetti|Mark Nassar|Stephen Spinella|Jeffrey Wright|Allison Janney,Paul Mazursky,Chazz Palminteri
9950,Find Me Guilty,Vin Diesel|Alex Rocco|Frank Pietrangolare|Richard DeDomenico|Paul Borghese|Vinny Vella|Frank Adonis|Jerry Grayson|Tony Ray Rossi|Peter Dinklage,Sidney Lumet,Sidney Lumet|T.J. Mancini|Robert J. McCrea
84892,The Perks of Being a Wallflower,Logan Lerman|Emma Watson|Ezra Miller|Paul Rudd|Nina Dobrev|Mae Whitman|Erin Wilhelmi|Johnny Simmons|Kate Walsh|Joan Cusack,Stephen Chbosky,Stephen Chbosky
24227,Excessive Force,Thomas Ian Griffith|Lance Henriksen|James Earl Jones|Burt Young|Tony Todd|Antoni Corone|Charlotte Lewis,Jon Hess,Thomas Ian Griffith
9672,Infamous,Sigourney Weaver|Toby Jones|Gwyneth Paltrow|Sandra Bullock|Isabella Rossellini|Peter Bogdanovich|Jeff Daniels|Daniel Craig|Juliet Stevenson|Michael Panes,Douglas McGrath,Douglas McGrath|George Plimpton
44853,The Claim,Peter Mullan|Milla Jovovich|Wes Bentley|Nastassja Kinski|Sarah Polley|Shirley Henderson|Julian Richings,Michael Winterbottom,Frank Cottrell Boyce|Thomas Hardy
157544,The Vatican Tapes,Olivia Taylor Dudley|Michael Peña|Djimon Hounsou|Dougray Scott|Peter Andersson|Kathleen Robertson|John Patrick Amedori|Cas Anvar|Michael Paré,Mark Neveldine,Christopher Borrelli|Michael C. Martin
59678,Attack the Block,Nick Frost|Jodie Whittaker|John Boyega|Luke Treadaway|Flaminia Cinque|Terry Notary|Chris Wilson|Joey Ansah|Adam Leese|Paige Meade,Joe Cornish,Joe Cornish
79777,In the Land of Blood and Honey,Zana Marjanović|Goran Kostić|Branko Đurić|Dzana Pinjo|Miloš Timotijević|Goran Jevtić|Dolya Gavanski|Feđa Štukan|Rade Serbedzija|Nikola Đuričko,Angelina Jolie,Angelina Jolie
158011,The Call,Halle Berry|Abigail Breslin|Morris Chestnut|Michael Imperioli|Ella Rae Peck|Roma Maffia|Steven Williams|Michael Eklund|Justina Machado|José Zúñiga,Brad Anderson,Jon Bokenkamp|Richard D'Ovidio|Nicole D'Ovidio
407887,Operation Chromite,Lee Jung-jae|Liam Neeson|Lee Beom-soo|Jin Se-yeon|Jung Joon-ho|Kim Sun-a|Yoshihiro Akiyama|Park Sung-woong|Park Cheol-min|Kim Byeong-ok,John H. Lee,John H. Lee|Man-hee Lee|Sean Dulake
17043,The Crocodile Hunter: Collision Course,Steve Irwin|Terri Irwin|Magda Szubanski|David Wenham|Lachy Hulme|Aden Young|Kenneth Ransom|Kate Beahan|Steve Bastoni|Steven Vidler,John Stainton,Holly Goldberg Sloan|John Stainton
8952,I Love You Phillip Morris,Jim Carrey|Ewan McGregor|Leslie Mann|Rodrigo Santoro|Brennan Brown|Nicholas Alexander|Tony Bentley|Michael Beasley|Sean Boyd|Marcus Lyle Brown,Glenn Ficarra|John Requa,Glenn Ficarra|John Requa
62204,Quest for Fire,Everett McGill|Ron Perlman|Nicholas Kadi|Rae Dawn Chong|Gary Schwartz|Naseer El-Kadi|Franck-Olivier Bonnet|Jean-Michel Kindt|Kurt Schiegl|Brian Gillin,Jean-Jacques Annaud,Gérard Brach
13435,Antwone Fisher,Derek Luke|Malcolm David Kelley|Cory Hodges|Denzel Washington|Joy Bryant|Salli Richardson-Whitfield|Leonard Earl Howze|Kevin Connolly|Yolanda Ross|Viola Davis,Denzel Washington,Antwone Fisher
17187,The Emperor's Club,Kevin Kline|Emile Hirsch|Embeth Davidtz|Rob Morrow|Edward Herrmann|Helen Carey|Jesse Eisenberg|Paul Dano|Katherine O'Sullivan,Michael Hoffman,Neil Tolkin|Ethan Canin
319,True Romance,Christian Slater|Patricia Arquette|Michael Rapaport|Bronson Pinchot|Gary Oldman|Dennis Hopper|Christopher Walken|Brad Pitt|Tom Sizemore|Samuel L. Jackson,Tony Scott,Quentin Tarantino|Roger Avary
59457,Womb,Eva Green|Matt Smith|Lesley Manville|Peter Wight|István Lénárt|Hannah Murray|Ruby O. Fee|Tristan Christopher|Jesse Hoffmann|Natalia Tena,Benedek Fliegauf,Benedek Fliegauf
9504,Glengarry Glen Ross,Al Pacino|Jack Lemmon|Alec Baldwin|Alan Arkin|Ed Harris|Kevin Spacey|Jonathan Pryce|Bruce Altman|Jude Ciccolella|Paul Butler,James Foley,David Mamet
37414,The Killer Inside Me,Casey Affleck|Kate Hudson|Jessica Alba|Ned Beatty|Tom Bower|Simon Baker|Bill Pullman|Elias Koteas|Liam Aiken,Michael Winterbottom,Michael Winterbottom|Jim Thompson|John Curran
6217,Cat People,Nastassja Kinski|Malcolm McDowell|John Heard|Ruby Dee|Ed Begley Jr.|Scott Paulin|Frankie Faison|Annette O'Toole|Lynn Lowry|John Larroquette,Paul Schrader,Paul Schrader|DeWitt Bodeen|Alan Ormsby
26688,Sorority Row,Rumer Willis|Briana Evigan|Jamie Chung|Leah Pipes|Teri Andrzejewski|Adam Berry|Megan Wolfley|Robert Belushi|Marie Blanchard|Zack Garrett,Stewart Hendler,Josh Stolberg|Mark Rosman|Pete Goldfinger
43867,The Prisoner of Zenda,Ronald Colman|Madeleine Carroll|Raymond Massey|Mary Astor|Douglas Fairbanks Jr.|C. Aubrey Smith|David Niven|Montagu Love|Philip Sleeman|Eleanor Wesselhoeft,John Cromwell|W.S. Van Dyke,John L. Balderston|Anthony Hope|Wells Root|Edward E. Rose
6615,Lars and the Real Girl,Ryan Gosling|Emily Mortimer|Paul Schneider|Kelli Garner|Lauren Ash|Patricia Clarkson|R. D. Reid|Nancy Beatty|Doug Lennox|Joe Bostick,Craig Gillespie,Nancy Oliver
14574,The Boy in the Striped Pyjamas,Asa Butterfield|Jack Scanlon|Vera Farmiga|David Thewlis|Rupert Friend|David Hayman|Amber Beattie|Sheila Hancock|Cara Horgan|Zac Mattoon O'Brien,Mark Herman,Mark Herman|John Boyne
16,Dancer in the Dark,Björk|Catherine Deneuve|David Morse|Peter Stormare|Joel Grey|Cara Seymour|Vladica Kostic|Jean-Marc Barr|Vincent Paterson|Siobhan Fallon,Lars von Trier,Lars von Trier
39780,Oscar and Lucinda,Ralph Fiennes|Cate Blanchett|Ciarán Hinds|Tom Wilkinson|Richard Roxburgh|Christian Manon,Gillian Armstrong,Laura Jones
21612,The Funeral,Christopher Walken|Chris Penn|Annabella Sciorra|Isabella Rossellini|Vincent Gallo|Benicio del Toro|Gretchen Mol|John Ventimiglia|Paul Hipp|Victor Argo,Abel Ferrara,Nicholas St. John
36691,Solitary Man,Michael Douglas|Danny DeVito|Jesse Eisenberg|Susan Sarandon|Mary-Louise Parker|Jenna Fischer|Anastasia Griffith|Imogen Poots|Richard Schiff|Ben Shenkman,Brian Koppelman|David Levien,Brian Koppelman|David Levien
23631,Machete,Danny Trejo|Michelle Rodriguez|Jessica Alba|Robert De Niro|Lindsay Lohan|Cheech Marin|Steven Seagal|Daryl Sabara|Don Johnson|Jeff Fahey,Robert Rodriguez|Ethan Maniquis,Robert Rodriguez|Álvaro Rodríguez
45324,Casino Jack,Kevin Spacey|Kelly Preston|Hannah Endicott-Douglas|Rachelle Lefevre|Barry Pepper|Spencer Garrett|Jon Lovitz|Eric Schweig|Yannick Bisson|Maury Chaykin,George Hickenlooper,Norman Snider
12144,The Land Before Time,Gabriel Damon|Candace Hutson|Judith Barsi|Will Ryan|Pat Hingle|Helen Shaver|Bill Erwin|Burke Byrnes,Don Bluth,Tony Geiss|Judy Freudberg|Stu Krieger
11658,Tae Guk Gi: The Brotherhood of War,Jang Dong-gun|Won Bin|Lee Eun-ju|Gong Hyung-jin|Park Jeong-Woo|Jo Yoon-hee|Choi Min-sik|Lee Young-lan|Ahn Gil-kang|Jang Min-ho,Kang Je-gyu,Kang Je-gyu|Kim Sang-don|Han Ji-hun
56601,The Perfect Game,Clifton Collins Jr|Cheech Marin|Moisés Arias|Emilie de Ravin|Jake T. Austin|Jansen Panettiere|Ryan Ochoa|Gabriel Morales|Carlos Padilla|Tony Revolori,William Dear,W. William Winokur
9552,The Exorcist,Linda Blair|Max von Sydow|Ellen Burstyn|Jason Miller|Lee J. Cobb|Kitty Winn|William O'Malley|Jack MacGowran|Barton Heyman|Peter Masterson,William Friedkin,William Peter Blatty
578,Jaws,Roy Scheider|Robert Shaw|Richard Dreyfuss|Lorraine Gary|Murray Hamilton|Carl Gottlieb|Jeffrey Kramer|Susan Backlinie|Jonathan Filley|Chris Rebello,Steven Spielberg,Peter Benchley|Carl Gottlieb
2105,American Pie,Jason Biggs|Chris Klein|Thomas Ian Nicholas|Alyson Hannigan|Shannon Elizabeth|Tara Reid|Eddie Kaye Thomas|Seann William Scott|Eugene Levy|Natasha Lyonne,Chris Weitz|Paul Weitz,Adam Herz
126319,Ernest & Celestine,Anne-Marie Loop|Lambert Wilson|Pauline Brunner|Patrice Melennec|Brigitte Virtudes|Léonard Louf|Dominique Maurin|Yann Lemadic|Féodor Atkine|Vincent Grass,Stéphane Aubier|Vincent Patar|Benjamin Renner,Daniel Pennac|Gabrielle Vincent
10136,The Golden Child,Eddie Murphy|Charles Dance|Charlotte Lewis|Victor Wong|Peter Kwong|Jasmine Reate|James Hong|Randall 'Tex' Cobb,Michael Ritchie,Dennis Feldman
67660,Think Like a Man,Michael Ealy|Jerry Ferrara|Meagan Good|Regina Hall|Kevin Hart|Taraji P. Henson|Terrence Jenkins|Romany Malco|Gabrielle Union|Jenifer Lewis,Tim Story,Steve Harvey|Keith Merryman|David A. Newman
10611,Barbershop,Ice Cube|Anthony Anderson|Cedric the Entertainer|Sean Patrick Thomas|Eve|DeRay Davis|Troy Garity|Michael Ealy|Keith David|Marcia Wright,Tim Story,Mark Brown|Don D. Scott|Marshall Todd
154,Star Trek II: The Wrath of Khan,William Shatner|Leonard Nimoy|DeForest Kelley|James Doohan|George Takei|Walter Koenig|Nichelle Nichols|Ricardo Montalban|Bibi Besch|Merritt Butrick,Nicholas Meyer,Harve Bennett|Jack B. Sowards
3049,Ace Ventura: Pet Detective,Jim Carrey|Sean Young|Courteney Cox|Tone Loc|Dan Marino|Noble Willingham|Troy Evans|Raynor Scheine|Udo Kier|Frank Adonis,Tom Shadyac,Jim Carrey|Tom Shadyac|Jack Bernstein
860,WarGames,Matthew Broderick|Dabney Coleman|Ally Sheedy|John Wood|Barry Corbin|Juanin Clay|Kent Williams|Dennis Lipscomb|Joe Dorsey|Irving Metzman,John Badham,Walter F. Parkes|Lawrence Lasker
9281,Witness,Harrison Ford|Kelly McGillis|Josef Sommer|Lukas Haas|Jan Rubes|Alexander Godunov|Danny Glover|Brent Jennings|Patti LuPone|Angus MacInnes,Peter Weir,William Kelley|Earl W. Wallace
75674,Act of Valor,Roselyn Sánchez|Emilio Rivera|Nestor Serrano|Gonzalo Menendez|Alexander Asefa|Jeffrey Barnachea|Kenny Calderon|Raul Canizales II|Drea Castro|Sam Cespedes,Mike McCoy|Scott Waugh,Kurt Johnstad
9762,Step Up,Channing Tatum|Jenna Dewan|Damaine Radcliff|De'Shawn Washington|Mario|Drew Sidora|Rachel Griffiths|Josh Henderson|Tim Lacatena|Alyson Stoner,Anne Fletcher,Duane Adler|Melissa Rosenberg
3179,Beavis and Butt-Head Do America,Mike Judge|Bruce Willis|Demi Moore|Robert Stack|Richard Linklater|Richard Linklater|Cloris Leachman|Greg Kinnear|David Letterman|Tony Darling,Mike Judge,Joe Stillman|Mike Judge|John Rice|Ray daSilva
184,Jackie Brown,Pam Grier|Samuel L. Jackson|Robert Forster|Bridget Fonda|Michael Keaton|Robert De Niro|Michael Bowen|Chris Tucker|Lisa Gay Hamilton|Tom Lister Jr.,Quentin Tarantino,Quentin Tarantino|Elmore Leonard
13335,Harold & Kumar Escape from Guantanamo Bay,John Cho|Kal Penn|Neil Patrick Harris|Rob Corddry|Jack Conley|Roger Bart|Eric Winter|Christopher Meloni|Danneel Ackles|Missi Pyle,Jon Hurwitz|Hayden Schlossberg,Jon Hurwitz|Hayden Schlossberg
76726,Chronicle,Dane DeHaan|Alex Russell|Michael B. Jordan|Michael Kelly|Anna Wood|Ashley Hinshaw|Joe Vaz|Luke Tyler|Crystal-Donna Roberts,Josh Trank,Max Landis|Josh Trank
10269,Yentl,Barbra Streisand|Mandy Patinkin|Amy Irving|Nehemiah Persoff|Steven Hill|Miriam Margolyes|Jonathan Tafler,Barbra Streisand,Barbra Streisand|Jack Rosenthal
36819,Time Bandits,Sean Connery|John Cleese|Shelley Duvall|Michael Palin|Ian Holm|Ralph Richardson|Katherine Helmond|Peter Vaughan|David Warner|David Rappaport,Terry Gilliam,Terry Gilliam|Michael Palin
17130,Crossroads,Britney Spears|Zoe Saldana|Taryn Manning|Anson Mount|Dan Aykroyd|Justin Long|Jamie Lynn Spears|Kim Cattrall|Seth Romatelli,Tamra Davis,Shonda Rhimes
57214,Project X,Oliver Cooper|Jonathan Daniel Brown|Thomas Mann|Dax Flame|Kirby Bliss Blanton|Brady Hender|Nick Nervies|Alexis Knapp|Miles Teller|Peter MacKenzie,Nima Nourizadeh,Michael Bacall|Matt Drake
11202,Patton,George C. Scott|Karl Malden|Stephen Young|Michael Strong|Carey Loftin|Albert Dumortier|Frank Latimore|Morgan Paull|Karl Michael Vogler|Bill Hickman,Franklin J. Schaffner,Francis Ford Coppola|Edmund H. North|Ladislas Farago|Omar N. Bradley
9357,One Hour Photo,Robin Williams|Connie Nielsen|Michael Vartan|Erin Daniels|Eriq La Salle|Gary Cole|Dylan Smith|Lee Garlington|Marion Calvert|David Moreland,Mark Romanek,Mark Romanek
13812,Quarantine,Jennifer Carpenter|Steve Harris|Jay Hernandez|Johnathon Schaech|Columbus Short|Andrew Fiscella|Rade Serbedzija|Greg Germann|Bernard White|Dania Ramirez,John Erick Dowdle,John Erick Dowdle|Drew Dowdle
9030,The Eye,Jessica Alba|Alessandro Nivola|Parker Posey|Rade Serbedzija|Fernanda Romero|Obba Babatundé|Danny Mora|Rachel Ticotin|Chloë Grace Moretz|Tamlyn Tomita,David Moreau|Xavier Palud,Sebastian Gutierrez
19084,Johnson Family Vacation,Cedric the Entertainer|Vanessa Williams|Steve Harvey|Shari Headley|Shad Moss|Solange Knowles|Kat Graham|Jason Momoa|Shannon Elizabeth|Aloma Wright,Christopher Erskin,Todd Jones|Earl Richey Jones
8386,How High,Method Man|Redman|Obba Babatundé|Mike Epps|Anna Maria Horsford|Fred Willard|Jeffrey Jones|Héctor Elizondo|Cypress Hill|Essence Atkins,Jesse Dylan,Dustin Lee Abraham
10437,The Muppet Christmas Carol,Michael Caine|Don Austen|Meredith Braun|Don Austen|Ed Sanders|Dave Goelz|Simon Buckley|Craig Crane|John Eccleston|Steven Mackintosh,Brian Henson,Charles Dickens|Jerry Juhl
1360,Frida,Salma Hayek|Alfred Molina|Mía Maestro|Patricia Reyes Spíndola|Diego Luna|Roger Rees|Ashley Judd|Antonio Banderas|Edward Norton|Saffron Burrows,Julie Taymor,Hayden Herrera|Clancy Sigal|Diane Lake|Gregory Nava|Anna Thomas
101267,Katy Perry: Part of Me,Katy Perry|Russell Brand|Shannon Woodward|Rachael Markarian|Mia Moretti|Glen Ballard|Adam Marcello|Casey Hooper|Patrick Matera|Max Hart,Dan Cutforth|Jane Lipsitz,
222935,The Fault in Our Stars,Shailene Woodley|Ansel Elgort|Nat Wolff|Laura Dern|Sam Trammell|Willem Dafoe|Lotte Verbeek|Mike Birbiglia|Ana Dela Cruz|Randy Kovitz,Josh Boone,Scott Neustadter|Michael H. Weber|John Green
10220,Rounders,Matt Damon|John Turturro|Gretchen Mol|Goran Visnjic|Edward Norton|John Malkovich|Famke Janssen|Martin Landau|Mal Z. Lawrence|Paul Cicero,John Dahl,David Levien
284296,Top Five,Chris Rock|Rosario Dawson|J.B. Smoove|Gabrielle Union|Romany Malco|Hayley Marie Norman|Anders Holm|Cedric the Entertainer|Kevin Hart|Adam Sandler,Chris Rock,Chris Rock
31915,Prophecy,Talia Shire|Robert Foxworth|Armand Assante|Richard Dysart|Victoria Racimo|George Clutesi|Tom McFadden|Tom McFadden|Burke Byrnes|Mia Bendixsen,John Frankenheimer,David Seltzer
11601,Stir of Echoes,Kevin Bacon|Kathryn Erbe|Illeana Douglas|Kevin Dunn|Conor O'Farrell|Lusia Strus|Zachary David Cope|Stephen Eugene Walker|Mary Kay Cook|Larry Neumann Jr.,David Koepp,David Koepp|Richard Matheson
205220,Philomena,Judi Dench|Steve Coogan|Sophie Kennedy Clark|Mare Winningham|Barbara Jefford|Ruth McCabe|Peter Hermann|Sean Mahon|Anna Maxwell Martin|Michelle Fairley,Stephen Frears,Steve Coogan|Jeff Pope|Martin Sixsmith
11354,The Upside of Anger,Joan Allen|Kevin Costner|Erika Christensen|Keri Russell|Alicia Witt|Evan Rachel Wood|Mike Binder|Dane Christensen|Tom Harper|Danny Webb,Mike Binder,Mike Binder
16241,The Boys from Brazil,Gregory Peck|Laurence Olivier|James Mason|Lilli Palmer|Uta Hagen|Steve Guttenberg|Denholm Elliott|Rosemary Harris|John Dehner|John Rubinstein,Franklin J. Schaffner,Ira Levin|Heywood Gould
14191,Aquamarine,Emma Roberts|Joanna 'JoJo' Levesque|Sara Paxton|Jake McDorman|Arielle Kebbel|Claudia Karvan|Bruce Spence|Tammin Sursok|Roy Billing|Julia Blake,Elizabeth Allen Rosenbaum,Alice Hoffman|Jessica Bendinger|John Quaintance
286565,Paper Towns,Nat Wolff|Cara Delevingne|Justice Smith|Austin Abrams|Halston Sage|Jaz Sinclair|Cara Buono|Stevie Ray Dallimore|Meg Crosbie|Caitlin Carver,Jake Schreier,Scott Neustadter|Michael H. Weber|John Green
26710,My Baby's Daddy,Eddie Griffin|Anthony Anderson|Michael Imperioli|Method Man|Paula Jai Parker|Bai Ling,Cheryl Dunye,
129670,Nebraska,Bruce Dern|Will Forte|Bob Odenkirk|June Squibb|Stacy Keach|Missy Doty|Rance Howard|Kevin Kunkel|Angela McEwan|Devin Ratray,Alexander Payne,Bob Nelson
9059,Tales from the Crypt: Demon Knight,Billy Zane|William Sadler|Jada Pinkett Smith|Brenda Bakke|CCH Pounder|John Kassir|Dick Miller|Thomas Haden Church|John Schuck|Gary Farmer,Ernest R. Dickerson,Mark Bishop|Ethan Reiff|Cyrus Voris
34549,Max Keeble's Big Move,Alex D. Linz|Zena Grey|Nora Dunn|Larry Miller|Josh Peck|Orlando Brown|Justin Berfield|Jonathan Osser|Cory Hodges|Kyle Sullivan,Tim Hill,Jonathan Bernstein|Mark Blackwell|James Greer
57157,Young Adult,Charlize Theron|Patton Oswalt|Patrick Wilson|Elizabeth Reaser|Collette Wolfe|Jill Eikenberry|Richard Bekins|Brian McElhaney|Mary Beth Hurt|Kate Nowlin,Jason Reitman,Diablo Cody
1948,Crank,Jason Statham|Amy Smart|Jose Pablo Cantillo|Efren Ramirez|Dwight Yoakam|Carlos Sanz|Reno Wilson|Edi Gathegi|Glenn Howerton|Jay Xcala,Brian Taylor|Mark Neveldine,Brian Taylor|Mark Neveldine
28353,Def Jam's How to Be a Player,Bill Bellamy|Lark Voorhies|Bernie Mac|Elise Neal,Lionel C. Martin,Mark Brown
46889,Living Out Loud,Holly Hunter|Danny DeVito|Queen Latifah|Martin Donovan|Rachael Leigh Cook|Richard Schiff|Elias Koteas|Suzanne Shepherd,Richard LaGravenese,Richard LaGravenese
38093,Just Wright,Queen Latifah|Common|Paula Patton|James Pickens Jr.|Phylicia Rashād|Pam Grier|Laz Alonso|Mehcad Brooks|Michael Landes|Lindsay Michelle Nader,Sanaa Hamri,Michael Elliot
14976,Rachel Getting Married,Anne Hathaway|Rosemarie DeWitt|Sebastian Stan|Roslyn Ruff|Bill Irwin|Anna Deavere Smith|Debra Winger|Annaleigh Ashford|Mather Zickel|Tunde Adebimpe,Jonathan Demme,Jenny Lumet
11027,The Postman Always Rings Twice,Jack Nicholson|Jessica Lange|John Colicos|Michael Lerner|Anjelica Huston|John P. Ryan|William Traylor|Jon Van Ness|Brian Farrell|Albert Henderson,Bob Rafelson,David Mamet|James M. Cain
3635,Girl with a Pearl Earring,Scarlett Johansson|Colin Firth|Cillian Murphy|Tom Wilkinson|Judy Parfitt|Essie Davis|Joanna Scanlan|Gabrielle Reidy|Chris McHallem|Alakina Mann,Peter Webber,Tracy Chevalier|Olivia Hetreed
387,Das Boot,Jürgen Prochnow|Herbert Grönemeyer|Klaus Wennemann|Hubertus Bengsch|Martin Semmelrogge|Bernd Tauber|Erwin Leder|Martin May|Heinz Hoenig|Uwe Ochsenknecht,Wolfgang Petersen,Wolfgang Petersen|Lothar G. Buchheim|Dean Riesner
6020,Sorority Boys,Barry Watson|Michael Rosenbaum|Harland Williams|Melissa Sagemiller|Tony Denman|Brad Beyer|Kathryn Stockwood|Heather Matarazzo|Lydia Hull,Wallace Wolodarsky,Joe Jarvis|Greg Coolidge
122906,About Time,Domhnall Gleeson|Rachel McAdams|Bill Nighy|Lydia Wilson|Lindsay Duncan|Richard Cordery|Joshua McGuire|Tom Hollander|Margot Robbie|Will Merrick,Richard Curtis,Richard Curtis
9550,House of Flying Daggers,Takeshi Kaneshiro|Andy Lau|Zhang Ziyi|Song Dandan|Zhao Hongfei|Guo Jun|Zhang Shu|Wang Jiu-Sheng|Zhang Zheng-Yong|Wang Yong-Xin,Zhang Yimou,Zhang Yimou|Feng Li|Wang Bin
60599,Arbitrage,Richard Gere|Susan Sarandon|Tim Roth|Brit Marling|Monica Raymund|Nate Parker|Bruce Altman|Laetitia Casta|Chris Eigeman|Larry Pine,Nicholas Jarecki,Nicholas Jarecki
227719,Project Almanac,Jonny Weston|Virginia Gardner|Sofia Black-D'Elia|Sam Lerner|Allen Evangelista|Amy Landecker|Gary Weeks|Gary Grubbs|Patrick Johnson|Hillary Harley,Dean Israelite,Jason Pagan|Andrew Stark
14299,Cadillac Records,Adrien Brody|Jeffrey Wright|Beyoncé Knowles|Gabrielle Union|Columbus Short|Cedric the Entertainer|Emmanuelle Chriqui|Eamonn Walker|Yasiin Bey|Valence Thomas,Darnell Martin,Darnell Martin
19419,Screwed,Norm Macdonald|Dave Chappelle|Danny DeVito|Elaine Stritch|Daniel Benzali|Sherman Hemsley|Sarah Silverman,Scott Alexander|Larry Karaszewski,Scott Alexander|Larry Karaszewski
12088,Fortress,Christopher Lambert|Kurtwood Smith|Loryn Locklin|Clifton Collins Jr|Jeffrey Combs|Lincoln Kilpatrick|Tom Towles|Vernon Wells|Carolyn Purdy-Gordon|Alan Zitner,Stuart Gordon,Troy Neighbors|Steven Feinberg|David Venable|Terry Curtis Fox
14799,For Your Consideration,Catherine O'Hara|Harry Shearer|Parker Posey|Christopher Moynihan|John Michael Higgins|Carrie Aizley|Eugene Levy|Jane Lynch|Fred Willard|Jennifer Coolidge,Christopher Guest,Christopher Guest|Eugene Levy
9466,Celebrity,Kenneth Branagh|Judy Davis|Joe Mantegna|Leonardo DiCaprio|Charlize Theron|Winona Ryder|Melanie Griffith|Famke Janssen|Bebe Neuwirth|Patti D'Arbanville,Woody Allen,Woody Allen
7510,Running with Scissors,Annette Bening|Brian Cox|Joseph Cross|Joseph Fiennes|Evan Rachel Wood|Alec Baldwin|Jill Clayburgh|Gwyneth Paltrow|Gabrielle Union|Patrick Wilson,Ryan Murphy,Ryan Murphy|Augusten Burroughs
31246,From Justin to Kelly,Kelly Clarkson|Justin Guarini |Brandon Henschel|Greg Siff|Brian Dietzen|Jason Yribar|Justin Gorence|Christopher Bryan|Yamil Piedra|Katherine Bailess,Robert Iscove,Kim Fuller
61752,Girl 6,Theresa Randle|Isaiah Washington|Spike Lee|Jenifer Lewis|Debi Mazar|Peter Berg|Michael Imperioli|Kristen Wilson|Debra Wilson|Naomi Campbell,Spike Lee,Suzan-Lori Parks
10944,In the Cut,Meg Ryan|Mark Ruffalo|Jennifer Jason Leigh|Nick Damici|Heather Litteer|Kevin Bacon,Jane Campion,Jane Campion|Susanna Moore|Stavros Kazantzidis
10362,Two Lovers,Joaquin Phoenix|Gwyneth Paltrow|Isabella Rossellini|Vinessa Shaw|Moni Moshonov|Elias Koteas|Bob Ari|David Ross|Anne Joyce|Elliot Villar,James Gray,James Gray|Ric Menello
14778,Last Orders,Michael Caine|Tom Courtenay|David Hemmings|Bob Hoskins|Helen Mirren|Ray Winstone|J. J. Feild|Cameron Fitch|Nolan Hemmings|Anatol Yusef,Fred Schepisi,
1255,The Host,Song Kang-ho|Park Hae-il|Bae Doona|Ko Ah-sung|Byun Hee-bong|Scott Wilson|Paul Lazar,Bong Joon-ho,Bong Joon-ho|Chul-hyun Baek
45226,The Pursuit of D.B. Cooper,Robert Duvall|Treat Williams|Kathryn Harrold|Ed Flanders|Paul Gleason|R. G. Armstrong|Dorothy Fielding|Howard K. Smith,Roger Spottiswoode,Jeffrey Alan Fiskin|J.D. Reed
10212,Ravenous,Guy Pearce|Robert Carlyle|David Arquette|Jeremy Davies|Neal McDonough|Stephen Spinella|Joseph Runningfox|Bill Brochtrup|Sheila Tousey|Jeffrey Jones,Antonia Bird,Ted Griffin
8669,Charlie Bartlett,Anton Yelchin|Robert Downey Jr.|Hope Davis|Kat Dennings|Tyler Hilton|Mark Rendall|Dylan Taylor|Megan Park|Jonathan Malen|Derek McGrath,Jon Poll,Gustin Nash
179144,The Great Beauty,Toni Servillo|Carlo Verdone|Sabrina Ferilli|Carlo Buccirosso|Iaia Forte|Pamela Villoresi|Galatea Ranzi|Franco Graziosi|Giorgio Pasotti|Massimo Popolizio,Paolo Sorrentino,Paolo Sorrentino|Umberto Contarello
16857,The Dangerous Lives of Altar Boys,Emile Hirsch|Kieran Culkin|Jodie Foster|Vincent D'Onofrio|Jena Malone|Jake Richardson|Melissa McBride,Peter Care,Jeff Stockwell|Michael Petroni|Chris Fuhrman
86825,Stoker,Mia Wasikowska|Nicole Kidman|Matthew Goode|Dermot Mulroney|Jacki Weaver|Lucas Till|Alden Ehrenreich|Phyllis Somerville|Ralph Brown|Judith Godrèche,Park Chan-wook,Wentworth Miller
844,2046,Tony Leung Chiu-Wai|Zhang Ziyi|Faye Wong|Takuya Kimura|Gong Li|Carina Lau|Siu Ping-Lam|Maggie Cheung|Dong Jie|Bird McIntyre,Wong Kar-wai,Wong Kar-wai
8060,Married Life,Chris Cooper|Pierce Brosnan|Patricia Clarkson|Rachel McAdams|David Wenham|Annabel Kershaw|Sheila Paterson|Erin Boyes|Elijah St. Germain|Terence Kelly,Ira Sachs,Oren Moverman|Ira Sachs|John Bingham
15907,Duma,Alex Michaeletos|Campbell Scott|Mary Makhatho|Nthabiseng Kenoshi|Hope Davis|Jennifer Steyn|Nicky Rebello|Javad Ramezani|Eamonn Walker,Carroll Ballard,Karen Janszen|Mark St. Germain|Carol Flint|Carol Cawthra|Carol Cawthra Hopcraft|Xan Hopcraft
38448,Ondine,Colin Farrell|Alicja Bachleda-Curuś|Dervla Kirwan|Alison Barry|Marion O'Dwyer|Tony Curran|Mary O'Shea|Gemma Reeves|Stephen Rea|Norma Sheahan,Neil Jordan,Neil Jordan
327,Brother,Takeshi Kitano|Omar Epps|Claude Maki|Susumu Terajima|Masaya Kato|Royale Watkins|Lombardo Boyar|Ryo Ishibashi|James Shigeta|Tatyana Ali,Takeshi Kitano,Takeshi Kitano
9260,Welcome to Collinwood,William H. Macy|Isaiah Washington|Sam Rockwell|Michael Jeter|Luis Guzmán|George Clooney|Patricia Clarkson|Jennifer Esposito|Andy Davoli|Gabrielle Union,Anthony Russo|Joe Russo,Anthony Russo|Joe Russo
61337,Critical Care,James Spader|Kyra Sedgwick|Helen Mirren|Albert Brooks|Anne Bancroft|Wallace Shawn|Jeffrey Wright|Margo Martindale|Philip Bosco|Edward Herrmann,Sidney Lumet,Steven Schwartz|Richard Dooling
13079,The Life Before Her Eyes,Uma Thurman|Evan Rachel Wood|Eva Amurri Martino|Gabrielle Brennan|Brett Cullen|Oscar Isaac|Jack Gilpin,Vadim Perelman,Emil Stern|Laura Kasischke
89325,Darling Companion,Diane Keaton|Kevin Kline|Sam Shepard|Dianne Wiest|Richard Jenkins|Elisabeth Moss|Mark Duplass|Ayelet Zurer|Jay Ali,Lawrence Kasdan,Lawrence Kasdan|Meg Kasdan
4170,Trade,Kevin Kline|Cesar Ramos|Paulina Gaitán|Alicja Bachleda-Curuś|Marco Pérez|Linda Emond|Zack Ward|Kate del Castillo|Pavel Lychnikoff|Natalia Traven,Marco Kreuzpaintner,José Rivera
41508,Fateless,Marcell Nagy|Béla Dóra|Bálint Péntek|Áron Dimény|Péter Fancsikai|Zsolt Dér|András M. Kecskés|Dani Szabó|Tibor Mertz|Vida Péter,Lajos Koltai,Imre Kertész
12479,Breakfast of Champions,Bruce Willis|Albert Finney|Nick Nolte|Barbara Hershey|Glenne Headly|Lukas Haas|Omar Epps|Owen Wilson|Will Patton|Michael Jai White,Alan Rudolph,Kurt Vonnegut Jr.
44555,"A Woman, a Gun and a Noodle Shop",Sun Honglei|Xiao Shen Yang|Yan Ni|Ni Dahong|Zhao Benshan,Zhang Yimou,Joel Coen|Ethan Coen|Jianquan Shi|Jing Shang
10133,Cypher,Jeremy Northam|Lucy Liu|Nigel Bennett|Timothy Webber|David Hewlett|Kari Matchett|Kristina Nicoll|Joseph Scoren|Stephen Brown|Arnold Pinnock,Vincenzo Natali,Brian King
21345,City of Life and Death,Liu Ye|Gao Yuanyuan|Hideo Nakaizumi|John Paisley|Beverly Peckous,Lu Chuan,Lu Chuan
173931,Legend of a Rabbit,Jon Heder|Tom Arnold|Michael Clarke Duncan|Rebecca Black|Claire Geare,Lijun Sun,
61984,Space Battleship Yamato,Hiroyuki Ikeuchi|Takuya Kimura|Meisa Kuroki|Toshirō Yanagiba|Tsutomu Yamazaki|Kazuki Namioka|Naoto Ogata|Shinichi Tsutsumi|Maiko|Reiko Takashima,Takashi Yamazaki,Leiji Matsumoto|Yoshinobu Nishizaki|Shimako Sato
50601,5 Days of War,Rupert Friend|Val Kilmer|Andy García|Dean Cain|Emmanuelle Chriqui|Heather Graham|Mikko Nousiainen|Richard Coyle|Antje Traue|Rade Serbedzija,Renny Harlin,Mikko Alanne
26466,Triangle,Melissa George|Liam Hemsworth|Emma Lung|Rachael Carpani|Michael Dorman|Joshua McIvor|Henry Nixon|Jack Taylor|Bryan Probets,Christopher Smith,Christopher Smith
345003,10 Days in a Madhouse,Caroline Barry|Christopher Lambert|Kelly LeBrock|Julia Chantrey|Alexandra Callas|Natalia Davidenko|Katie Singleton|Jessa Campbell|Andi Morrow|Everette Scott Ortiz,Timothy Hines,Timothy Hines
236751,Heaven is for Real,Greg Kinnear|Kelly Reilly|Connor Corum|Thomas Haden Church|Jon Ted Wynne|Jacob Vargas|Lane Styles|Darren Felbel|Darcy Fehr|Ali Tataryn,Randall Wallace,Randall Wallace|Chris Parker
107,Snatch,Jason Statham|Brad Pitt|Vinnie Jones|Dennis Farina|Benicio del Toro|Stephen Graham|Alan Ford|Rade Serbedzija|Robbie Gee|Lennie James,Guy Ritchie,Guy Ritchie|Peter Wignall
357837,Dancin' It's On,Witney Carson|Chehon Wespi-Tschopp|Gary Daniels|David Winters|Jordan Clark|Matt Marr|Russell Ferguson|Ava Fabian,David Winters,David A. Prior
8913,Pet Sematary,Dale Midkiff|Fred Gwynne|Denise Crosby|Brad Greenquist|Michael Lombard|Miko Hughes|Blaze Berdahl|Susan Blommaert|Mara Clark|Kavi Raz,Mary Lambert,Stephen King
13889,Madadayo,Tatsuo Matsumura|Kyôko Kagawa|Hisashi Igawa|George Tokoro|Masayuki Yui|Akira Terao|Takeshi Kusaka|Asei Kobayashi|Hidetaka Yoshioka|Yoshitaka Zushi,Akira Kurosawa,Akira Kurosawa
18530,The Cry of the Owl,Paddy Considine|Julia Stiles|Caroline Dhavernas|James Gilbert|Karl Pruner|Krista Bridges|Charlotte Sullivan|Phillip MacKenzie|Gord Rand|Alex Karzis,Jamie Thraves,Patricia Highsmith|Jamie Thraves
358451,A Tale of Three Cities,Lau Ching-Wan|Tang Wei|Qin Hailu|Jing Boran ,Mabel Cheung,Mabel Cheung|Alex Law
927,Gremlins,Zach Galligan|Phoebe Cates|Hoyt Axton|Polly Holliday|Dick Miller|Keye Luke|Belinda Balaski|Scott Brady|Judge Reinhold|John Louie,Joe Dante,Chris Columbus
11,Star Wars,Mark Hamill|Harrison Ford|Carrie Fisher|Peter Cushing|Alec Guinness|Anthony Daniels|Kenny Baker|Peter Mayhew|David Prowse|James Earl Jones,George Lucas,George Lucas
291870,Dirty Grandpa,Zac Efron|Robert De Niro|Julianne Hough|Aubrey Plaza|Dermot Mulroney|Zoey Deutch|Adam Pally|Mo Collins|Henry Zebrowski|Danny Glover,Dan Mazer,John Phillips
907,Doctor Zhivago,Omar Sharif|Julie Christie|Geraldine Chaplin|Rod Steiger|Alec Guinness|Siobhán McKenna|Ralph Richardson|Gérard Tichy|Noel Willman|Jack MacGowran,David Lean,Robert Bolt|Boris Pasternak|Hugh Miller
206563,Trash,Rickson Tevez|Eduardo Luis|Gabriel Weinstein|Rooney Mara|Selton Mello|Wagner Moura|Jesuíta Barbosa|Martin Sheen|André Ramiro|Stepan Nercessian,Stephen Daldry,Richard Curtis|Andy Mulligan
11887,High School Musical 3: Senior Year,"Zac Efron|Vanessa Hudgens|Ashley Tisdale|Lucas Grabeel|Corbin Bleu|Monique Coleman|Justin Martin|Chris Warren, Jr.|Olesya Rulin|Matt Prokop",Kenny Ortega,Peter Barsocchini
45317,The Fighter,Mark Wahlberg|Christian Bale|Amy Adams|Melissa Leo|Mickey O'Keefe|Dendrie Taylor|Jack McGee|Bianca Hunter|Erica McDermott|Jenna Lamia,David O. Russell,Scott Silver|Paul Tamasy|Eric Johnson|Keith Dorrington
12094,Jackass Number Two,Johnny Knoxville|Bam Margera|Steve-O|Chris Pontius|Ryan Dunn|Dave England|Jason Acuña|Preston Lacy|Ehren McGhehey|Brandon DiCamillo,Jeff Tremaine,Jeff Tremaine
10377,My Cousin Vinny,Joe Pesci|Ralph Macchio|Marisa Tomei|Mitchell Whitfield|Fred Gwynne|Bruce McGill|Lane Smith|Austin Pendleton|Raynor Scheine|James Rebhorn,Jonathan Lynn,Dale Launer
249164,If I Stay,Chloë Grace Moretz|Jamie Blackley|Liana Liberato|Mireille Enos|Stacy Keach|Gabrielle Rose|Joshua Leonard|Jakob Davies|Ali Milner|Aisha Hinds,R.J. Cutler,Shauna Cross|Gayle Forman
256092,Drive Hard,Thomas Jane|John Cusack|Zoe Ventoura|Damien Garvey|Christopher Morris|Yesse Spence|Andrew Buchanan|Julie Brandt-Richards|Nyawuda Chuol|Sam Cotton,Brian Trenchard-Smith,Chad Law|Evan Law|Brigitte Jean Allen
9942,Major League,Tom Berenger|Charlie Sheen|Corbin Bernsen|Margaret Whitton|James Gammon|Rene Russo|Wesley Snipes|Charles Cyphers|Chelcie Ross|Dennis Haysbert,David S. Ward,David S. Ward
10748,St. Trinian's,Talulah Riley|Rupert Everett|Gemma Arterton|Colin Firth|Lena Headey|Jodie Whittaker|Russell Brand|Anna Chancellor|Juno Temple|Tamsin Egerton,Barnaby Thompson|Oliver Parker,Piers Ashworth|Nick Moorcroft
1817,Phone Booth,Colin Farrell|Kiefer Sutherland|Forest Whitaker|Radha Mitchell|Katie Holmes|Paula Jai Parker|Domenick Lombardozzi|James MacDonald|Ben Foster,Joel Schumacher,Larry Cohen
10229,A Walk to Remember,Mandy Moore|Shane West|Peter Coyote|Daryl Hannah|Lauren German|Clayne Crawford|Paz de la Huerta|Matt Lutz|Al Thompson|Jonathan Parks Jordan,Adam Shankman,Shane West|Karen Janszen|Nicholas Sparks
687,Dead Man Walking,Susan Sarandon|Sean Penn|Robert Prosky|Raymond J. Barry|R. Lee Ermey|Celia Weston|Lois Smith|Scott Wilson|Roberta Maxwell|Margo Martindale,Tim Robbins,Tim Robbins|Helen Prejean|Brick Mason
796,Cruel Intentions,Sarah Michelle Gellar|Ryan Phillippe|Reese Witherspoon|Selma Blair|Louise Fletcher|Joshua Jackson|Eric Mabius|Sean Patrick Thomas|Christine Baranski|Alaina Reed Hall,Roger Kumble,Roger Kumble|Choderlos de Laclos
22804,Saw VI,Tobin Bell|Costas Mandylor|Betsy Russell|Mark Rolston|Peter Outerbridge|Shawnee Smith|George Newbern|James Gilbert|Athena Karkanis|Tanedra Howard,Kevin Greutert,Patrick Melton|Marcus Dunstan
10156,History of the World: Part I,Mel Brooks|Dom DeLuise|Madeline Kahn|Harvey Korman|Cloris Leachman|Ron Carey|Gregory Hines|Pamela Stephenson|Shecky Greene|Sid Caesar,Mel Brooks,Mel Brooks
12837,The Secret Life of Bees,Dakota Fanning|Queen Latifah|Jennifer Hudson|Sophie Okonedo|Alicia Keys|Sharon Conley|Paul Bettany|Tristan Mack Wilds|Hilarie Burton|Emily Alyn Lind,Gina Prince-Bythewood,Gina Prince-Bythewood|Sue Monk Kidd
17708,Corky Romano,Chris Kattan|Vinessa Shaw|Peter Falk|Peter Berg|Chris Penn|Fred Ward|Richard Roundtree|Roger Fan|Dave Sheridan|Michael Massee,Rob Pritts,Jason Ward|David Garrett
13937,Raising Cain,John Lithgow|Lolita Davidovich|Steven Bauer|Frances Sternhagen|Gregg Henry|Tom Bower|Mel Harris|Teri Austin|Gabrielle Carteris|Barton Heyman,Brian De Palma,Brian De Palma
28932,F.I.S.T.,Sylvester Stallone|Rod Steiger|Peter Boyle|Melinda Dillon|David Huffman|Tony Lo Bianco|James Karen|Brian Dennehy|Frank McRae|Richard Herd,Norman Jewison,Joe Eszterhas
31909,Invaders from Mars,Karen Black|Hunter Carson|Timothy Bottoms|Laraine Newman|James Karen|Bud Cort|Louise Fletcher|Eric Pierpoint|Christopher Allport|Virginya Keehne,Tobe Hooper,Dan O'Bannon|Don Jakoby|Richard Blake
167073,Brooklyn,Saoirse Ronan|Domhnall Gleeson|Emory Cohen|Jim Broadbent|Julie Walters|Fiona Glascott|Jane Brennan|Brid Brennan|Jessica Paré|Emily Bett Rickards,John Crowley,Nick Hornby|Colm Tóibín
3175,Barry Lyndon,Ryan O'Neal|Marisa Berenson|Hardy Krüger|Diana Körner|Frank Middlemass|Arthur O'Sullivan|Godfrey Quigley|Leonard Rossiter|Philip Stone|Patrick Magee,Stanley Kubrick,Stanley Kubrick|William Makepeace Thackeray
14369,Out Cold,Jason London|Lee Majors|Zach Galifianakis|Victoria Silvstedt|David Koechner|Willie Garson|A.J. Cook|Caroline Dhavernas|Flex Alexander|Derek Hamilton,Brendan Malloy|Emmett Malloy,Jon Zack
16888,The Ladies Man,Tim Meadows|Karyn Parsons|Billy Dee Williams|John Witherspoon|Jill Talley|Lee Evans|Will Ferrell|Sofia Milos|Eugene Levy|David Huband,Reginald Hudlin,Tim Meadows|Andrew Steele|Dennis McNicholas
121826,Quartet,Maggie Smith|Tom Courtenay|Billy Connolly|Pauline Collins|Michael Gambon|Sheridan Smith|Jumayn Hunter|Shola Adewusi|Andrew Sachs|Trevor Peacock,Dustin Hoffman,Ronald Harwood
10646,Tomcats,Jerry O'Connell|Shannon Elizabeth|Jake Busey|Horatio Sanz|Bernie Casey|Jaime Pressly|David Ogden Stiers|Bill Maher|Dakota Fanning,Gregory Poirier,Gregory Poirier
12149,Frailty,Bill Paxton|Matthew McConaughey|Powers Boothe|Matt O'Leary|Jeremy Sumpter|Luke Askew|Levi Kreis|Derk Cheetwood|Missy Crider|Alan Davidson,Bill Paxton,Brent Hanley
304357,Woman in Gold,Helen Mirren|Ryan Reynolds|Tatiana Maslany|Katie Holmes|Max Irons|Charles Dance|Daniel Brühl|Tom Schilling|Elizabeth McGovern|Antje Traue,Simon Curtis,Alexi Kaye Campbell
11184,Kinsey,Liam Neeson|Laura Linney|Chris O'Donnell|Peter Sarsgaard|Timothy Hutton|John Lithgow|Tim Curry|Dagmara Domińczyk|Dylan Baker|Julianne Nicholson,Bill Condon,Bill Condon
766,Army of Darkness,Bruce Campbell|Embeth Davidtz|Marcus Gilbert|Ian Abercrombie|Richard Grove|Timothy Patrick Quill|Michael Earl Reid|Bridget Fonda|Patricia Tallman|Ted Raimi,Sam Raimi,Sam Raimi|Ivan Raimi
20009,Slackers,Jason Segel|Devon Sawa|Jason Schwartzman|Jaime King|Cameron Diaz|Laura Prepon|Michael C. Maronna|Jim Rash|Retta|Gedde Watanabe,Dewey Nicks,David H. Steinberg
1587,What's Eating Gilbert Grape,Johnny Depp|Leonardo DiCaprio|Juliette Lewis|Darlene Cates|Mary Steenburgen|Laura Harrington|Mary Kate Schellhardt|John C. Reilly|Kevin Tighe|Crispin Glover,Lasse Hallström,Peter Hedges
30973,The Visual Bible: The Gospel of John,Christopher Plummer|Henry Ian Cusick|Stuart Bunce|Daniel Kash|Stephen Russell|Alan van Sprang|Diana Berriman|Richard Lintern|Scott Handy|Lynsey Baxter,Philip Saville,John Goldsmith
11109,Vera Drake,Imelda Staunton|Sally Hawkins|Richard Graham|Eddie Marsan|Anna Keaveney|Lesley Manville|Daniel Mays|Simon Chandler|Chris O'Dowd|Adrian Scarborough,Mike Leigh,Mike Leigh
9027,The Guru,Jimi Mistry|Heather Graham|Marisa Tomei|Michael McKean|Dash Mihok|Emil Marwa|Christine Baranski|Ronald Guttman|Bobby Cannavale|Jason Harris,Daisy von Scherler Mayer,Tracey Jackson
63020,The Perez Family,Marisa Tomei|Alfred Molina|Anjelica Huston|Chazz Palminteri|Trini Alvarado|Ruben Rabasa|Luis Raúl,Mira Nair,Robin Swicord|Christine Bell
86829,Inside Llewyn Davis,Oscar Isaac|Carey Mulligan|Justin Timberlake|Jerry Grayson|Robin Bartlett|Max Casella|Adam Driver|Ethan Phillips|Jeanine Serralles|Garrett Hedlund,Joel Coen|Ethan Coen,Joel Coen|Ethan Coen
11065,O,Mekhi Phifer|Josh Hartnett|Andrew Keegan|Julia Stiles|Martin Sheen|Rain Phoenix|Elden Henson|Chris Freihofer|John Heard|Rachel Shumate,Tim Blake Nelson,Brad Kaaya
13888,Return to the Blue Lagoon,Milla Jovovich|Brian Krause|Lisa Pelikan|Courtney Barilla|Garette Ratliff Henson|Brian Blain|Emma James|Jackson Barton|Nana Coburn|Peter Hehir,William A. Graham,Leslie Stevens|Henry De Vere Stacpoole
42345,The Molly Maguires,Sean Connery|Samantha Eggar|Richard Harris|Frank Finlay|Anthony Zerbe|Bethel Leslie|Art Lund|Philip Bourneuf|Ian Abercrombie,Martin Ritt,Walter Bernstein|Arthur H. Lewis
13994,Romance & Cigarettes,James Gandolfini|Susan Sarandon|Kate Winslet|Steve Buscemi|Mandy Moore|Mary-Louise Parker|Christopher Walken|Eddie Izzard|Aida Turturro|Bobby Cannavale,John Turturro,John Turturro
1590,Copying Beethoven,Ed Harris|Diane Kruger|Matthew Goode|Phyllida Law|Ralph Riach|Bill Stewart|Angus Barnett|Viktoria Dihen|Matyelok Gibbs,Agnieszka Holland,Christopher Wilkinson|Stephen J. Rivele
62728,Brighton Rock,Andy Serkis|Helen Mirren|John Hurt|Sam Riley|Andrea Riseborough|Sean Harris|Phil Davis|Nonso Anozie|Craig Parkinson|Geoff Bell,Rowan Joffe,Graham Greene|Rowan Joffe
11917,Saw V,Tobin Bell|Costas Mandylor|Scott Patterson|Betsy Russell|Mark Rolston|Julie Benz|Carlo Rota|Meagan Good|Shawnee Smith|Greg Bryk,David Hackl,Patrick Melton|Marcus Dunstan
45138,Machine Gun McCain,John Cassavetes|Britt Ekland|Peter Falk|Gabriele Ferzetti|Margherita Guzzinati|Claudio Biava|Steffen Zacharias|James Morrison|Florinda Bolkan|Tony Kendall,Giuliano Montaldo,Mino Roli|Giuliano Montaldo|Ovid Demaris
80271,LOL,Miley Cyrus|Demi Moore|Douglas Booth|Ashley Greene|Ashley Hinshaw|Thomas Jane|Jay Hernandez|Jean-Luc Bilodeau|Fisher Stevens|Gina Gershon,Lisa Azuelos,Lisa Azuelos|Kamir Aïnouz
4657,Jindabyne,Laura Linney|Gabriel Byrne|Deborra-Lee Furness|John Howard|Leah Purcell|Stelios Yiakmis|Alice Garner|Simon Stone|Betty Lucas|Chris Haywood,Ray Lawrence,Raymond Carver|Beatrix Christian
14395,Kabhi Alvida Naa Kehna,Shah Rukh Khan|Rani Mukerji|Preity Zinta|Abhishek Bachchan|Amitabh Bachchan|John Abraham|Kirron Kher|Ahsaas Channa|Kajol|Arjun Rampal,Karan Johar,Karan Johar|Shibani Bathija|Niranjan Iyengar
24137,An Ideal Husband,Cate Blanchett|Minnie Driver|Rupert Everett|Julianne Moore|Jeremy Northam|Peter Vaughan,Oliver Parker,Oliver Parker|Oscar Wilde
190847,The Last Days on Mars,Liev Schreiber|Romola Garai|Elias Koteas|Olivia Williams|Johnny Harris|Goran Kostić|Tom Cullen|Yusra Warsama|Patrick Joseph Byrnes|Lewis Macleod,Ruairi Robinson,Clive Dawson|Sydney J. Bounds
11056,Darkness,Anna Paquin|Lena Olin|Iain Glen|Giancarlo Giannini|Fele Martínez|Stephan Enquist|Fermí Reixach,Jaume Balagueró,Jaume Balagueró|Fernando de Felipe
62,2001: A Space Odyssey,Keir Dullea|Gary Lockwood|William Sylvester|Douglas Rain|Daniel Richter|Leonard Rossiter|Margaret Tyzack|Robert Beatty|Sean Sullivan|Frank Miller,Stanley Kubrick,Stanley Kubrick|Arthur C. Clarke
601,E.T. the Extra-Terrestrial,Henry Thomas|Drew Barrymore|Robert MacNaughton|Dee Wallace|Peter Coyote|Erika Eleniak|Sean Frye|C. Thomas Howell|K. C. Martel|David M. O'Dell,Steven Spielberg,Melissa Mathison
13067,In the Land of Women,Meg Ryan|Kristen Stewart|Adam Brody|JoBeth Williams|Olympia Dukakis|Makenzie Vega Norfolk|Elena Anaya|Kelsey Keel|Danielle Savre|Gia Mantegna,Jon Kasdan,Jon Kasdan
25379,The Blue Butterfly,Marc Donato|Pascale Bussières|William Hurt|Raoul Max Trujillo|Steve Adams|Marianella Jimenez,Léa Pool,Pete McCormack
88641,There Goes My Baby,Dermot Mulroney|Ricky Schroder|Kelli Williams|Noah Wyle|Lucy Deakins|Jill Schoelen|Kristin Minter|Kenneth Ransom|Seymour Cassel,Floyd Mutrux,Floyd Mutrux
58051,Housefull,Akshay Kumar|Ritesh Deshmukh|Deepika Padukone|Lara Dutta|Jiah Khan|Arjun Rampal|Boman Irani|Malaika Arora Khan|Jaqueline Fernandes|Chunky Pandey,Sajid Khan,Sajid Khan|Sajid Nadiadwala|Anvita Dutt Guptan|Vibha Singh|Milap Zaveri
14877,September Dawn,Jon Voight|Tamara Hope|Trent Ford|Lolita Davidovich|Dean Cain|Terence Stamp|Shaun Johnston|Franklin E. Levinson|Daniel Libman|Barbara Gates Wilson,Christopher Cain,Christopher Cain|Carole Whang Schutter
96399,For Greater Glory - The True Story of Cristiada,Eva Longoria|Andy García|Oscar Isaac|Peter O'Toole|Rubén Blades,Dean Wright,Michael Love
304410,The Bélier Family,Louane Emera|Karin Viard|François Damiens|Eric Elmosnino|Roxane Duran|Ilian Bergala|Luca Gelberg|Mar Sodupe|Stéphan Wojtowicz|Jérôme Kircher,Eric Lartigau,Stanislas Carré de Malberg|Victoria Bedos
489,Good Will Hunting,Robin Williams|Matt Damon|Ben Affleck|Stellan Skarsgård|Minnie Driver|Casey Affleck|Cole Hauser|John Mighton|Rachel Majorowski|Colleen McCauley,Gus Van Sant,Ben Affleck|Matt Damon
373314,Misconduct,Josh Duhamel|Alice Eve|Malin Åkerman|Lee Byung-hun|Julia Stiles|Glen Powell|Al Pacino|Anthony Hopkins,Shintaro Shimosawa,Adam Mason|Simon Boyes
214,Saw III,Tobin Bell|Shawnee Smith|Angus Macfadyen|Bahar Soomekh|Dina Meyer|Kim Roberts|Donnie Wahlberg|Leigh Whannell|J. Larose|Betsy Russell,Darren Lynn Bousman,Leigh Whannell
10890,Stripes,Bill Murray|Harold Ramis|Warren Oates|P.J. Soles|Sean Young|John Candy|John Larroquette|John Voldstad|John Diehl|Lance LeGault,Ivan Reitman,Harold Ramis|Len Blum|Daniel Goldberg
1588,Bring It On,Kirsten Dunst|Jesse Bradford|Eliza Dushku|Gabrielle Union|Huntley Ritter|Clare Kramer|Nicole Bilderback|Tsianina Joelson|Nathan West|Shamari Fears,Peyton Reed,Jessica Bendinger
316727,The Purge: Election Year,Elizabeth Mitchell|Frank Grillo|Mykelti Williamson|Edwin Hodge|Raymond J. Barry|Ethan Phillips|Terry Serpico|David Aaron Baker|Kimberly Howe|Joseph Julian Soria,James DeMonaco,James DeMonaco
10314,She's All That,Freddie Prinze Jr.|Rachael Leigh Cook|Matthew Lillard|Paul Walker|Jodi Lyn O'Keefe|Anna Paquin|Clea DuVall|Kieran Culkin|Kevin Pollak|Lil' Kim,Robert Iscove,R. Lee Fleming Jr.
663,Saw IV,Tobin Bell|Scott Patterson|Costas Mandylor|Betsy Russell|Lyriq Bent|Louis Ferreira|Athena Karkanis|Simon Reynolds|Mike Realba|Marty Adams,Darren Lynn Bousman,Patrick Melton|Marcus Dunstan
11804,White Noise,Michael Keaton|Chandra West|Deborah Kara Unger|Ian McNeice|Keegan Connor Tracy|Sarah Strange|Nicholas Elia|Mike Dopud|Marsha Regis|Brad Sihvon,Geoffrey Sax,Steve Martin|Niall Johnson|David Allcock
16781,Madea's Family Reunion,Tyler Perry|Blair Underwood|Lynn Whitfield|Boris Kodjoe|Lisa Arrindell|Maya Angelou|Rochelle Aytes|Jenifer Lewis|Tangi Miller|Keke Palmer,Tyler Perry,Tyler Perry
11873,The Color of Money,Paul Newman|Tom Cruise|Mary Elizabeth Mastrantonio|Helen Shaver|John Turturro|Bill Cobbs|Robert Agins|Alvin Anastasia|Randall Arney|Elizabeth Bracco,Martin Scorsese,Richard Price|Walter Tevis
9289,The Longest Day,Eddie Albert|Paul Anka|Arletty|Jean-Louis Barrault|Richard Beymer|Hans Christian Blech|Bourvil|Richard Burton|Wolfgang Büttner|Red Buttons,Bernhard Wicki|Ken Annakin|Andrew Marton,Cornelius Ryan
10414,The Mighty Ducks,Emilio Estevez|Joss Ackland|Lane Smith|Heidi Kling|Josef Sommer|Joshua Jackson|Shaun Weiss|Elden Henson|Danny Tamberelli|Marguerite Moreau,Stephen Herek,Steven Brill
1970,The Grudge,Sarah Michelle Gellar|Jason Behr|Clea DuVall|Bill Pullman|William Mapother|KaDee Strickland|Grace Zabriskie|Rosa Blasi|Ted Raimi|Takako Fuji,Takashi Shimizu,Takashi Shimizu|Stephen Susco
9614,Happy Gilmore,Adam Sandler|Ben Stiller|Christopher McDonald|Julie Bowen|Frances Bay|Carl Weathers|Richard Kiel|Bob Barker|Allen Covert|Joe Flaherty,Dennis Dugan,Adam Sandler|Tim Herlihy
8922,Jeepers Creepers,Gina Philips|Justin Long|Jonathan Breck|Patricia Belcher|Eileen Brennan|Brandon Smith|Peggy Sheffield|Jeffrey William Evans|Patrick Cherry|Jon Beshara,Victor Salva,Victor Salva
1648,Bill & Ted's Excellent Adventure,Keanu Reeves|Alex Winter|George Carlin|Dan Shor|Hal Landon Jr.|Amy Stock-Poynton|Terry Camilleri|Tony Steedman|Rod Loomis|Bernie Casey,Stephen Herek,Ed Solomon|Chris Matheson
17917,Oliver!,Ron Moody|Shani Wallis|Oliver Reed|Harry Secombe|Mark Lester|Jack Wild|Hugh Griffith|Joseph O'Conor|Peggy Mount|Leonard Rossiter,Carol Reed,Charles Dickens|Lionel Bart
74534,The Best Exotic Marigold Hotel,Bill Nighy|Maggie Smith|Tom Wilkinson|Judi Dench|Dev Patel|Penelope Wilton|Ramona Marquez|Celia Imrie|Ronald Pickup|Hugh Dickson,John Madden,Ol Parker
19405,Recess: School's Out,Rickey D'Shon Collins|Jason Davis|Ashley Johnson|Courtland Mead|Pamela Adlon|Dabney Coleman|Robert Goulet|Melissa Joan Hart|April Winchell|Andrew Lawrence,Chuck Sheetz,Paul Germain|Jonathan Greenberg
9355,Mad Max Beyond Thunderdome,Mel Gibson|Tina Turner|Bruce Spence|Helen Buday|Angelo Rossitto|Adam Cockburn|Frank Thring|Paul Larsson|Angry Anderson|Robert Grubb,George Miller|George Ogilvie,Terry Hayes|George Miller
10999,Commando,Arnold Schwarzenegger|Rae Dawn Chong|Dan Hedaya|Vernon Wells|James Olson|David Patrick Kelly|Alyssa Milano|Bill Duke|Drew Snyder|Sharon Wyatt,Mark L. Lester,Steven E. de Souza|Jeph Loeb|Matthew Weisman
321258,The Boy,Lauren Cohan|Rupert Evans|James Russell|Jim Norton|Diana Hardcastle|Ben Robson|Jett Klyne|Lily Pater|Stephanie Lemelin|Matthew Walker,William Brent Bell,Stacey Menear
44040,Devil,Chris Messina|Jacob Vargas|Bojana Novaković|Logan Marshall-Green|Bokeem Woodbine|Matt Craven|Joshua Peace|Caroline Dhavernas|Zoie Palmer|Vincent Laresca,John Erick Dowdle,M. Night Shyamalan|Brian Nelson
10426,Friday After Next,Ice Cube|Mike Epps|John Witherspoon|Don Curry|Anna Maria Horsford|Clifton Powell|K. D. Aubert|Bebe Drake|Katt Williams|Rickey Smiley,Marcus Raboy,Ice Cube|DJ Pooh
280092,Insidious: Chapter 3,Dermot Mulroney|Stefanie Scott|Lin Shaye|Leigh Whannell|Angus Sampson|Tate Berney|Corbett Tuck|Steve Coulter|Hayley Kiyoko|Tom Fitzpatrick,Leigh Whannell,Leigh Whannell
13938,The Last Dragon,"Taimak|Julius Carry|Vanity|Christopher Murney|Faith Prince|Leo O'Brien|Mike Starr|Jim Moody|Glen Eaton|Ernie Reyes, Jr.",Michael Schultz,Louis Venosta
10163,The Lawnmower Man,Jeff Fahey|Pierce Brosnan|Jenny Wright|Mark Bringelson|Geoffrey Lewis|Jeremy Slate|Dean Norris|Colleen Coffey|Troy Evans|Austin O'Brien,Brett Leonard,Brett Leonard|Gimel Everett
12182,Nick and Norah's Infinite Playlist,Michael Cera|Kat Dennings|Aaron Yoo|Alexis Dziena|Ari Graynor|Cassidy Gard|Jonathan B. Wright|Jay Baruchel|Rafi Gavron|Zachary Booth,Peter Sollett,Rachel Cohn|David Levithan|Lorene Scafaria|Phil Langone
1832,Dogma,Ben Affleck|Matt Damon|Linda Fiorentino|Jason Mewes|Chris Rock|Alan Rickman|Jason Lee|Salma Hayek|Kevin Smith|Alanis Morissette,Kevin Smith,Kevin Smith|Gabbie Asher
9034,The Banger Sisters,Goldie Hawn|Susan Sarandon|Geoffrey Rush|Erika Christensen|Robin Thomas|Eva Amurri Martino|Matthew Carey|Andre Ware,Bob Dolman,Bob Dolman
15301,Twilight Zone: The Movie,Albert Brooks|Vic Morrow|John Larroquette|John Lithgow|Dan Aykroyd|Scatman Crothers|Donna Dixon|Bill Mumy|Burgess Meredith|Rod Serling,Steven Spielberg|Joe Dante|John Landis|George Miller,George Clayton Johnson|John Landis|Richard Matheson|Rod Serling
10135,Road House,Patrick Swayze|Kelly Lynch|Sam Elliott|Ben Gazzara|Marshall R. Teague|Julie Michaels|Red West|Sunshine Parker|Kevin Tighe|John Doe,Rowdy Herrington,Hilary Henkin|David Lee Henry
26352,A Low Down Dirty Shame,Keenen Ivory Wayans|Charles S. Dutton|Jada Pinkett Smith|Salli Richardson-Whitfield|Andrew Divoff|Corwin Hawkins|Gary Carlos Cervantes|Gregory Sierra|Kim Wayans|Andrew Shaifer,Keenen Ivory Wayans,Keenen Ivory Wayans
20616,Swimfan,Jesse Bradford|Erika Christensen|Shiri Appleby|Kate Burton|Jason Ritter|Clayne Crawford|Dan Hedaya|Nick Sandow|Phyllis Somerville|James DeBello,John Polson,Charles F. Bohl|Phillip Schneider
9794,Employee of the Month,Dane Cook|Jessica Simpson|Dax Shepard|Andy Dick|Tim Bagley|Brian George|Efren Ramirez|Marcello Thedford|Danny Woodburn|Harland Williams,Greg Coolidge,Greg Coolidge|Don Calame|Chris Conroy
15037,Can't Hardly Wait,Jennifer Love Hewitt|Ethan Embry|Charlie Korsmo|Lauren Ambrose|Peter Facinelli|Seth Green|Jaime Pressly|Tamala Jones|Jennifer Lyons|Johnny Zander,Deborah Kaplan|Harry Elfont,Deborah Kaplan|Harry Elfont
227,The Outsiders,Matt Dillon|Ralph Macchio|C. Thomas Howell|Patrick Swayze|Rob Lowe|Emilio Estevez|Tom Cruise|Glenn Withrow|Diane Lane|Leif Garrett,Francis Ford Coppola,S.E. Hinton|Kathleen Rowell
294272,Pete's Dragon,Bryce Dallas Howard|Oakes Fegley|Wes Bentley|Karl Urban|Oona Laurence|Robert Redford|Levi Alexander|Isiah Whitlock Jr.|Marcus Henderson|Aaron Jackson,David Lowery,Seton I. Miller|David Lowery|Toby Halbrooks|S.S. Field
11336,The Dead Zone,Christopher Walken|Brooke Adams|Tom Skerritt|Martin Sheen|Herbert Lom|Anthony Zerbe|Colleen Dewhurst|Nicholas Campbell|William B. Davis|Sean Sullivan,David Cronenberg,Jeffrey Boam|Stephen King
283445,Sinister 2,Shannyn Sossamon|James Ransone|Robert Daniel Sloan|Dartanian Sloan|Lea Coco|Tate Ellington|John Beasley|Lucas Jade Zumann|Jaden Klein|Laila Haley,Ciaran Foy,Scott Derrickson|C. Robert Cargill
88036,Sparkle,Whitney Houston|Cee Lo Green|Derek Luke|Mike Epps|Carmen Ejogo|Jordin Sparks|Tika Sumpter|Omari Hardwick|Nicholas Ritz|Abe Larkin,Salim Akil,Mara Brock Akil
10984,Valentine,Denise Richards|David Boreanaz|Marley Shelton|Jessica Capshaw|Jessica Cauffiel|Katherine Heigl|Hedy Burress|Fulvio Cecere|Daniel Cosgrove|Johnny Whitworth,Jamie Blanks,Donna Powers|Wayne Powers|Tom Savage|Aaron Harberts|Gretchen J. Berg
22824,The Fourth Kind,Milla Jovovich|Will Patton|Hakeem Kae-Kazim|Corey Johnson|Enzo Cilenti|Elias Koteas|Eric Loren|Mia McKenna-Bruce|Raphaël Coleman|Daphne Alexander,Olatunde Osunsanmi,Olatunde Osunsanmi
9526,A Prairie Home Companion,Meryl Streep|Lindsay Lohan|Virginia Madsen|Woody Harrelson|Garrison Keillor|John C. Reilly|Lily Tomlin|Kevin Kline|Tommy Lee Jones|L.Q. Jones,Robert Altman,Garrison Keillor|Ken LaZebnik
39349,Sugar Hill,Wesley Snipes|Michael Wright|Donald Faison|O.L. Duke|Leslie Uggams|Sam Gordon|Marquise Wilson|Dulé Hill|Steve Harris|Vondie Curtis-Hall,Leon Ichaso,Barry Michael Cooper
15983,Invasion U.S.A.,Chuck Norris|Richard Lynch|Melissa Prophet|Alexander Zale|Alex Colon|Eddie Jones|Jon DeVries|James O'Sullivan|Billy Drago|Jaime Sánchez,Joseph Zito,Aaron Norris|Chuck Norris|James Bruner
14544,Roll Bounce,Nick Cannon|Shad Moss|Chi McBride|Meagan Good|Brandon T. Jackson|Mike Epps|Paul Wesley|Wesley Jonathan|Marcus T. Paulk|Rick Gonzalez,Malcolm D. Lee,Norman Vance Jr.
11545,Rushmore,Jason Schwartzman|Olivia Williams|Bill Murray|Seymour Cassel|Mason Gamble|Brian Cox|Sara Tanaka|Connie Nielsen|Luke Wilson|Stephen McCole,Wes Anderson,Owen Wilson|Wes Anderson
42684,Skyline,Eric Balfour|Scottie Thompson|David Zayas|Donald Faison|Brittany Daniel|Crystal Reed|Neil Hopkins|J. Paul Boehmer|Tanya Newbould|Pam Levin,Colin Strause|Greg Strause,Joshua Cordes|Liam O'Donnell
268238,The Second Best Exotic Marigold Hotel,Dev Patel|Judi Dench|Richard Gere|Maggie Smith|Bill Nighy|Celia Imrie|Penelope Wilton|Ronald Pickup|Diana Hardcastle|Tina Desai,John Madden,Ol Parker
8359,Kit Kittredge: An American Girl,Abigail Breslin|Chris O'Donnell|Julia Ormond|Stanley Tucci|Joan Cusack|Max Thieriot|Glenne Headly|Jane Krakowski|Wallace Shawn|Madison Davenport,Patricia Rozema,Ann Peacock
15648,The Perfect Man,Hilary Duff|Heather Locklear|Chris Noth|Mike O'Malley|Ben Feldman|Vanessa Lengies|Caroline Rhea|Kym Whitley|Aria Wallace|Michelle Nolden,Mark Rosman,Gina Wendkos
41823,Mo' Better Blues,Denzel Washington|Spike Lee|Wesley Snipes|Giancarlo Esposito|John Turturro|Samuel L. Jackson|Charlie Murphy|Nicholas Turturro|Robin Harris|Joie Lee,Spike Lee,Spike Lee
11891,Kung Pow: Enter the Fist,Hui Lou Chen|Tad Horino|Steve Oedekerk|Jennifer Tung|Ming Lo|Peggy Lu|Liu Chia-Liang,Steve Oedekerk,Steve Oedekerk|Vann Sengchanh
9362,Tremors,Kevin Bacon|Fred Ward|Finn Carter|Michael Gross|Reba McEntire|Robert Jayne|Charlotte Stewart|Tony Genaro|Ariana Richards|Richard Marcus,Ron Underwood,Brent Maddock|S. S. Wilson
9902,Wrong Turn,Desmond Harrington|Eliza Dushku|Emmanuelle Chriqui|Jeremy Sisto|Kevin Zegers|Lindy Booth|Julian Richings|Garry Robbins|Ted Clark|Yvonne Gaudry,Rob Schmidt,Alan B. McElroy|Ray Harvie
14729,The Long Riders,"David Carradine|Keith Carradine|Robert Carradine|James Keach|Stacy Keach|Dennis Quaid|Randy Quaid|Kevin Brophy|Harry Carey, Jr.|Christopher Guest",Walter Hill,James Keach|Stacy Keach|Bill Bryden|Steven Philip Smith
9455,The Corruptor,Mark Wahlberg|Chow Yun-fat|Byron Mann|Kim Chan|Ric Young|Paul Ben-Victor|Jon Kit Lee|Andrew Pang|Elizabeth Lindsey|Brian Cox,James Foley,Robert Pucci
103731,Mud,Matthew McConaughey|Tye Sheridan|Jacob Lofland|Sam Shepard|Reese Witherspoon|Sarah Paulson|Michael Shannon|Ray McKinnon|Joe Don Baker|Paul Sparks,Jeff Nichols,Jeff Nichols
10090,Reno 911!: Miami,Lennie Loftin|Danny DeVito|Ben Garant|Carlos Alazraqui|Mary Birdsong|Niecy Nash|Wendi McLendon-Covey|Cedric Yarbrough|David Koechner|Brandon Molale,Ben Garant,Thomas Lennon|Ben Garant|Kerri Kenney-Silver
164558,One Direction: This Is Us,Harry Styles|Niall Horan|Zayn Malik|Louis Tomlinson|Liam Payne|Jon Shone|Dan Richards,Morgan Spurlock,
19905,"The Goods: Live Hard, Sell Hard",Jeremy Piven|Ving Rhames|James Brolin|David Koechner|Kathryn Hahn|Ed Helms|Jordana Spiro|Tony Hale|Craig Robinson|Ken Jeong,Neal Brennan,Andy Stock|Rick Stempson
17710,Hey Arnold! The Movie,Spencer Klein|Francesca Smith|Jamil Walker Smith|Dan Castellaneta|Tress MacNeille|Paul Sorvino|Jennifer Jason Leigh|Christopher Lloyd,Tuck Tucker,Craig Bartlett|Steve Viksten
75900,My Week with Marilyn,Michelle Williams|Eddie Redmayne|Kenneth Branagh|Julia Ormond|Judi Dench|Emma Watson|Pip Torrens|Dominic Cooper|Geraldine Somerville|Michael Kitchen,Simon Curtis,Adrian Hodges|Colin Clark
9515,The Matador,Pierce Brosnan|Greg Kinnear|Hope Davis|Portia Dawson|Adam Scott|Israel Tellez|Arlin Miller|Azucena Medina|Jonah Meyerson|Wiveca Bonerais,Richard Shepard,Richard Shepard
27322,Love Jones,Larenz Tate|Nia Long|Isaiah Washington|Bill Bellamy|Lisa Nicole Carson|Marie-Françoise Theodore,Theodore Witcher,Theodore Witcher
328425,The Gift,Jason Bateman|Rebecca Hall|Joel Edgerton|Allison Tolman|Tim Griffin|Busy Philipps|Adam Lazarre-White|Beau Knapp|Wendell Pierce|Mirrah Foulkes,Joel Edgerton,Joel Edgerton
14120,End of the Spear,Louie Leonardo|Chad Allen|Jack Guzman|Chase Ellison|Sylvia Jefferies,Jim Hanon,Bill Ewing
10050,Get Over It,Kirsten Dunst|Ben Foster|Melissa Sagemiller|Colin Hanks|Zoe Saldana|Swoosie Kurtz|Mila Kunis|Ed Begley Jr.|Shane West|Sisqó,Tommy O'Haver,R. Lee Fleming Jr.
1542,Office Space,Ron Livingston|Jennifer Aniston|David Herman|Ajay Naidu|Diedrich Bader|Stephen Root|Gary Cole|Richard Riehle|Alexandra Wentworth|Joe Bays,Mike Judge,Mike Judge
10490,Drop Dead Gorgeous,Kirsten Dunst|Ellen Barkin|Denise Richards|Amy Adams|Kirstie Alley|Allison Janney|Brittany Murphy|Sam McMurray|Mindy Sterling|Alexandra Holden,Michael Patrick Jann,Lona Williams
87093,Big Eyes,Amy Adams|Christoph Waltz|Krysten Ritter|Danny Huston|Jason Schwartzman|Terence Stamp|Jon Polito|Farryn VanHumbeck|Emily Fonda|Delaney Raye,Tim Burton,Scott Alexander|Larry Karaszewski
10029,Very Bad Things,Jon Favreau|Leland Orser|Cameron Diaz|Christian Slater|Jeremy Piven|Daniel Stern|Jeanne Tripplehorn|Rob Brownstein|Blake Gibbons|Tyler Cole Malinger,Peter Berg,Peter Berg
9893,Sleepover,Alexa PenaVega|Mika Boorem|Jane Lynch|Sara Paxton|Brie Larson|Steve Carell|Jeff Garlin|Sam Huntington|Scout Taylor-Compton|Sean Faris,Joe Nussbaum,Elisa Bell
11507,Body Double,Craig Wasson|Melanie Griffith|Gregg Henry|Deborah Shelton|Guy Boyd|Dennis Franz|David Haskell|Rebecca Stanley|Barbara Crampton|Monte Landis,Brian De Palma,Brian De Palma|Robert J. Avrech
37931,MacGruber,Will Forte|Kristen Wiig|Val Kilmer|Ryan Phillippe|Maya Rudolph|Powers Boothe|Dalip Singh Rana|Rhys Coiro|Brian Petsos|Andy Mackenzie,Jorma Taccone,Will Forte|John Solomon
3472,Dirty Pretty Things,Chiwetel Ejiofor|Audrey Tautou|Sergi López|Benedict Wong|Sophie Okonedo|Zlatko Burić|Damon Younger|Kenan Hudaverdi|Paul Bhattacharjee|Darrell D'Silva,Stephen Frears,Steven Knight
87818,Movie 43,Anna Faris|Emma Stone|Halle Berry|Kate Winslet|Hugh Jackman|Richard Gere|Chris Pratt|Uma Thurman|Gerard Butler|Elizabeth Banks,Griffin Dunne|Peter Farrelly|Elizabeth Banks|James Gunn|Steven Brill|Brett Ratner|Steve Carr|Rusty Cundieff|James Duffy|Patrik Forsberg|Jonathan van Tulleken|Will Graham,Olle Sarri|James Gunn|Bob Odenkirk|Ricky Blitt|Greg Pritikin|Rocky Russo|Steve Baker|Jeremy Sosenko|Patrik Forsberg|Will Carlough|Matt Portenoy|Jonathan van Tulleken|Jack Kukoda|Jacob Fleisher|Bill O'Malley|Will Graham|Claes Kjellstrom|Jonas Wittenmark|Tobias Carlson|Elizabeth Wright Shapiro
13160,Over Her Dead Body,Eva Longoria|Jason Biggs|Lake Bell|Paul Rudd|Lindsay Sloane|Stephen Root|William Morgan Sheppard|Wendi McLendon-Covey|Ali Hillis|Deborah Theaker,Jeff Lowell,Jeff Lowell
88005,Seeking a Friend for the End of the World,Steve Carell|Keira Knightley|Connie Britton|Adam Brody|Rob Corddry|Derek Luke|Melanie Lynskey|William Petersen|Gillian Jacobs|T.J. Miller,Lorene Scafaria,Lorene Scafaria
52067,Cedar Rapids,Anne Heche|Ed Helms|Sigourney Weaver|John C. Reilly|Rob Corddry|Alia Shawkat|Isiah Whitlock Jr.|Stephen Root|Kurtwood Smith|Thomas Lennon,Miguel Arteta,Phil Johnston
73,American History X,Edward Norton|Edward Furlong|Beverly D'Angelo|Avery Brooks|Jennifer Lien|Ethan Suplee|Stacy Keach|Fairuza Balk|Elliott Gould|Guy Torry,Tony Kaye,David McKenna
134597,The Collection,Josh Stewart|Christopher McDonald|Emma Fitzpatrick|Lee Tergesen|Erin Way|Navi Rawat|Johanna Braddy|Daniel Sharman|Andre Royo|Brandon Molale,Marcus Dunstan,Patrick Melton|Marcus Dunstan
24034,Teacher's Pet,Nathan Lane|Kelsey Grammer|Shaun Fleming|Debra Jo Rupp|David Ogden Stiers|Jerry Stiller|Paul Reubens|Megan Mullally|Wallace Shawn|Jay Thomas,Timothy Bjorklund,
14283,The Red Violin,Carlo Cecchi|Irene Grazioli|Anita Laurenzi|Tommaso Puntelli|Samuele Amighetti|Jean-Luc Bideau|Aldo Brugnini|Christoph Koncz|Clotilde Mollet|Florentín Groll,François Girard,Don McKellar|François Girard
404,The Straight Story,Richard Farnsworth|Sissy Spacek|Jane Galloway Heitz|Joseph A. Carpenter|Donald Wiegert|Tracey Maloney|Dan Flannery|Ed Grennan|Jack Walsh|Gil Pearson,David Lynch,John Roach|Mary Sweeney
13201,Deuces Wild,Stephen Dorff|Fairuza Balk|Brad Renfro|Norman Reedus|Max Perlich|Drea de Matteo|Vincent Pastore|Frankie Muniz|Balthazar Getty|Nancy Cassaro,Scott Kalvert,Paul Kimatian|Christopher Gambale
209403,Bad Words,Jason Bateman|Kathryn Hahn|Rohan Chand|Philip Baker Hall|Allison Janney|Ben Falcone|Steve Witting|Beth Grant|Patricia Belcher|Rachael Harris,Jason Bateman,Andrew Dodge
7942,"Run, Fatboy, Run",Simon Pegg|Thandie Newton|Hank Azaria|Dylan Moran|Harish Patel|India de Beaufort|Matthew Fenton|Simon Day|Ruth Sheen|Nevan Finegan,David Schwimmer,Simon Pegg|Michael Ian Black
73247,Heartbeeps,Andy Kaufman|Bernadette Peters|Randy Quaid|Kenneth McMillan|Melanie Mayron|Christopher Guest|Richard B. Shull|Dick Miller|Kathleen Freeman|Mary Woronov,Allan Arkush,John Hill
253331,Black or White,Kevin Costner|Jillian Estell|Jennifer Ehle|Gillian Jacobs|Octavia Spencer|Bill Burr|Joe Chrest|Indigo|Mpho Koaho|Angela Jones,Mike Binder,Mike Binder
34043,On the Line,Lance Bass|Joey Fatone|Emmanuelle Chriqui|James Bulliard|Al Green|Tamala Jones|Richie Sambora|Amanda Foreman|Dan Montgomery Jr.|Dave Foley,Eric Bross,Eric Aronson|Paul Stanton
9952,Rescue Dawn,Christian Bale|Steve Zahn|Marshall Bell|Toby Huss|Pat Healy|François Chau|James Oliver|GQ|Saichia Wongwiroj|Brad Carr,Werner Herzog,Werner Herzog
256924,Danny Collins,Al Pacino|Annette Bening|Jennifer Garner|Bobby Cannavale|Christopher Plummer|Josh Peck|Katarina Cas|Nick Offerman|Melissa Benoist,Dan Fogelman,Dan Fogelman
82532,"Jeff, Who Lives at Home",Jason Segel|Ed Helms|Susan Sarandon|Judy Greer|Rae Dawn Chong|Joe Chrest|Lance E. Nichols|Deneen Tyler|J.D. Evermore|Tammi Arender,Jay Duplass|Mark Duplass,Jay Duplass|Mark Duplass
41110,I Am Love,Tilda Swinton|Flavio Parenti|Edoardo Gabbriellini|Alba Rohrwacher|Gabriele Ferzetti|Marisa Berenson|Pippo Delbono|Diane Fleri|Mattia Zaccaro|Maria Paiato,Luca Guadagnino,Barbara Alberti|Luca Guadagnino|Walter Fasano|Ivan Cotroneo
134371,Atlas Shrugged Part II,Samantha Mathis|Jason Beghe|Esai Morales|Patrick Fabian|Kim Rhodes|Richard T. Jones|D. B. Sweeney|Paul McCrane|John Rubinstein|Robert Picardo,John Putch,Brian Patrick O'Toole|Ayn Rand|Duke Sandefur|Duncan Scott
2088,Romeo Is Bleeding,Gary Oldman|Lena Olin|Annabella Sciorra|Juliette Lewis|Roy Scheider|David Proval|Will Patton|Larry Joshua|James Cromwell|Wallace Wood,Peter Medak,Hilary Henkin
10388,The Limey,Terence Stamp|Lesley Ann Warren|Luis Guzmán|Barry Newman|Joe Dallesandro|Nicky Katt|Peter Fonda|Amelia Heinle|Melissa George|William Lucking,Steven Soderbergh,Lem Dobbs
1640,Crash,Sandra Bullock|Don Cheadle|Matt Dillon|Michael Peña|Jennifer Esposito|Brendan Fraser|Nona Gaye|Terrence Howard|Ludacris|Thandie Newton,Paul Haggis,Paul Haggis|Robert Moresco
25520,The House of Mirth,Gillian Anderson|Dan Aykroyd|Eleanor Bron|Terry Kinney|Anthony LaPaglia|Laura Linney|Jodhi May|Elizabeth McGovern|Eric Stoltz|Penny Downie,Terence Davies,Edith Wharton|Terence Davies
27342,Malone,Burt Reynolds|Cliff Robertson|Kenneth McMillan|Cynthia Gibb|Scott Wilson|Lauren Hutton|Dennis Burkley|Tracey Walter,Harley Cokeliss,Christopher Frank|William P. Wingate
13689,Peaceful Warrior,Scott Mechlowicz|Nick Nolte|Amy Smart|Tim DeKay|Ashton Holmes|Paul Wesley|Agnes Bruckner|B.J. Britt,Victor Salva,Kevin Bernhardt|Dan Millman
67911,Bucky Larson: Born to Be a Star,Nick Swardson|Christina Ricci|Stephen Dorff|Don Johnson|Ido Mosseri|Kevin Nealon|Nicholas Turturro|Mario Joyner|Meredith Giangrande|Jackie Sandler,Tom Brady,Adam Sandler
24664,Bamboozled,Damon Wayans|Savion Glover|Tommy Davidson|Jada Pinkett Smith|Michael Rapaport|Yasiin Bey|Cheryl Lynn Bowers|Thomas Jefferson Byrd|Paul Mooney|Matthew Modine,Spike Lee,Spike Lee
329440,The Forest,Natalie Dormer|Taylor Kinney|Yukiyoshi Ozawa|Eoin Macken|Rina Takasaki|Noriko Sakura|Yûho Yamashita|Stephanie Vogt|Masashi Fujimoto|Meg Kubota,Jason Zada,Ben Ketai|Nick Antosca|Sarah Cornwell
47890,Sphinx,Lesley-Anne Down|Frank Langella|Maurice Ronet|John Gielgud|Vic Tablian|Martin Benson|John Rhys-Davies|Nadim Sawalha|Saeed Jaffrey|William Hootkins,Franklin J. Schaffner,John Byrum|Robin Cook
252512,While We're Young,Ben Stiller|Naomi Watts|Adam Driver|Amanda Seyfried|Charles Grodin|Brady Corbet|Maria Dizzia|Adam Horovitz|Dree Hemingway|Peter Yarrow,Noah Baumbach,Noah Baumbach
55720,A Better Life,Demián Bichir|José Julián|Chelsea Rendon|Dolores Heredia|Joaquín Cosio|Carlos Linares|Bobby Soto|Nancy Lenehan|Gabriel Chavarria|Tim Griffin,Chris Weitz,Eric Eason|Roger L. Simon
9613,Spider,Ralph Fiennes|Miranda Richardson|Gabriel Byrne|Lynn Redgrave|John Neville|Philip Craig|Bradley Hall|Gary Reineke|Sara Stockbridge|Cliff Saunders,David Cronenberg,Patrick McGrath
29076,Gun Shy,Sandra Bullock|Liam Neeson|Oliver Platt|José Zúñiga|Michael DeLorenzo|Richard Schiff|Mary McCormack|Andrew Lauer|David Carpenter|Myndy Crist,Eric Blakeney,Eric Blakeney
29339,Nicholas Nickleby,Charlie Hunnam|Nathan Lane|Jim Broadbent|Christopher Plummer|Jamie Bell|Anne Hathaway|Alan Cumming|Timothy Spall|Romola Garai|Andrew Havill,Douglas McGrath,Charles Dickens|Douglas McGrath
68812,The Iceman,Michael Shannon|Winona Ryder|Ray Liotta|Chris Evans|David Schwimmer|James Franco|Stephen Dorff|Robert Davi|John Ventimiglia|Danny A. Abeckaser,Ariel Vromen,Ariel Vromen
32740,Krrish,Hrithik Roshan|Naseeruddin Shah|Priyanka Chopra|Rekha|Sharat Saxena|Puneet Issar|Archana Puran Singh|Hemant Pandey|Manini Mishra|Xia Bin,Rakesh Roshan,
14195,Cecil B. Demented,Melanie Griffith|Stephen Dorff|Alicia Witt|Adrian Grenier|Lawrence Gilliard Jr.|Maggie Gyllenhaal|Jack Noseworthy|Mink Stole|Ricki Lake|Michael Shannon,John Waters,John Waters
73567,Killer Joe,Matthew McConaughey|Emile Hirsch|Thomas Haden Church|Gina Gershon|Juno Temple|Marc Macaulay|Gralen Bryant Banks|Carol Sutton|Danny Epper|Jeff Galpin,William Friedkin,Tracy Letts
41479,The Joneses,David Duchovny|Demi Moore|Amber Heard|Benjamin Hollingsworth|Lauren Hutton|Catherine Dyer|Gary Cole|Glenne Headly|Tiffany Morgan|Ashley LeConte Campbell,Derrick Borte,Derrick Borte
15394,Owning Mahowny,Philip Seymour Hoffman|Minnie Driver|John Hurt|Maury Chaykin|Ian Tracey|K. C. Collins|Jason Blicker|Vince Corazza|Sonja Smits|Roger Dunn,Richard Kwietniowski,Gary Stephen Ross|Maurice Chauvet
10071,The Brothers Solomon,Will Arnett|Will Forte|Kristen Wiig|Chi McBride|Lee Majors|Sam Lloyd|Malin Åkerman|Bill Hader|Jenna Fischer|Michael Ormsby,Bob Odenkirk,Will Forte
1989,My Blueberry Nights,Norah Jones|Jude Law|Natalie Portman|David Strathairn|Rachel Weisz|Cat Power|Frankie Faison|Michael Delano|Chad R. Davis|Katya Blumenberg,Wong Kar-wai,Wong Kar-wai|Lawrence Block
91076,Illuminata,John Turturro|Christopher Walken|Susan Sarandon|Rufus Sewell|Beverly D'Angelo|Ben Gazzara|Katherine Borowitz|George DiCenzo|Bill Irwin|Aida Turturro,John Turturro,John Turturro|Brandon Cole
12779,Swept Away,Madonna|Adriano Giannini|Bruce Greenwood|Elizabeth Banks|Michael Beattie|Jeanne Tripplehorn,Guy Ritchie,Guy Ritchie
13191,"War, Inc.",John Cusack|Hilary Duff|Marisa Tomei|Joan Cusack|Dan Aykroyd|Sergej Trifunović|Ned Bellamy|John McLaughlin|Montel Williams|Ben Kingsley,Joshua Seftel,Jeremy Pikser|Mark Leyner
11770,Shaolin Soccer,Stephen Chow|Ng Man-Tat|Patrick Tse Yin|Zhao Wei|Wong Yat-Fei|Tenky Tin Kai-Man|Mok Mei-Lam|Danny Chan Kwok-Kwan|Lam Tze-Chung|Karen Mok,Stephen Chow,Stephen Chow|Tsang Kan-Cheung
12703,The Brown Bunny,Vincent Gallo|Chloë Sevigny|Cheryl Tiegs|Elizabeth Blake|Anna Vareschi|Mary Morasky,Vincent Gallo,Vincent Gallo
64559,The Swindle,Michel Serrault|Isabelle Huppert|François Cluzet|Jean-François Balmer,Claude Chabrol,Claude Chabrol
222649,Rosewater,Gael García Bernal|Shohreh Aghdashloo|Jason Jones|Haluk Bilginer|Nasser Faris|Andrew Gower|Kim Bodnia|Dimitri Leonidas|Golshifteh Farahani|Claire Foy,Jon Stewart,Jon Stewart|Maziar Bahari|Aimee Molloy
115872,The Chambermaid on the Titanic,Olivier Martinez|Aitana Sánchez-Gijón|Romane Bohringer|Didier Bezace,Bigas Luna,Didier Decoin|Bigas Luna|Cuca Canals|Jean-Louis Benoît
101173,Coriolanus,Gerard Butler|Ralph Fiennes|Lubna Azabal|Ashraf Barhom|Jessica Chastain|Vanessa Redgrave|James Nesbitt|Brian Cox|John Kani|Dragan Mićanović,Ralph Fiennes,John Logan|William Shakespeare
25350,Imaginary Heroes,Sigourney Weaver|Ryan Donowho|Emile Hirsch|Jeff Daniels|Michelle Williams|Deirdre O'Connell|Kip Pardue|Jay Paulson|Terry Beaver,Dan Harris,Dan Harris
10034,High Heels and Low Lifes,Minnie Driver|Mary McCormack|Kevin McNally|Danny Dyer|Michael Gambon|Darren Boyd|Mark Williams|Simon Scardifield|Len Collin|Jane Partridge,Mel Smith,Darren Boyd|Kim Fuller|Georgia Pritchett
20178,World's Greatest Dad,Robin Williams|Alexie Gilmore|Daryl Sabara|Geoff Pierson|Henry Simmons|Tony V.|Mitzi McCall|Morgan Murphy|Naomi Glick|Dan Spencer,Bobcat Goldthwait,Bobcat Goldthwait
5072,Severance,Danny Dyer|Laura Harris|Toby Stephens|Tim McInnerny|Babou Ceesay|Andy Nyman|Claudie Blakley|David Gilliam|Juli Drajkó|Judit Viktor,Christopher Smith,Christopher Smith|James Moran
18191,Edmond,William H. Macy|Joe Mantegna|Denise Richards|Mena Suvari|Bokeem Woodbine|Julia Stiles|Vincent Guastaferro|Bai Ling|Debi Mazar|Jeffrey Combs,Stuart Gordon,David Mamet
31007,Welcome to the Rileys,Kristen Stewart|James Gandolfini|Melissa Leo|Joe Chrest|Ally Sheedy|Tiffany Coty|Eisa Davis|Lance E. Nichols|Peggy Walton-Walker|Sharon Landry,Jake Scott,Ken Hixon
11546,Police Academy: Mission to Moscow,George Gaynes|G. W. Bailey|Leslie Easterbrook|Michael Winslow|David Graf|Ron Perlman|Charlie Schlatter|Christopher Lee|Claire Forlani|Andrej Annenski,Alan Metter,Pat Proft|Neal Israel
41894,Blood Done Sign My Name,Natalie Alyn Lind|Michael Rooker|Emily Alyn Lind|Omar Benson Miller|Lee Norris|Nate Parker|Ricky Schroder|Lela Rochon|Gattlin Griffith,Jeb Stuart,
184374,Cinco de Mayo: La Batalla,Christian Vazquez|Liz Gallardo|Angélica Aragón|Kuno Becker|Ginés García Millán|Noe Hernandez|Andrés Montiel|Pablo Abitia|Pascacio López|Álvaro García Trujillo,Rafa Lara,Rafa Lara
268171,Elsa & Fred,Shirley MacLaine|Christopher Plummer|Chris Noth|Marcia Gay Harden|Scott Bakula|James Brolin|Jared Gilman|George Segal|Wendell Pierce|Erika Alexander,Michael Radford,Michael Radford|Anna Pavignano
78149,"An Alan Smithee Film: Burn, Hollywood, Burn",Jackie Chan|Sylvester Stallone|Whoopi Goldberg|Eric Idle|Ryan O'Neal|Coolio|Chuck D.|Richard Jeni|Leslie Stefanson|Harvey Weinstein,Alan Smithee|Arthur Hiller,Joe Eszterhas
24663,The Open Road,Justin Timberlake|Jeff Bridges|Kate Mara|Harry Dean Stanton|Mary Steenburgen|Bret Saberhagen|Allen O. Battle III|James Harlon Palmer,Michael Meredith,
39037,The Good Guy,Alexis Bledel|Colin Egglesfield|Anna Chlumsky|Andrew McCarthy|Scott Porter|Bryan Greenberg|Kate Nauta|Aaron Yoo|Trini Alvarado|Christine Evangelista,Julio DePietro,Julio DePietro
22805,Motherhood,Uma Thurman|Minnie Driver|Anthony Edwards|David Schallipp|Matthew Schallipp|Daisy Tahan|Alice Drummond|Stephanie Szostak|Kerry Bishé|Clea Lewis,Katherine Dieckmann,Katherine Dieckmann
39055,Free Style,Corbin Bleu|Sandra Echeverría|Madison Pettis,William Dear,Jeffrey Nicholson|Joshua Leibner
245846,Strangerland,Nicole Kidman|Joseph Fiennes|Hugo Weaving|Lisa Flanagan|Megan Alston|Maddison Brown|Meyne Wyatt|Sean Keenan|Martin Dingle-Wall|Nicholas Hamilton,Kim Farrant,Fiona Seres|Michael Kinirons
25186,Janky Promoters,Ice Cube|Mike Epps|Young Jeezy|Darris Love|Julio Oscar Mechoso|Lil' JJ|Glenn Plummer|Juanita Jennings|Aloma Wright|Jowharah Jones,Marcus Raboy,Ice Cube
15017,Blonde Ambition,Jessica Simpson|Luke Wilson|Rachael Leigh Cook|Penelope Ann Miller|Andy Dick|Larry Miller|Willie Nelson|Penny Marshall,Scott Marshall Smith,Matthew Flanagan|David McHugh
12245,The Oxford Murders,Elijah Wood|John Hurt|Leonor Watling|Julie Cox|Jim Carter|Burn Gorman|Dominique Pinon|Anna Massey|Danny Sapani|Alex Cox,Álex de la Iglesia,Jorge Guerricaechevarría|Álex de la Iglesia
49787,The Reef,Adrienne Pickering|Zoe Naylor|Gyton Grantley|Damian Walshe-Howling|Kieran Darcy-Smith,Andrew Traucki,Andrew Traucki
16358,Eulogy,Hank Azaria|Jesse Bradford|Zooey Deschanel|Glenne Headly|Famke Janssen|Kelly Preston|Ray Romano|Rip Torn|Debra Winger|Piper Laurie,Michael Clancy,Michael Clancy
7006,White Noise 2: The Light,Nathan Fillion|Katee Sackhoff|Craig Fairbrass|Adrian Holmes|Teryl Rothery|William MacDonald|Joshua Ballard|David Milchard|Cory Monteith,Patrick Lussier,Matt Venne
66767,Beat the World,Tyrone Brown|Mishael Morgan|Nikki Grant|Chase Armitage|Ray Johnson|Kristy Flores|Shane Pollard,Robert Adetuyi,Robert Adetuyi
17622,Fifty Dead Men Walking,Ben Kingsley|Jim Sturgess|Kevin Zegers|Rose McGowan|Tom Collins|William Houston|Michael McElhatton|Natalie Press|Gerard Jordan|Laura Hughes,Kari Skogland,Kari Skogland|Martin McGartland|Nicholas Davies
283671,Jungle Shuffle,Drake Bell|Rob Schneider|Brianne Siddall|Joey D'Auria|Jessica DiCicco|Chris Gardner,Taedong Park|Mauricio De la Orta,Johnny Hartmann|Jean Dubois Renaud|Duane Orville Trejo
18516,Adam Resurrected,Jeff Goldblum|Willem Dafoe|Derek Jacobi|Ayelet Zurer|Hana Laslo|Joachim Król|Jenya Dodina|Idan Alterman|Juliane Köhler,Paul Schrader,Yoram Kaniuk|Noah Stollman
217708,Of Horses and Men,Ingvar Eggert Sigurðsson|Charlotte Bøving|Steinn Ármann Magnússon|Kristbjörg Kjeld|Helgi Björnsson|Kjartan Ragnarsson|Sigrídur María Egilsdóttir|Juan Camillo Roman Estrada|Johann Pall Oddson|Halldóra Geirharðsdóttir,Benedikt Erlingsson,Benedikt Erlingsson
42057,It's a Wonderful Afterlife,Shabana Azmi|Goldy Notay|Sendhil Ramamurthy|Sally Hawkins|Mark Addy|Ray Panthaki|Lalita Ahmed|Zoë Wanamaker|Don Warrington|Jimi Mistry,Gurinder Chadha,Gurinder Chadha|Paul Mayeda Berges
17577,The Devil's Tomb,Cuba Gooding Jr.|Ray Winstone|Ron Perlman|Taryn Manning|Stephanie Jacobsen|Valerie Cruz|Franky G|Zack Ward|Henry Rollins|Jason London,Jason Connery,Keith Kjornes
14608,Partition,Kristin Kreuk|Jimi Mistry|Neve Campbell|John Light|Irrfan Khan|Madhur Jaffrey|Chenier Hundal|Jesse Moss,Vic Sarin,Vic Sarin|Patricia Finn
34417,Good Intentions,Luke Perry|LeAnn Rimes|Jimmi Simpson,Jim Issa,
15067,"The Good, The Bad, The Weird",Song Kang-ho|Lee Byung-hun|Jung Woo-sung|Yoon Je-moon|Song Young-chang|Lee Chung-a|Kim Kwang-il|Ma Dong-seok|Jo Kyeong-hun|Lee Hang-soo,Kim Jee-woon,Kim Min-suk|Kim Jee-woon
78383,Nurse 3-D,Paz de la Huerta|Katrina Bowden|Kathleen Turner|Judd Nelson|Boris Kodjoe|Corbin Bleu|Niecy Nash|Adam Herschman|Melanie Scrofano|Michael Eklund,Douglas Aarniokoski,David Loughery
43090,Gunless,Sienna Guillory|Tyler Mane|Callum Keith Rennie|Dustin Milligan|Graham Greene|Laura Bertram|Michael Eklund|Alex Zahara|Glynis Davies|Teach Grant,William Phillips,William Phillips
16614,Adventureland,Jesse Eisenberg|Kristen Stewart|Martin Starr|Kristen Wiig|Bill Hader|Ryan Reynolds|Margarita Levieva|Kelsey Ford|Michael Zegen|Ryan McFarland,Greg Mottola,Greg Mottola
9700,The Lost City,Andy García|Richard Bradford|Nestor Carbonell|Enrique Murciano|Dominik García-Lorido|Dustin Hoffman|Bill Murray|Lorena Feijóo|Steven Bauer|Juan Fernández,Andy García,Guillermo Cabrera Infante|D. Daniel Vujić
10471,Next Friday,Ice Cube|Mike Epps|Justin Pierce|John Witherspoon|Don Curry|Jacob Vargas|Lobo Sebastian|Rolando Molina|Lisa Rodríguez|Tom Lister Jr.,Steve Carr,Ice Cube|DJ Pooh
250066,American Heist,Hayden Christensen|Adrien Brody|Jordana Brewster|Akon|Laura Cayouette|Elena Sanchez|Tory Kittles|Luis Da Silva Jr.|Joe Chrest|Judd Lormand,Sarik Andreasyan,Raul Inglis
667,You Only Live Twice,Sean Connery|Akiko Wakabayashi|Karin Dor|Mie Hama|Tetsurō Tamba|Teru Shimada|Donald Pleasence|Bernard Lee|Lois Maxwell|Desmond Llewelyn,Lewis Gilbert,Roald Dahl|Ian Fleming
208869,Plastic,Ed Speleers|Will Poulter|Alfie Allen|Sebastian de Souza|Emma Rigby|Thomas Kretschmann|Graham McTavish|Malese Jow,Julian Gilbey,Julian Gilbey|Will Gilbey|Chris Howard
86837,Amour,Emmanuelle Riva|Jean-Louis Trintignant|Isabelle Huppert|William Shimell|Rita Blanco|Dinara Drukarova|Carole Franck|Laurent Capelluto|Damien Jouillerot|Walid Afkir,Michael Haneke,Michael Haneke
10306,Poltergeist III,Tom Skerritt|Nancy Allen|Heather O'Rourke|Lara Flynn Boyle|Kipley Wentz|Zelda Rubinstein|Richard Fire|Nathan Davis,Gary Sherman,Gary Sherman|Brian Taggert
106845,Re-Kill,Roger Cross|Scott Adkins|Daniella Alonso|Bruce Payne|Jesse Garcia|Yo Santhaveesuk|Layke Anderson|Rocky Marshall|Stuart Milligan|Henry Garrett,Valeri Milev,Michael Hurst
11576,"It's a Mad, Mad, Mad, Mad World",Spencer Tracy|Milton Berle|Sid Caesar|Buddy Hackett|Mickey Rooney|Moe Howard|Larry Fine|Joe DeRita|Ethel Merman|Dick Shawn,Stanley Kramer,William Rose|Tania Rose
219,Volver,Penélope Cruz|Carmen Maura|Lola Dueñas|Blanca Portillo|Yohana Cobo|Chus Lampreave|Antonio de la Torre|Carlos Blanco|María Isabel Díaz|Neus Sanz,Pedro Almodóvar,Pedro Almodóvar
11827,Heavy Metal,Rodger Bumpass|Jackie Burroughs|Joe Flaherty|Harold Ramis|John Candy|Don Francks|Caroline Semple|Richard Romanus|Susan Roman|Harvey Atkin,Gerald Potterton,Len Blum|Daniel Goldberg|Jean Giraud
22820,Gentlemen Broncos,Michael Angarano|Sam Rockwell|Clive Revill|Jemaine Clement|Jennifer Coolidge|Héctor Jiménez|Suzanne May|Halley Feiffer|Steve Berg,Jared Hess,Jared Hess|Jerusha Hess
31174,Richard III,Ian McKellen|Annette Bening|Jim Broadbent|Kristin Scott Thomas|Adrian Dunbar|Maggie Smith|Tim McInnerny|Robert Downey Jr.|Edward Hardwicke|Nigel Hawthorne,Richard Loncraine,Ian McKellen|William Shakespeare|Richard Loncraine
244316,Into the Grizzly Maze,James Marsden|Thomas Jane|Piper Perabo|Scott Glenn|Michaela McManus|Billy Bob Thornton|Adam Beach|Kelly Curran|Reese Alexander|Luisa D'Oliveira,David Hackl,Guy Moshe|J.R. Reher
37737,Kites,Hrithik Roshan|Bárbara Mori|Kabir Bedi|Kangana Ranaut|Nicholas Brown|Steven Michael Quezada|Ivan Brutsche|Luce Rains|Camme Tyla|Anand Tiwari,Anurag Basu,
62215,Melancholia,Kirsten Dunst|Charlotte Gainsbourg|Kiefer Sutherland|Charlotte Rampling|John Hurt|Alexander Skarsgård|Stellan Skarsgård|Brady Corbet|Udo Kier|Jesper Christensen,Lars von Trier,Lars von Trier
66125,Red Dog,Josh Lucas|Rachael Taylor|Rohan Nichol|Luke Ford|Arthur Angel|John Batchelor|Koko|Keisha Castle-Hughes|Noah Taylor|Loene Carmen,Kriv Stenders,Louis de Bernières|Daniel Taplitz
132316,Jab Tak Hai Jaan,Shah Rukh Khan|Katrina Kaif|Anushka Sharma|Anupam Kher|Bindal Parikh|Prerak Patel|Sharib Hashmi|Jasmine Jardot|Gireesh Sahedev|Amarinder Sodhi,Yash Chopra,Aditya Chopra|Devika Bhagat
348,Alien,Tom Skerritt|Sigourney Weaver|Veronica Cartwright|Harry Dean Stanton|John Hurt|Ian Holm|Yaphet Kotto|Bolaji Badejo|Helen Horton|Eddie Powell,Ridley Scott,Dan O'Bannon|Ronald Shusett
30497,The Texas Chain Saw Massacre,Marilyn Burns|Allen Danziger|Paul A. Partain|William Vail|Teri McMinn|Edwin Neal|Jim Siedow|Gunnar Hansen|John Dugan|Robert Courtin,Tobe Hooper,Tobe Hooper|Kim Henkel
27586,The Runaways,Dakota Fanning|Kristen Stewart|Michael Shannon|Riley Keough|Stella Maeve|Scout Taylor-Compton|Alia Shawkat|Johnny Lewis|Hannah Marks|Keir O'Donnell,Floria Sigismondi,Floria Sigismondi|Cherie Currie
14811,Fiddler on the Roof,Chaim Topol|Norma Crane|Leonard Frey|Molly Picon|Paul Mann|Rosalind Harris|Michele Marsh|Neva Small|Paul Michael Glaser|Ray Lovelock,Norman Jewison,Arnold Perl|Joseph Stein|Sholom Aleichem
660,Thunderball,Sean Connery|Claudine Auger|Adolfo Celi|Luciana Paluzzi|Rik Van Nutter|Guy Doleman|Molly Peters|Martine Beswick|Bernard Lee|Desmond Llewelyn,Terence Young,Ian Fleming|Richard Maibaum|Kevin McClory|Jack Whittingham|John Hopkins
68684,Detention,Shanley Caswell|Josh Hutcherson|Spencer Locke|Dane Cook|A.D. Johnson|Walter Perez|Erica Shaffer|Yves Bright|Parker Bagley|Tiffany Boone,Joseph Kahn,Joseph Kahn|Mark Palermo
40794,Loose Cannons,Nicole Grimaudo|Riccardo Scamarcio|Alessandro Preziosi|Lunetta Savino|Ennio Fantastichini|Elena Sofia Ricci|Ilaria Occhini|Bianca Nappi|Daniele Pecci|Carolina Crescentini,Ferzan Ozpetek,Ferzan Ozpetek
9400,Set It Off,Jada Pinkett Smith|Queen Latifah|Vivica A. Fox|Kimberly Elise|Blair Underwood|John C. McGinley|Ella Joyce|Charles Robinson|Dr. Dre|WC,F. Gary Gray,Takashi Bufford|Kate Lanier
16162,The Best Man,Nia Long|Morris Chestnut|Harold Perrineau|Terrence Howard|Sanaa Lathan|Taye Diggs|Regina Hall|Monica Calhoun,Malcolm D. Lee,Malcolm D. Lee
10585,Child's Play,Catherine Hicks|Chris Sarandon|Alex Vincent|Brad Dourif|Dinah Manoff|Ed Gale,Tom Holland,Tom Holland|Don Mancini|John Lafia
2359,Sicko,Michael Moore|George W. Bush|Bill Clinton|Hillary Clinton|Billy Crystal|Tony Benn,Michael Moore,Michael Moore
238636,The Purge: Anarchy,Frank Grillo|Carmen Ejogo|Zach Gilford|Kiele Sanchez|Zoë Borde|Justina Machado|John Beasley|Jack Conley|Noel Gugliemi|Castulo Guerra,James DeMonaco,James DeMonaco
10472,Down to You,Freddie Prinze Jr.|Julia Stiles|Selma Blair|Shawn Hatosy|Zak Orth|Ashton Kutcher|Rosario Dawson|Henry Winkler|Lucie Arnaz|Lauren German,Kris Isacsson,Kris Isacsson
11282,Harold & Kumar Go to White Castle,John Cho|Kal Penn|Paula Garcés|Neil Patrick Harris|David Krumholtz|Malin Åkerman|Brooke D'Orsay|Steve Braun|Fred Willard|Robert Tinkler,Danny Leiner,Jon Hurwitz|Hayden Schlossberg
6521,The Contender,Gary Oldman|Joan Allen|Jeff Bridges|Christian Slater|Sam Elliott|William Petersen|Saul Rubinek|Philip Baker Hall|Mike Binder|Kathryn Morris,Rod Lurie,Rod Lurie
14181,Boiler Room,Giovanni Ribisi|Vin Diesel|Nia Long|Tom Everett Scott|Ben Affleck|Nicky Katt|Scott Caan|Ron Rifkin|Jamie Kennedy|Kirk Acevedo,Ben Younger,Ben Younger
1621,Trading Places,Eddie Murphy|Dan Aykroyd|Jamie Lee Curtis|Jim Belushi|Denholm Elliott|Ralph Bellamy|Don Ameche|Paul Gleason|Kristin Holby|Frank Oz,John Landis,Herschel Weingrod|Timothy Harris
9656,Black Christmas,Katie Cassidy|Michelle Trachtenberg|Kristen Cloke|Mary Elizabeth Winstead|Lacey Chabert|Andrea Martin|Crystal Lowe|Karin Konoval|Dean Friss|Robert Mann,Glen Morgan,Glen Morgan|Roy Moore
16428,Breakin' All the Rules,Jamie Foxx|Morris Chestnut|Jennifer Esposito|Gabrielle Union|Peter MacNicol|Heather Headley|Octavia Spencer,Daniel Taplitz,Daniel Taplitz
10705,Henry V,Kenneth Branagh|Derek Jacobi|Brian Blessed|James Larkin|Paul Scofield|Emma Thompson|Judi Dench|Simon Shepherd|James Simmons|Charles Kay,Kenneth Branagh,William Shakespeare|Kenneth Branagh
8272,The Savages,Laura Linney|Philip Seymour Hoffman|Philip Bosco|Cara Seymour|Peter Friedman|David Zayas|Gbenga Akinnagbe|Tonye Patano|Guy Boyd|Debra Monk,Tamara Jenkins,Tamara Jenkins
24621,Chasing Papi,Roselyn Sánchez|Sofía Vergara|Jaci Velasquez|Eduardo Verástegui|Lisa Vidal|Freddy Rodríguez|María Conchita Alonso|D. L. Hughley|Germán Legarreta,Linda Mendoza,Steve Antin|Laura Angelica Simon
1619,The Way of the Gun,Benicio del Toro|Ryan Phillippe|Juliette Lewis|James Caan|Taye Diggs|Nicky Katt|Geoffrey Lewis|Sarah Silverman|Dylan Kussman|Scott Wilson,Christopher McQuarrie,Christopher McQuarrie|Mark Lambert Bristol
9685,Igby Goes Down,Kieran Culkin|Claire Danes|Jeff Goldblum|Jared Harris|Amanda Peet|Ryan Phillippe|Bill Pullman|Susan Sarandon|Rory Culkin|Peter Anthony Tambakis,Burr Steers,Burr Steers
14425,PCU,Jeremy Piven|Chris Young|David Spade|Megan Ward|Sarah Trigger|Jon Favreau|Alex Désert|Gale Mayron|Viveka Davis|Jake Busey,Hart Bochner,Zak Penn|Adam Leff
14624,The Ultimate Gift,James Garner|Drew Fuller|Abigail Breslin|Ali Hillis|Bill Cobbs|Lee Meriwether|Brett Rice|Parker Mack|James Markham Hall Jr.|D. David Morin,Michael O. Sajbel,Cheryl McKay|Jim Stovall
10179,The Ice Pirates,Robert Urich|Mary Crosby|Michael D. Roberts|Anjelica Huston|John Matuszak|Ron Perlman|John Carradine|Natalie Core|Jeremy West|Bruce Vilanch,Stewart Raffill,Stanford Sherman|Stewart Raffill
15568,Gracie,Jesse Lee Soffer|Christopher Shand|Carly Schroeder|Karl Girolamo|Vasilios Mantagas|Donny Gray|Dermot Mulroney|Hunter Schroeder|Trevor Heins|Elisabeth Shue,Davis Guggenheim,
14057,Trust the Man,David Duchovny|Julianne Moore|Billy Crudup|Maggie Gyllenhaal|Justin Bartha|Eva Mendes|Ellen Barkin|Garry Shandling|Sterling K. Brown|Liam Broggy,Bart Freundlich,Bart Freundlich
12621,Hamlet 2,Steve Coogan|Catherine Keener|Joseph Julian Soria|Melonie Diaz|Arnie Pantoja|Skylar Astin|Phoebe Strole|Michael Esparza|Natalie Amenula|Marshall Bell,Andrew Fleming,Pam Brady|Andrew Fleming
1808,Velvet Goldmine,Ewan McGregor|Christian Bale|Jonathan Rhys Meyers|Janet McTeer|Toni Collette|Eddie Izzard|Micko Westmoreland|Alastair Cumming|Emily Woof|Joseph Beattie,Todd Haynes,Todd Haynes|James Lyons
293670,The Wailing,Kwak Do-won|Hwang Jung-min|Chun Woo-hee|Jun Kunimura|Kim Hwan-hee|Heo Jin|Jang So-yeon|Jo Han-cheol|Son Kang-gook|Sung-yeon Park,Na Hong-jin,Na Hong-jin
67675,Glee: The Concert Movie,Dianna Agron|Lea Michele|Gwyneth Paltrow|Darren Criss|Chris Colfer|Jane Lynch|Cory Monteith|Heather Morris|Kevin McHale|Chord Overstreet,Kevin Tancharoen,Ryan Murphy|Ian Brennan|Brad Falchuk
27329,The Legend of Suriyothai,M.L. Piyapas Bhirombhakdi|Sarunyu Wongkrachang|Chatchai Plengpanich|Johnny Anfone|Mai Charoenpura|Sinjai Plengpanit,Chatrichalerm Yukol,Chatrichalerm Yukol|Sunait Chutintaranond
29514,Two Evil Eyes,Adrienne Barbeau|Harvey Keitel|Ramy Zada|E.G. Marshall|Madeleine Potter|Bingo O'Malley|John Amos|Kim Hunter|Martin Balsam|Sally Kirkland,George A. Romero|Dario Argento,George A. Romero|Franco Ferrini|Dario Argento|Edgar Allan Poe
250349,Barbecue,Lambert Wilson|Franck Dubosc|Florence Foresti|Guillaume de Tonquédec|Jérôme Commandeur|Valérie Crouzet|Sophie Duez|Lionel Abelanski|Marc Fayet|Antoine Blanquefort,Eric Lavaine,Héctor Cabello Reyes|Eric Lavaine
12454,All or Nothing,James Corden|Timothy Spall|Ruth Sheen|Lesley Manville|Sally Hawkins|Alison Garland|Kathryn Hunter|Paul Jesson|Daniel Mays|Helen Coker,Mike Leigh,Mike Leigh
39806,Princess Kaiulani,Q'orianka Kilcher|Barry Pepper|Will Patton|Jimmy Yuill|Shaun Evans,Marc Forby,
15699,Opal Dream,Sapphire Boyce|Christian Byers|Vince Colosimo|Jacqueline McKenzie|Robert Morgan|Anna Linarello|Denise Roberts|Peter Callan,Peter Cattaneo,Peter Cattaneo|Phil Traill|Ben Rice
8883,Flame & Citron,Thure Lindhardt|Mads Mikkelsen|Stine Stengade|Peter Mygind|Mille Lehfeldt|Christian Berkel|Hanns Zischler|Flemming Enevold|Lars Mikkelsen|Jesper Christensen,Ole Christian Madsen,Ole Christian Madsen|Lars Andersen
17926,Undiscovered,Kip Pardue|Carrie Fisher|Shannyn Sossamon|Pell James|Steven Strait|Stephen Moyer|Ashlee Simpson|Fisher Stevens|Perrey Reeves|Peter Weller,Meiert Avis,John Galt
291081,Red Riding: In the Year of Our Lord 1974,Andrew Garfield|David Morrissey|John Henshaw|Anthony Flanagan|Warren Clarke|Jennifer Hennessy|Mary Jo Randle|Rachel Jane Allen|Rita May|Graham Walker,Julian Jarrold,Tony Grisoni|David Peace
41248,The Girl on the Train,Michel Blanc|Catherine Deneuve|Émilie Dequenne|Nicolas Duvauchelle|Mathieu Demy|Ronit Elkabetz|Jérémie Quaegebeur,André Téchiné,Odile Barski|André Téchiné
25968,Veronika Decides to Die,Sarah Michelle Gellar|David Thewlis|Jonathan Tucker|Erika Christensen|Melissa Leo|Erica Gimpel|Waleed Zuaiter|Victor Slezak|Adrian Martinez|Florencia Lozano,Emily Young,Larry Gross|Paulo Coelho
9671,Crocodile Dundee,Paul Hogan|Linda Kozlowski|Mark Blum|David Gulpilil|Michael Lombard|John Meillon|Ritchie Singer|Reginald VelJohnson|Rik Colitti|John Snyder,Peter Faiman,Paul Hogan|John Cornell|Ken Shadie
52010,"Ultramarines: A Warhammer 40,000 Movie",Terence Stamp|John Hurt|Sean Pertwee|Steven Waddington|Donald Sumpter|Johnny Harris|Ben Bishop|Christopher Finney|Gary Martin,Martyn Pick,Dan Abnett
11588,The I Inside,Ryan Phillippe|Sarah Polley|Piper Perabo|Robert Sean Leonard|Stephen Rea|Rakie Ayola|Paul John Borde|Peter Egan|Stephen Lang|Stephen Graham,Roland Suso Richter,Michael Cooney
43418,Beneath Hill 60,Brendan Cowell|Harrison Gilbertson|Steve Le Marquand|Gyton Grantley|Alan Dukes|Alex Thompson|Warwick Young|Mark Coles Smith|Anthony Hayes|Leon Ford,Jeremy Sims,David Roach
71157,Polisse,Karin Viard|JoeyStarr|Marina Foïs|Nicolas Duvauchelle|Maïwenn|Karole Rocher|Emmanuelle Bercot|Frédéric Pierrot|Arnaud Henriet|Naidra Ayadi,Maïwenn,Emmanuelle Bercot|Maïwenn
13483,Awake,Hayden Christensen|Jessica Alba|Terrence Howard|Lena Olin|Charlie Hewson|Christopher McDonald|Sam Robards|Arliss Howard|Fisher Stevens|Georgina Chapman,Joby Harold,Joby Harold
333355,Star Wars: Clone Wars: Volume 1,Tom Kane|Corey Burton|Mat Lucas|James Arnold Taylor|André Sogliuzzo|Nick Jameson|Nick Jameson|Daran Norris|Cree Summer|Tataya Yassukovich,Genndy Tartakovsky,George Lucas|Darrick Bachman|Mark Andrews|Genndy Tartakovsky|Bryan Andrews|Paul Rudish
327833,Skin Trade,Dolph Lundgren|Tony Jaa|Ron Perlman|Celina Jade|Michael Jai White|Peter Weller|Conan Stevens|Cary-Hiroyuki Tagawa|Tasya Teles|Mike Dopud,Ekachai Uekrongtham,Dolph Lundgren|John Hyams|Gabriel Dowrick
1547,The Lost Boys,Jason Patric|Corey Haim|Corey Feldman|Dianne Wiest|Kiefer Sutherland|Jami Gertz|Edward Herrmann|Jamison Newlander|Billy Wirth|Alex Winter,Joel Schumacher,Janice Fischer|James Jeremias
25196,Crazy Heart,Jeff Bridges|Maggie Gyllenhaal|Colin Farrell|Robert Duvall|Paul Herman|Tom Bower|Brian Gleason|J. Michael Oliva|Beth Grant,Scott Cooper,Scott Cooper|Thomas Cobb
16323,The Rose,Bette Midler|Alan Bates|Frederic Forrest|Harry Dean Stanton|David Keith|Doris Roberts|Don Calfa|James Keane|John Dennis Johnston|Jonathan Banks,Mark Rydell,Bo Goldman|Michael Cimino|Bill Kerby
175528,Baggage Claim,Paula Patton|Adam Brody|Djimon Hounsou|Taye Diggs|Christina Milian|Derek Luke|Tia Mowry-Hardrict|Terrence Jenkins|Lauren London|La La Anthony,David E. Talbert,David E. Talbert
8069,Barbarella,Jane Fonda|John Phillip Law|Anita Pallenberg|Marcel Marceau|Claude Dauphin|Milo O'Shea|Véronique Vendell|Serge Marquand|Catherine Chevallier|Marie Therese Chevallier,Roger Vadim,Terry Southern|Jean-Claude Forest|Vittorio Bonicelli|Claude Brulé|Brian Degas|Tudor Gates|Roger Vadim|Clement Biddle Wood
71805,Shipwrecked,Stian Smestad|Gabriel Byrne|Louisa Milwood-Haigh|Bjørn Sundquist|Joachim Rafaelsen|William Ilkley|Trond Peter Stamsø Munch|Eva von Hanno|Kjell Stormoen|Karl Sundby,Nils Gaup,Nils Gaup|Nick Thiel|Bob Foss|O.V. Falck-Ytter|Greg Dinner
9451,Election,Matthew Broderick|Reese Witherspoon|Chris Klein|Jessica Campbell|Mark Harelik|Phil Reeves|Molly Hagan|Delaney Driscoll|Colleen Camp|Frankie Ingrassia,Alexander Payne,Jim Taylor|Alexander Payne
16727,The Namesake,Kal Penn|Tabu|Irrfan Khan|Sahira Nair|Jacinda Barrett|Zuleikha Robinson|Ruma Guha Thakurta|Sabyasachi Chakraborty|Supriya Choudhury,Mira Nair,Sooni Taraporevala|Jhumpa Lahiri
272693,The DUFF,Mae Whitman|Robbie Amell|Bella Thorne|Bianca A. Santos|Skyler Samuels|Romany Malco|Nick Eversman|Chris Wylde|Ken Jeong|Allison Janney,Ari Sandel,Josh A. Cagan|Kody Keplinger|Kelli Lee
10696,Glitter,Mariah Carey|Max Beesley|Terrence Howard|Valarie Pettiford|Padma Lakshmi|Tia Texada|Da Brat|Eric Benet|Don Ackerman,Vondie Curtis-Hall,Kate Lanier
150202,The Haunting in Connecticut 2: Ghosts of Georgia,Chad Michael Murray|Katee Sackhoff|Abigail Spencer|Cicely Tyson|Emily Alyn Lind|Andrea Frankle|Lauren Pennington,Tom Elkins,David Coggeshall
19644,Silmido,Sol Kyung-gu|Heo Jun-ho|Ahn Sung-Ki|Jung Jae-young|Im Won-hee|Kang Shin-il|Ji-Hwan Jo|Kang Seong-jin,Kang Woo-Suk,Hie-jae Kim
29963,Bright Star,Abbie Cornish|Ben Whishaw|Paul Schneider|Kerry Fox|Edie Martin|Thomas Brodie-Sangster|Claudie Blakley|Gerard Monaco|Antonia Campbell-Hughes|Samuel Roukin,Jane Campion,Jane Campion
26022,My Name Is Khan,Shah Rukh Khan|Kajol|Jimmy Shergill|Zarina Wahab|Tanay Chheda|Sheetal Menon|Arif Zakaria|Arjun Mathur|Christopher B. Duncan|Nicolas Pajon,Karan Johar,Shibani Bathija|Niranjan Iyengar
152747,All Is Lost,Robert Redford,J.C. Chandor,J.C. Chandor
62676,Limbo,Mary Elizabeth Mastrantonio|David Strathairn|Vanessa Martinez|Kris Kristofferson,John Sayles,John Sayles
20360,Namastey London,Akshay Kumar|Katrina Kaif|Rishi Kapoor|Clive Standen|Upen Patel|Javed Sheikh|Tiffany Mulheron|Ritesh Deshmukh|Nina Wadia|Shaana Diya,Vipul Amrutlal Shah,Suresh Nair|Ritesh Shah
1116,The Wind That Shakes the Barley,Cillian Murphy|Pádraic Delaney|Liam Cunningham|Orla Fitzgerald|Gerard Kearney|William Ruane|Roger Allam|Laurence Barry|Sabrina Barry|Kieran Aherne,Ken Loach,Paul Laverty
185008,Yeh Jawaani Hai Deewani,Ranbir Kapoor|Deepika Padukone|Kalki Koechlin|Aditya Roy Kapoor|Kunaal Roy Kapur|Evelyn Sharma,Ayan Mukherjee,Ayan Mukherjee
11620,Quo Vadis,Robert Taylor|Deborah Kerr|Leo Genn|Peter Ustinov|Patricia Laffan|Finlay Currie|Abraham Sofaer|Marina Berti|Buddy Baer|Felix Aylmer,Mervyn LeRoy|Anthony Mann,John Lee Mahin|S.N. Behrman|Sonya Levien|Henryk Sienkiewicz
14353,Repo! The Genetic Opera,Alexa PenaVega|Paul Sorvino|Anthony Stewart Head|Sarah Brightman|Paris Hilton|Bill Moseley|Nivek Ogre|Terrance Zdunich|Sarah Power|Jessica Horn,Darren Lynn Bousman,Terrance Zdunich|Darren Smith
11818,Valley of the Wolves: Iraq,Muhammed Necati Şaşmaz|Billy Zane|Ghassan Massoud|Gurkan Uygun|Bergüzar Korel|Gary Busey,Serdar Akar|Sadullah Şentürk,Bahadir Özdener|Raci Şaşmaz
680,Pulp Fiction,John Travolta|Samuel L. Jackson|Uma Thurman|Bruce Willis|Ving Rhames|Harvey Keitel|Eric Stoltz|Tim Roth|Amanda Plummer|Maria de Medeiros,Quentin Tarantino,Quentin Tarantino|Roger Avary
11176,The Muppet Movie,Jim Henson|Frank Oz|Jerry Nelson|Richard Hunt|Dave Goelz|Charles Durning|Austin Pendleton|Edgar Bergen|Milton Berle|Mel Brooks,James Frawley,Jerry Juhl|Jack Burns
242582,Nightcrawler,Jake Gyllenhaal|Rene Russo|Riz Ahmed|Bill Paxton|Kevin Rahm|Michael Hyatt|Ann Cusack|Kathleen York|Carolyn Gilroy|Price Carson,Dan Gilroy,Dan Gilroy|Warren Drummond
11217,Club Dread,Kevin Heffernan|Jay Chandrasekhar|Paul Soter|Erik Stolhanske|Tanja Reichert|Bill Paxton|Brittany Daniel|Jordan Ladd|Nat Faxon|Julio Bekhor,Jay Chandrasekhar,Jay Chandrasekhar|Steve Lemme|Kevin Heffernan|Erik Stolhanske|Paul Soter|Ryan Falkner
15121,The Sound of Music,Julie Andrews|Christopher Plummer|Eleanor Parker|Richard Haydn|Peggy Wood|Charmian Carr|Heather Menzies|Nicholas Hammond|Duane Chase|Angela Cartwright,Robert Wise,Ernest Lehman|Howard Lindsay|Russel Crouse
2619,Splash,Tom Hanks|Daryl Hannah|Eugene Levy|John Candy|Dody Goodman|Shecky Greene|Richard B. Shull|Bobby Di Cicco|Howard Morris|Lowell Ganz,Ron Howard,Brian Grazer|Lowell Ganz|Babaloo Mandel|Bruce Jay Friedman
773,Little Miss Sunshine,Greg Kinnear|Toni Collette|Steve Carell|Paul Dano|Abigail Breslin|Alan Arkin|Bryan Cranston|Beth Grant|Wallace Langham|Matt Winston,Jonathan Dayton|Valerie Faris,Michael Arndt
235,Stand by Me,Wil Wheaton|River Phoenix|Corey Feldman|Jerry O'Connell|Kiefer Sutherland|Richard Dreyfuss|John Cusack|Casey Siemaszko|Bradley Gregg|Marshall Bell,Rob Reiner,Stephen King|Bruce A. Evans|Raynold Gideon
170,28 Days Later,Cillian Murphy|Naomie Harris|Noah Huntley|Christopher Dunne|Emma Hitching|Alexander Delamere|Kim McGarrity|Brendan Gleeson|Megan Burns|Justin Hackney,Danny Boyle,Alex Garland|Brian Eno
14114,You Got Served,Marques Houston|Omarion|J-Boog|Lil' Fizz|Raz B|Jennifer Freeman,Chris Stokes,
10734,Escape from Alcatraz,Clint Eastwood|Patrick McGoohan|Roberts Blossom|Jack Thibeau|Fred Ward|Paul Benjamin|Larry Hankin|Bruce M. Fischer|Frank Ronzio|Fred Stuthman,Don Siegel,Richard Tuggle|J. Campbell Bruce
37964,Brown Sugar,Sanaa Lathan|Taye Diggs|Yasiin Bey|Queen Latifah|Nicole Ari Parker|Boris Kodjoe|Sterling K. Brown|Wendell Pierce|Big Daddy Kane|Ahmir-Khalib Thompson,Rick Famuyiwa,Michael Elliot
28121,A Thin Line Between Love and Hate,Lynn Whitfield|Martin Lawrence|Regina King|Della Reese|Bobby Brown,Martin Lawrence,Martin Lawrence|Kim Bass|Bentley Kyle Evans|Kenny Buford
40807,50/50,Joseph Gordon-Levitt|Seth Rogen|Anna Kendrick|Bryce Dallas Howard|Anjelica Huston|Serge Houde|Andrew Airlie|Sugar Lyn Beard|Matt Frewer|Philip Baker Hall,Jonathan Levine,Will Reiser
10885,Shutter,Joshua Jackson|Rachael Taylor|Megumi Okina|David Denman|Eri Otoguro|John Hensley|Maya Hazen|James Kyson|Yoshiko Miyazaki|Kei Yamamoto,Masayuki Ochiai,Luke Dawson
225565,That Awkward Moment,Zac Efron|Miles Teller|Michael B. Jordan|Imogen Poots|Mackenzie Davis|Jessica Lucas|Addison Timlin|Josh Pais|Evelina Turen|Emily Meade,Tom Gormican,Tom Gormican
16471,Modern Problems,Chevy Chase|Patti D'Arbanville|Dabney Coleman|Mary Kay Place|Nell Carter|Brian Doyle-Murray|Mitch Kreindel|Arthur Sellers|Sandy Helberg|Neil Thompson,Ken Shapiro,Tom Sherohman|Ken Shapiro|Arthur Sellers
385736,Kicks,Mahershala Ali|Kofi Siriboe|Christopher Meyer|Natalie Stephany Aguilar|Christopher Jordan Wallace|Jahking Guillory|Molly Shaiken|Donté Clark|Dyendis Davis-Jones|Kyndall Ferguson,Justin Tipping,Justin Tipping|Joshua Beirne-Golden
11971,Much Ado About Nothing,Kenneth Branagh|Richard Briers|Michael Keaton|Robert Sean Leonard|Keanu Reeves|Emma Thompson|Denzel Washington|Kate Beckinsale|Jimmy Yuill|Brian Blessed,Kenneth Branagh,William Shakespeare|Kenneth Branagh
668,On Her Majesty's Secret Service,George Lazenby|Diana Rigg|Telly Savalas|Gabriele Ferzetti|Ilse Steppat|Angela Scoular|Lois Maxwell|George Baker|Bernard Lee|Desmond Llewelyn,Peter R. Hunt,Ian Fleming|Richard Maibaum
11596,New Nightmare,Heather Langenkamp|Robert Englund|Miko Hughes|Wes Craven|David Newsom|Tracy Middendorf|John Saxon|Jeff Davis|Matt Winston|Rob LaBelle,Wes Craven,Wes Craven
14429,Drive Me Crazy,Melissa Joan Hart|Stephen Collins|Adrian Grenier|Susan May Pratt|Ali Larter|Keri Lynn Pratt|Mark Metcalf|William Converse-Roberts|Faye Grant|Kris Park,John Schultz,Robert Thomas
13751,Akeelah and the Bee,Keke Palmer|Laurence Fishburne|Angela Bassett|Curtis Armstrong|J.R. Villarreal|Sean Michael Afable|Sahara Garey|Lee Thompson Young|Julito McCullum|Erica Hubbard,Doug Atchison,Doug Atchison
9490,Half Baked,Dave Chappelle|Tommy Chong|Harland Williams|Guillermo Díaz|Jim Breuer|Rachel True|Snoop Dogg|Clarence Williams III|Laura Silverman|David Mucci,Tamra Davis,Dave Chappelle|Neal Brennan
14536,New in Town,Renée Zellweger|Harry Connick Jr.|J.K. Simmons|Siobhan Fallon|Mike O'Brien|Frances Conroy|Ferron Guerreiro|Barbara James Smith|James Durham|Robert Small,Jonas Elmer,C. Jay Cox|Ken Rance
1359,American Psycho,Christian Bale|Willem Dafoe|Jared Leto|Josh Lucas|Samantha Mathis|Matt Ross|Bill Sage|Chloë Sevigny|Cara Seymour|Justin Theroux,Mary Harron,Mary Harron|Bret Easton Ellis|Guinevere Turner
9962,The Good Girl,Jennifer Aniston|Jake Gyllenhaal|Zooey Deschanel|John C. Reilly|Deborah Rush|Mike White|John Carroll Lynch|Tim Blake Nelson|John Doe|Roxanne Hart,Miguel Arteta,Mike White
15049,Bon Cop Bad Cop,Patrick Huard|Colm Feore|Michel Beaudry|Patrice Bélanger|Hugolin Chevrette-Landesque|Richard Howland|Erik Knudsen|Sarah-Jeanne Labrosse|Sarain Boylan|Nicolas Canuel,Erik Canuel,Kevin Tierney|Leila Basen
22821,The Boondock Saints II: All Saints Day,Sean Patrick Flanery|Norman Reedus|Billy Connolly|Clifton Collins Jr|Julie Benz|Peter Fonda|Paul Johansson|Judd Nelson|David Della Rocco|Bob Marley,Troy Duffy,Troy Duffy|Taylor Duffy
42819,The City of Your Final Destination,Nicholas Blandullo|Sofia Viruboff|Omar Metwally|Alexandra Maria Lara|Charlotte Gainsbourg|Laura Linney|Norma Argentina|Hector Fonseca|Anthony Hopkins|Norma Aleandro,James Ivory,Ruth Prawer Jhabvala|Peter Cameron
209263,Enough Said,Julia Louis-Dreyfus|Catherine Keener|James Gandolfini|Toni Collette|Ben Falcone|Amy Landecker|Michaela Watkins|Kathleen Rose Perkins|Toby Huss|Eve Hewson,Nicole Holofcener,Nicole Holofcener
37735,Easy A,Emma Stone|Stanley Tucci|Amanda Bynes|Cam Gigandet|Lisa Kudrow|Malcolm McDowell|Penn Badgley|Patricia Clarkson|Dan Byrd|Thomas Haden Church,Will Gluck,Bert V. Royal
59930,The Inkwell,Larenz Tate|Joe Morton|Suzzanne Douglas|Glynn Turman|Vanessa Bell Calloway|A.J. Johnson|Morris Chestnut|Jada Pinkett Smith|Duane Martin,Matty Rich,
10873,Shadow of the Vampire,John Malkovich|Willem Dafoe|Udo Kier|Cary Elwes|Catherine McCormack|Eddie Izzard|Aden Gillett|Nicholas Elliott|Ronan Vibert|Sophie Langevin,E. Elias Merhige,Steven Katz
51588,Prom,Aimee Teegarden|Thomas McDonell|Nicholas Braun|Faith Ford|Danielle Campbell|DeVaughn Nixon|Yin Chang|Jared Kusnitz|Nolan Sotillo|Cameron Monaghan,Joe Nussbaum,Katie Wech
23570,The Pallbearer,David Schwimmer|Gwyneth Paltrow|Michael Rapaport|Toni Collette|Carol Kane|Michael Vartan|Bitty Schram|Jean De Baer|Elizabeth Franz|Mark Margolis,Matt Reeves,Matt Reeves|Jason Katims
19489,Held Up,Jamie Foxx|Nia Long|Barry Corbin|John Cullum|Jake Busey|Roselyn Sánchez|Eduardo Yáñez|Sarah Paulson|Diego Fuentes|Michael Shamus Wiles,Steve Rash,Erik Fleming|Jeff Eastin
14629,Woman on Top,Penélope Cruz|Murilo Benicio|Mark Feuerstein|John de Lancie|Anne Ramsay|Ana Gasteyer|Harold Perrineau,Fina Torres,Vera Blasi
8293,Howards End,Vanessa Redgrave|Helena Bonham Carter|Emma Thompson|Prunella Scales|Anthony Hopkins|Joseph Bennett|Adrian Ross Magenty|Jo Kendall|Samuel West|James Wilby,James Ivory,E.M. Forster|Ruth Prawer Jhabvala
291270,Anomalisa,David Thewlis|Jennifer Jason Leigh|Tom Noonan,Charlie Kaufman|Duke Johnson,Charlie Kaufman
44009,Another Year,Jim Broadbent|Lesley Manville|Ruth Sheen|Oliver Maltman|Peter Wight|David Bradley|Martin Savage|Karina Fernandez|Michele Austin|Phil Davis,Mike Leigh,Mike Leigh
1958,8 Women,Catherine Deneuve|Isabelle Huppert|Emmanuelle Béart|Fanny Ardant|Virginie Ledoyen|Ludivine Sagnier|Firmine Richard|Danielle Darrieux|Dominique Lamure,François Ozon,François Ozon|Robert Thomas
13154,Showdown in Little Tokyo,Dolph Lundgren|Brandon Lee|Cary-Hiroyuki Tagawa|Tia Carrere|Philip Tan|Rodney Kageyama|Ernie Lively|Renee Griffin|Reid Asato|Takayo Fischer,Mark L. Lester,Stephen Glantz|Caliope Brattlestreet
26618,Clay Pigeons,Joaquin Phoenix|Vince Vaughn|Janeane Garofalo|Gregory Sporleder|Georgina Cates|Vince Vieluf|Joseph D. Reitman|Nicole Arlyn,David Dobkin,Matthew L. Healy
43923,It's Kind of a Funny Story,Keir Gilchrist|Emma Roberts|Zach Galifianakis|Viola Davis|Zoë Kravitz|Thomas Mann|Lauren Graham|Jim Gaffigan|Jeremy Davies|Aasif Mandvi,Ryan Fleck|Anna Boden,Ryan Fleck|Anna Boden|Ned Vizzini
46138,Made in Dagenham,Sally Hawkins|Bob Hoskins|Miranda Richardson|Geraldine James|Simon Nehan|Andrea Riseborough|Jaime Winstone|Lorraine Stanley|Nicola Duffett|Matthew Aubrey,Nigel Cole,William Ivory
45791,When Did You Last See Your Father?,Jim Broadbent|Colin Firth|Juliet Stevenson|Gina McKee|Sarah Lancashire|Elaine Cassidy|Claire Skinner|Matthew Beard|Bradley Johnson|Carey Mulligan,Anand Tucker,Blake Morrison|David Nicholls
26306,Prefontaine,Jared Leto|R. Lee Ermey|Ed O'Neill|Breckin Meyer|Lindsay Crouse|Amy Locane|Laurel Holloman,Steve James,Steve James
110683,The Wicked Lady,Faye Dunaway|John Gielgud|Denholm Elliott|Alan Bates|Prunella Scales|Oliver Tobias|Glynis Barber|Joan Hickson|Helena McCarthy|Mollie Maureen,Michael Winner,Michael Winner|Leslie Arliss|Magdalen King-Hall
26963,The Secret of Kells,Evan McGuire|Christen Mooney|Brendan Gleeson|Mick Lally|Liam Hourican|Paul Tylak|Michael McGrath|Paul Young,Tomm Moore|Nora Twomey,Fabrice Ziolkowski
198277,Begin Again,Mark Ruffalo|Keira Knightley|Adam Levine|Hailee Steinfeld|Catherine Keener|James Corden|Yasiin Bey|Aya Cash|Maddie Corman|Karen Pittman,John Carney,John Carney
7870,Down in the Valley,Edward Norton|Evan Rachel Wood|David Morse|Rory Culkin|Bruce Dern|John Diehl|Geoffrey Lewis|Elizabeth Peña|Kat Dennings|Hunter Parrish,David Jacobson,David Jacobson
13072,Brooklyn Rules,Alec Baldwin|Paulo Araujo|Daniel Tay|Ty Thomas Reed|Brian O'Neill|Scott Caan|Jerry Ferrara|Freddie Prinze Jr.|Mena Suvari|Monica Keena,Michael Corrente,Terence Winter
153397,Restless,Hayley Atwell|Rufus Sewell|Michelle Dockery|Michael Gambon|Charlotte Rampling|Alexander Fehling|James Norton|Adrian Scarborough|Bertie Carvel|Tom Brooke,Edward Hall,William Boyd
30141,The Singing Detective,Robert Downey Jr.|Robin Wright|Mel Gibson|Jeremy Northam|Katie Holmes|Adrien Brody|Jon Polito|Carla Gugino|Alfre Woodard|Amy Aquino,Keith Gordon,Dennis Potter
17044,The Land Girls,Catherine McCormack|Rachel Weisz|Anna Friel|Paul Bettany|Steven Mackintosh,David Leland,
10288,Fido,Billy Connolly|Carrie-Anne Moss|Dylan Baker|Kesun Loder|Henry Czerny|Tim Blake Nelson|Sonja Bennett|Alexia Fast|Aaron Brown|Brandon Olds,Andrew Currie,Andrew Currie|Robert Chomiak|Dennis Heaton
12183,The Wendell Baker Story,Luke Wilson|Eva Mendes|Jacob Vargas|Owen Wilson|Kris Kristofferson|Harry Dean Stanton|Seymour Cassel|Eddie Griffin|Will Ferrell|Angela Alvarado,Luke Wilson|Andrew Wilson,Luke Wilson
44147,Wild Target,Bill Nighy|Emily Blunt|Rupert Grint|Rupert Everett|Eileen Atkins|Martin Freeman|Gregor Fisher|Geoff Bell|Rory Kinnear|Duncan Duff,Jonathan Lynn,Pierre Salvadori|Lucinda Coxon
12192,Pathology,Milo Ventimiglia|Alyssa Milano|Michael Weston|Lauren Lee Smith|Johnny Whitworth|John de Lancie|Meiling Melançon,Marc Schölermann,Brian Taylor|Mark Neveldine
36597,Wuthering Heights,Tom Hardy|Charlotte Riley|Andrew Lincoln|Sarah Lancashire|Burn Gorman|Rosalind Halstead|Rebecca Night|Tom Payne|Andrew Hawley|Kevin McNally,Coky Giedroyc,Emily Brontë|Peter Bowker
13197,10th & Wolf,James Marsden|Brian Dennehy|Leo Rossi|Dennis Hopper|Giovanni Ribisi|Tony Luke Jr.|John Capodice|Billy Gallo|Ken Garito|Dash Mihok,Robert Moresco,Robert Moresco|Allan Steele
10913,Dear Wendy,Jamie Bell|Bill Pullman|Michael Angarano|Danso Gordon|Alison Pill|Chris Owen|Mark Webber|Novella Nelson,Thomas Vinterberg,Lars von Trier
251321,Aloft,Jennifer Connelly|Mélanie Laurent|Cillian Murphy|William Shimell|Zen McGrath|Peter McRobbie|Winta McGrath|Nancy Drake|Judy Cook|Carson Nattrass,Claudia Llosa,Claudia Llosa
149,Akira,Mitsuo Iwata|Nozomu Sasaki|Mami Koyama|Tesshou Genda|Hiroshi Ohtake|Kōichi Kitamura|Yuriko Fuchizaki|Masaaki Ōkura|Takeshi Kusao|Kazuhiro Kamifuji,Katsuhiro Ōtomo,Katsuhiro Ōtomo|Izo Hashimoto
10425,The Death and Life of Bobby Z,Paul Walker|Laurence Fishburne|Olivia Wilde|Jason Lewis|Michael Bowen|Richard Bairos|Jarrod Bunch|Shirly Brener|Keith Carradine|Chuck Liddell,John Herzfeld,Don Winslow|Bob Krakower|Allen Lawrence
49081,The Rocket: The Legend of Rocket Richard,Roy Dupuis|Michel Barrette|Rémy Girard|Tony Calabretta|Sean Avery|Philip Craig|Paul Doucet|Pascal Dupuis,Charles Binamé,
256687,Swelter,Jean-Claude Van Damme|Brad Carter|Josh Henderson|Alfred Molina|Lennie James|Freya Tingley|Grant Bowler|Catalina Sandino Moreno,Keith Parmer,Keith Parmer
220488,My Lucky Star,Zhang Ziyi|Leehom Wang|Ruby Lin|Yao Chen|Ada Choi|Terri Kwan|Ryan Zheng Kai|Jack Kao Kuo-Hsin|Morris Rong Xiang|Liu Hua,Dennie Gordon,Chris Chow|Dennie Gordon|Ming Beaver Kwei|Amy Snow|Hai Huang|Yao Meng
1544,Imagine Me & You,Piper Perabo|Lena Headey|Matthew Goode|Celia Imrie|Darren Boyd|Sharon Horgan|Sue Johnston|Boo Jackson|Vinette Robinson|Eva Birthistle,Ol Parker,Ol Parker
374461,Mr. Church,Eddie Murphy|Britt Robertson|Natascha McElhone|Xavier Samuel|Lucy Fry|Christian Madsen|Mckenna Grace|Natalie Coughlin|Madison Wolfe|Lincoln Melcher,Bruce Beresford,Susan McMartin
302,Swimming Pool,Charlotte Rampling|Ludivine Sagnier|Charles Dance|Jean-Marie Lamour|Marc Fayolle|Mireille Mossé|Michel Fau|Jean-Claude Lecas|Emilie Gavois-Kahn|Erarde Forestali,François Ozon,François Ozon|Emmanuèle Bernheim
182873,Green Street Hooligans: Underground,Scott Adkins|Joey Ansah|Kacey Clarke|Mark Wingett|Roberta Taylor|George Russo|Billy Cook|Marcus Byron Keating|Christian Howard|Mike Fury,James Nunn,Ronnie Thompson
21512,The Blood of Heroes,Rutger Hauer|Joan Chen|Delroy Lindo|Anna Katarina|Vincent D'Onofrio|Gandhi MacIntyre|Justin Monjo|Casey Huang|Quang Dinh|John Doumtsis,David Webb Peoples,David Webb Peoples
389425,Code of Honor,Steven Seagal|Craig Sheffer|Louis Mandylor|Helena Mattsson|Griff Furst|Michael Flynn|R. D. Call|James Russo|Scott Takeda|Marc Winnick,Michael Winnick,Michael Winnick
403,Driving Miss Daisy,Morgan Freeman|Jessica Tandy|Dan Aykroyd|Patti LuPone|Esther Rolle|Joann Havrilla|William Hall Jr.|Clarice F. Geigerman|Muriel Moore|Sylvia Kaler,Bruce Beresford,Alfred Uhry
29461,Soul Food,Vivica A. Fox|Nia Long|Michael Beach|Mekhi Phifer|Brandon Hammond|Jeffrey D. Sams|Gina Ravera|Irma P. Hall|Vanessa Williams|Marcia Wright,"George Tillman, Jr.","George Tillman, Jr."
33542,Rumble in the Bronx,Jackie Chan|Anita Mui|Françoise Yip|Bill Tung|Marc Akerstream|Garvin Cross|Morgan Lam|Kris Lord|Carrie Cain-Sparks,Stanley Tong,Edward Tang|Fibe Ma
283708,Far from Men,Viggo Mortensen|Reda Kateb|Djemel Barek|Vincent Martin|Nicolas Giraud|Jean-Jérôme Esposito|Yann Goven|Antoine Régent|Sonia Amori|Antoine Laurent,David Oelhoffen,David Oelhoffen|Albert Camus
9388,Thank You for Smoking,Aaron Eckhart|Maria Bello|Cameron Bright|Adam Brody|Sam Elliott|Katie Holmes|Rob Lowe|William H. Macy|Robert Duvall|David Koechner,Jason Reitman,Jason Reitman|Christopher Buckley
1691,Hostel: Part II,Lauren German|Bijou Phillips|Heather Matarazzo|Richard Burgi|Roger Bart|Vera Jordanova|Jay Hernandez|Jordan Ladd|Stanislav Yanevski|Zuzana Geislerová,Eli Roth,Eli Roth
24684,An Education,Carey Mulligan|Olivia Williams|Peter Sarsgaard|Alfred Molina|Cara Seymour|Dominic Cooper|Rosamund Pike|Sally Hawkins|Amanda Fairbank-Hynes|William Melling,Lone Scherfig,Nick Hornby
2610,Shopgirl,Steve Martin|Claire Danes|Jason Schwartzman|Bridgette Wilson|Frances Conroy|Sam Bottoms|Rebecca Pidgeon|Samantha Shelton|Gina Doctor|Clyde Kusatsu,Anand Tucker,Steve Martin
11308,The Hotel New Hampshire,Rob Lowe|Jodie Foster|Paul McCrane|Beau Bridges|Seth Green|Nastassja Kinski|Joely Richardson|Wallace Shawn|Fred Döderlein,Tony Richardson,John Irving|Tony Richardson
11022,Narc,Jason Patric|Ray Liotta|Chi McBride|Busta Rhymes|Lloyd Adams|Lina Giornofelice|Alan C. Peterson|Anne Openshaw|John Ortiz|Krista Bridges,Joe Carnahan,Joe Carnahan
34341,Men with Brooms,Paul Gross|Molly Parker|Leslie Nielsen|Polly Shannon|Peter Outerbridge|Michelle Nolden|Barbara Gordon|Connor Price|James Allodi|Jed Rees,Paul Gross,
15365,Witless Protection,Larry the Cable Guy|Ivana Miličević|Jenny McCarthy|Yaphet Kotto|Peter Stormare|Eric Roberts|Joe Mantegna|Kurt Naebig,Charles Robert Carner,Charles Robert Carner
36046,The Work and the Glory,Sam Hennings|Brenda Strong|Eric Johnson|Alexander Carroll|Tiffany Dupont|Colin Ford|Edward Albert,Russell Holt,
12569,Extract,Jason Bateman|Mila Kunis|Kristen Wiig|Ben Affleck|J.K. Simmons|Clifton Collins Jr|Dustin Milligan|David Koechner|Beth Grant|T.J. Miller,Mike Judge,Mike Judge
24356,Masked and Anonymous,Bob Dylan|Jeff Bridges|Penélope Cruz|John Goodman|Jessica Lange|Luke Wilson|Val Kilmer|Angela Bassett|Steven Bauer|Michael Paul Chan,Larry Charles,Bob Dylan|Larry Charles
55903,Betty Fisher and Other Stories,Sandrine Kiberlain|Nicole Garcia|Mathilde Seigner|Luck Mervil|Stéphane Freiss|Yves Jacques|Roschdy Zem|Yves Verhoeven|Annie Mercier|Michaël Abiteboul,Claude Miller,Claude Miller|Ruth Rendell
2577,Code 46,Tim Robbins|Samantha Morton|Nabil Elouahabi|Om Puri|Emil Marwa|Nina Fog|Bruno Lastra|Togo Igawa|Natalie Mendoza|Jeanne Balibar,Michael Winterbottom,Frank Cottrell Boyce
103903,Outside Bet,Bob Hoskins|Jenny Agutter|Phil Davis|Vincent Regan|Calum MacNab|Emily Atack|Rita Tushingham|Dudley Sutton|Jason Maza|Kate Magowan,Sacha Bennett,Nigel Smith
73873,Albert Nobbs,Glenn Close|Mia Wasikowska|Aaron Taylor-Johnson|Pauline Collins|Brendan Gleeson|Jonathan Rhys Meyers|Antonia Campbell-Hughes|Maria Doyle Kennedy|Mark Williams|James Greene,Rodrigo García,Glenn Close|John Banville|Gabriella Prekop
312113,Black November,Razaaq Adoti|Sarah Wayne Callies|Mickey Rourke|Kim Basinger|Anne Heche|Wyclef Jean|Vivica A. Fox|Ivar Brogger|Ibrahim Aba-Gana|Christina Alex,Jeta Amata,Jeta Amata
14165,Ta Ra Rum Pum,Saif Ali Khan|Rani Mukerji|Angelina Idnani|Angelina Idnani|Master Ali Haji|Jaaved Jaaferi|Shruti Seth|Victor Banerjee|Bharat Dabholkar|Dolly Bindra,Siddharth Anand,Siddharth Anand|Habib Faisal
2011,Persepolis,Chiara Mastroianni|Danielle Darrieux|Catherine Deneuve|Simon Abkarian|Gabrielle Lopes Benites|François Jerosme|Tilly Mandelbrot|Sophie Arthuys|Arié Elmaleh|Mathias Mlekuz,Vincent Paronnaud|Marjane Satrapi,Vincent Paronnaud|Marjane Satrapi
45650,The Hole,Chris Massoglia|Haley Bennett|Nathan Gamble|Bruce Dern|Teri Polo|Ali Cobrin|Quinn Lord|John DeSantis|Douglas Chapman|Mark Pawson,Joe Dante,Mark L. Smith
7735,The Wave,Jürgen Vogel|Frederick Lau|Max Riemelt|Jennifer Ulrich|Christiane Paul|Elyas M’Barek|Cristina do Rego|Jacob Matschenz|Maximilian Vollmar|Tim Oliver Schultz,Dennis Gansel,Peter Thorwarth|Dennis Gansel
301365,The Neon Demon,Elle Fanning|Karl Glusman|Jena Malone|Bella Heathcote|Abbey Lee|Keanu Reeves|Christina Hendricks|Desmond Harrington|Alessandro Nivola|Charles Baker,Nicolas Winding Refn,Nicolas Winding Refn|Polly Stenham|Mary Laws
25941,Harry Brown,Michael Caine|Emily Mortimer|Iain Glen|Lee Oakes|Liam Cunningham|Sean Harris|Charlie Creed-Miles|David Bradley|Ben Drew|Jack O'Connell,Daniel Barber,Gary Young
29064,The Omega Code,Casper Van Dien|Michael York|Catherine Oxenberg|Michael Ironside|Jan Tříska,Robert Marcarelli,Stephan Blinn|Hollis Barton
7326,Juno,Ellen Page|Michael Cera|Jennifer Garner|Jason Bateman|Allison Janney|J.K. Simmons|Olivia Thirlby|Eileen Pedde|Rainn Wilson|Daniel Clark,Jason Reitman,Diablo Cody
326284,Pound of Flesh,Jean-Claude Van Damme|John Ralston|Darren Shahlavi|Aki Aleong|Jason Tobin|Charlotte Peters|Andrew Ng|Mike Leeder,Ernie Barbarash,Joshua James
681,Diamonds Are Forever,Sean Connery|Jill St. John|Charles Gray|Lana Wood|Jimmy Dean|Bruce Cabot|Putter Smith|Bruce Glover|Normann Burton|Joseph Furst,Guy Hamilton,Ian Fleming|Tom Mankiewicz|Richard Maibaum
238,The Godfather,Marlon Brando|Al Pacino|James Caan|Richard S. Castellano|Robert Duvall|Sterling Hayden|John Marley|Richard Conte|Al Lettieri|Diane Keaton,Francis Ford Coppola,Francis Ford Coppola|Mario Puzo
535,Flashdance,Jennifer Beals|Michael Nouri|Lilia Skala|Kyle T. Heffner|Sunny Johnson|Philip Bruns|Micole Mercurio|Cynthia Rhodes|Lee Ving|Ron Karabatsos,Adrian Lyne,Joe Eszterhas|Thomas Hedley Jr.
19913,(500) Days of Summer,Joseph Gordon-Levitt|Zooey Deschanel|Chloë Grace Moretz|Geoffrey Arend|Matthew Gray Gubler|Clark Gregg|Patricia Belcher|Rachel Boston|Minka Kelly|Ian Reed Kesler,Marc Webb,Scott Neustadter|Michael H. Weber
713,The Piano,Holly Hunter|Harvey Keitel|Sam Neill|Anna Paquin|Cliff Curtis|Kerry Walker|Tungia Baker|Ian Mune|Genevieve Lemon|Pete Smith,Jane Campion,Jane Campion
77930,Magic Mike,Channing Tatum|Matthew McConaughey|Alex Pettyfer|Cody Horn|Olivia Munn|Joe Manganiello|Matt Bomer|James Martin Kelly|Reid Carolin|Adam Rodríguez,Steven Soderbergh,Reid Carolin
10727,Darkness Falls,Chaney Kley|Emma Caulfield|Lee Cormie|Grant Piro|Sullivan Stapleton|Emily Browning|Steve Mouzakis|Peter Curtin|Kestie Morassi|Jenny Lovell,Jonathan Liebesman,James Vanderbilt|John Fasano|Joe Harris|Graeme Callander
253,Live and Let Die,Roger Moore|Yaphet Kotto|Jane Seymour|Clifton James|Julius Harris|Geoffrey Holder|David Hedison|Gloria Hendry|Bernard Lee|Lois Maxwell,Guy Hamilton,Ian Fleming|Tom Mankiewicz
17908,My Dog Skip,Frankie Muniz|Diane Lane|Kevin Bacon|Luke Wilson|Chaon Cross|Harry Connick Jr.,Jay Russell,Gail Gilchriest|Willie Morris
8390,"Definitely, Maybe",Ryan Reynolds|Abigail Breslin|Elizabeth Banks|Isla Fisher|Rachel Weisz|Kevin Kline|Derek Luke|Liane Balaban|Annie Parisse|Nestor Serrano,Adam Brooks,Adam Brooks
57119,Jumping the Broom,Paula Patton|Julie Bowen|Meagan Good|Mike Epps|Angela Bassett|Laz Alonso|Loretta Devine|Tasha Smith|Gary Dourdan|Romeo Miller,Salim Akil,Arlene Gibbs|Elizabeth Hunter
3291,"Good Night, and Good Luck.",David Strathairn|Jeff Daniels|Alex Borstein|Rose Abdoo|Dianne Reeves|Tate Donovan|Reed Diamond|Matt Ross|Patricia Clarkson|Robert Downey Jr.,George Clooney,George Clooney|Grant Heslov
398,Capote,Philip Seymour Hoffman|Allie Mickelson|Craig Archibald|Bronwen Coleman|Kate Shindle|David Wilson Barnes|Michael J. Burg|Catherine Keener|Kwesi Ameyaw|Andrew Farago,Bennett Miller,Dan Futterman|Gerald Clarke
8068,Desperado,Antonio Banderas|Salma Hayek|Joaquim de Almeida|Cheech Marin|Steve Buscemi|Carlos Andrés Gómez|Quentin Tarantino|Tito Larriva|Angel Aviles|Danny Trejo,Robert Rodriguez,Robert Rodriguez
10803,Logan's Run,Michael York|Richard Jordan|Jenny Agutter|Roscoe Lee Browne|Farrah Fawcett|Peter Ustinov|Michael Anderson Jr.|Randolph Roberts|Lara Lindsay|Gary Morgan,Michael Anderson,George Clayton Johnson|David Zelag Goodman|William F. Nolan
682,The Man with the Golden Gun,Roger Moore|Christopher Lee|Britt Ekland|Maud Adams|Hervé Villechaize|Clifton James|Richard Loo|Soon-Tek Oh|Marc Lawrence|Bernard Lee,Guy Hamilton,Ian Fleming|Tom Mankiewicz|Richard Maibaum
10117,Action Jackson,Carl Weathers|Craig T. Nelson|Vanity|Sharon Stone|Thomas F. Wilson|Robert Davi|Bill Duke|Jack Thibeau|Roger Aaron Brown|Stan Foster,Craig R. Baxley,Robert Reneau
9392,The Descent,Shauna Macdonald|Natalie Mendoza|Alex Reid|Saskia Mulder|MyAnna Buring|Nora-Jane Noone|Oliver Milburn|Molly Kayll|Craig Conway|Leslie Simpson,Neil Marshall,Neil Marshall
24977,Michael Jordan to the Max,"Michael Jordan|Phil Jackson|Bob Costas|Bill Murray|Laurence Fishburne|Ken Griffey, Jr.|Spike Lee|Steve Kerr",James D. Stern|Don Kempf,Jonathan Hock
79316,Devil's Due,Allison Miller|Zach Gilford|Sam Anderson|Robert Belushi|Catherine Kresge|Aimee Carrero|Griff Furst|Tyler Forrest|Roger Payano|Vanessa Ray,Matt Bettinelli-Olpin|Tyler Gillett,Lindsay Devlin
2074,Flirting with Disaster,Ben Stiller|Patricia Arquette|Téa Leoni|Mary Tyler Moore|Alan Alda|George Segal|Lily Tomlin|Josh Brolin|Richard Jenkins|Celia Weston,David O. Russell,David O. Russell
1696,The Devil's Rejects,Sid Haig|Bill Moseley|Sheri Moon Zombie|William Forsythe|Ken Foree|Matthew McGrory|Leslie Easterbrook|Geoffrey Lewis|Priscilla Barnes|Dave Sheridan,Rob Zombie,Rob Zombie
308639,Dope,Shameik Moore|Kiersey Clemons|Tony Revolori|Zoë Kravitz|Chanel Iman|Rick Fox|Rakim Mayers|Blake Anderson|Quincy Brown|Forest Whitaker,Rick Famuyiwa,Rick Famuyiwa
22314,In Too Deep,Omar Epps|LL Cool J|Nia Long|Stanley Tucci|Hill Harper|Jake Weber|Pam Grier|Richard Brooks|David Patrick Kelly|Hassan Johnson,Michael Rymer,Michael Henry Brown|Paul Aaron
2662,House of 1000 Corpses,Sid Haig|Bill Moseley|Sheri Moon Zombie|Karen Black|Erin Daniels|Chris Hardwick|Rainn Wilson|Jennifer Jostyn|Tom Towles|Walton Goggins,Rob Zombie,Rob Zombie|Darrin Denlinger
77156,Alien Zone,John Ericson|Ivor Francis|Judith Novgrod|Burr DeBenning|Charles Aidman|Bernard Fox|Richard Gates,Sharron Miller,David O'Malley
12573,A Serious Man,Michael Stuhlbarg|Richard Kind|Fred Melamed|Sari Lennick|Aaron Wolff|Jessica McManus|Adam Arkin|George Wyner|Peter Breitmayer|Brent Braunschweig,Joel Coen|Ethan Coen,Joel Coen|Ethan Coen
44718,Get Low,Bill Murray|Sissy Spacek|Robert Duvall|Lucas Black|Bill Cobbs|Gerald McRaney|Scott Cooper|Chandler Riggs,Aaron Schneider,C. Gaby Mitchell|Chris Provenzano
11342,Warlock,Julian Sands|Lori Singer|Richard E. Grant|Mary Woronov|Kevin O'Brien|Richard Kuss|Anna Levine|David Carpenter|Nancy Fox|Frank Renzulli,Steve Miner,David Twohy
241771,Beyond the Lights,Gugu Mbatha-Raw|Nate Parker|Minnie Driver|Machine Gun Kelly|Danny Glover|Aml Ameen|Benito Martinez|Aisha Hinds|India Jean-Jacques|Darryl Stephens,Gina Prince-Bythewood,Gina Prince-Bythewood
34653,A Single Man,Colin Firth|Julianne Moore|Nicholas Hoult|Matthew Goode|Jon Kortajarena|Paulette Lamori|Ryan Simpkins|Ginnifer Goodwin|Teddy Sears|Paul Butler,Tom Ford,Christopher Isherwood|Tom Ford|David Scearce
11051,The Last Temptation of Christ,Willem Dafoe|Harvey Keitel|Barbara Hershey|David Bowie|Harry Dean Stanton|Paul Greco|Verna Bloom|Roberts Blossom|Barry Miller|Gary Basaraba,Martin Scorsese,Paul Schrader|Nikos Kazantzakis
14578,Outside Providence,Shawn Hatosy|Amy Smart|Alec Baldwin|Jon Abrahams|Richard Jenkins|George Wendt|Robert Turano|Gabriel Mann|George Martin|Libby Langdon,Michael Corrente,Bobby Farrelly|Peter Farrelly|Michael Corrente
57825,Bride & Prejudice,Aishwarya Rai Bachchan|Martin Henderson|Naveen Andrews|Daniel Gillies|Indira Varma|Marsha Mason|Nadira Babbar|Anupam Kher|Namrata Shirodkar|Sonali Kulkarni,Gurinder Chadha,Gurinder Chadha|Paul Mayeda Berges|Jane Austen
9555,Rabbit-Proof Fence,Everlyn Sampi|Tianna Sansbury|Laura Monaghan|Kenneth Branagh|David Gulpilil|Jason Clarke|Ningali Lawford|Myarn Lawford|Deborah Mailman|Garry McDonald,Phillip Noyce,Doris Pilkington|Christine Olsen
15581,Who's Your Caddy?,Mick Partridge|Big Boi|Sherri Shepherd|Lil Wayne|Andy Milonakis|Faizon Love|Terry Crews|Tony Cox|Jeffrey Jones|James Avery,Don Michael Paul,Don Michael Paul|Bradley Allenstein|Robert Henny
13006,Split Second,Rutger Hauer|Kim Cattrall|Michael J. Pollard|Alastair Duncan|Alun Armstrong|Pete Postlethwaite|Ian Dury|Roberta Eaton|Tony Steedman|Steven Hartley,Tony Maylam,Gary Scott Thompson
16651,The Other Side of Heaven,Christopher Gorham|Anne Hathaway|Joe Folau|Miriama Smith,Mitch Davis,Mitch Davis
4251,Veer-Zaara,Shah Rukh Khan|Preity Zinta|Rani Mukerji|Amitabh Bachchan|Hema Malini|Divya Dutta|Anupam Kher|Kirron Kher|Boman Irani|Manoj Bajpayee,Yash Chopra,Aditya Chopra
12400,Redbelt,Chiwetel Ejiofor|Tim Allen|Alice Braga|Jose Pablo Cantillo|Randy Couture|Ricky Jay|Joe Mantegna|Max Martini|Emily Mortimer|David Paymer,David Mamet,David Mamet
39053,Cyrus,John C. Reilly|Jonah Hill|Marisa Tomei|Catherine Keener|Matt Walsh|Kathy Wittes|Diane Mizota|Katie Aselton|Jamie Donnelly|Tim Guinee,Jay Duplass|Mark Duplass,Jay Duplass|Mark Duplass
104896,A Dog Of Flanders,Jack Warden|Jeremy James Kissner|Jesse James|Jon Voight|Cheryl Ladd|Bruce McGill|Steven Hartley|Andrew Bicknell|Farren Monet,Kevin Brodie,
14112,Auto Focus,Greg Kinnear|Willem Dafoe|Rita Wilson|Maria Bello|Ron Leibman|Ed Begley Jr.|Michael McKean|Michael E. Rodgers|Bruce Solomon|Cheryl Lynn Bowers,Paul Schrader,Robert Graysmith|Michael Gerbosi
12271,Factory Girl,Sienna Miller|Guy Pearce|Hayden Christensen|Mena Suvari|Jimmy Fallon|Tara Summers|Mary Elizabeth Winstead|Jack Huston|Armin Amiri|Shawn Hatosy,George Hickenlooper,Captain Mauzner
71859,We Need to Talk About Kevin,John C. Reilly|Tilda Swinton|Ezra Miller|Siobhan Fallon|Jasper Newell|Rock Duer|Ashley Gerasimovich|Alex Manette|Kenneth Franklin|Leslie Lyles,Lynne Ramsay,Lynne Ramsay|Rory Stewart Kinnear|Lionel Shriver
226354,The Christmas Candle,Hans Matheson|Samantha Barks|Lesley Manville|Sylvester McCoy|James Cosmo|Susan Boyle|Barbara Flynn|John Hannah|Jude Wright|Emily Shewell,John Stephenson,Eric Newman|Candace Lee
48620,The Mighty Macs,Carla Gugino|Ellen Burstyn|Marley Shelton|David Boreanaz|Jennifer Butler,Tim Chambers,
33676,Losin' It,"Tom Cruise|Jackie Earle Haley|John Stockwell|John P. Navin, Jr.|Shelley Long|Henry Darrow|Hector Elias|John Valby|Daniel Faraldo|Enrique Castillo",Curtis Hanson,Bill L. Norton|Bryan Gindoff
37080,Mother and Child,Naomi Watts|Samuel L. Jackson|Annette Bening|Carla Gallo|Kerry Washington|David Morse|Amy Brenneman|Britt Robertson|Marc Blucas|Tatyana Ali,Rodrigo García,Rodrigo García
25388,March or Die,Gene Hackman|Terence Hill|Catherine Deneuve|Ian Holm|Jack O'Halloran|Max von Sydow|Rufus|Marcel Bozzuffi|André Penvern|Paul Sherman,Dick Richards,David Zelag Goodman|Dick Richards
11687,The Visitors,Jean Reno|Valérie Lemercier|Christian Clavier|Marie-Anne Chazel|Christian Bujeau|Isabelle Nanty|Gérard Séty|Didier Pain|Jean-Paul Muel|Arielle Sémenoff,Jean-Marie Poiré,Christian Clavier|Jean-Marie Poiré
39210,Somewhere,Stephen Dorff|Chris Pontius|Erin Wasson|Alexandra Williams|Nathalie Fay|Kristina Shannon|Karissa Shannon|John Prudhont|Ruby Corley|Angela Lindvall,Sofia Coppola,Sofia Coppola
30128,I Hope They Serve Beer in Hell,Matt Czuchry|Jesse Bradford|Marika Dominczyk|Traci Lords|Geoff Stults|Keri Lynn Pratt|Meagen Fay|Susie Abromeit|Tricia Munford,Bob Gosse,Tucker Max
31535,Chairman of the Board,Scott 'Carrot Top' Thompson|Courtney Thorne-Smith|Larry Miller|Jack Warden|M. Emmet Walsh|Jack McGee|Taylor Negron|Raquel Welch|Fred Stoller,Alex Zamm,
44835,Hesher,Joseph Gordon-Levitt|Natalie Portman|Rainn Wilson|Audrey Wasilewski|Frank Collison|Piper Laurie|Paul Bates|John Carroll Lynch|Devin Brochu|Monica Staggs,Spencer Susser,David Michôd|Spencer Susser|Brian Charles Frank|François Tétaz
192134,Dom Hemingway,Jude Law|Demián Bichir|Richard E. Grant|Matthew C. Martino|Emilia Clarke|Kerry Condon|Mădălina Diana Ghenea|Deborah Rosan|Vic Waghorn|Emma Lock,Richard Shepard,Richard Shepard
1956,Gerry,Casey Affleck|Matt Damon,Gus Van Sant,Matt Damon|Casey Affleck|Gus Van Sant
24985,The Heart of Me,Helena Bonham Carter|Olivia Williams|Paul Bettany|Eleanor Bron|Tom Ward|Luke Newberry|Gillian Hanna|Andrew Havill|Alison Reid|John Rowe,Thaddeus O'Sullivan,
306745,Freeheld,Julianne Moore|Ellen Page|Steve Carell|Michael Shannon|Luke Grimes|Josh Charles|Mary Birdsong|Dennis Boutsikaris|Skipp Sudduth|Jeannine Kaspar,Peter Sollett,Ron Nyswaner
47088,The Extra Man,Kevin Kline|Paul Dano|Katie Holmes|John C. Reilly|Dan Hedaya|Lecy Goranson|Patti D'Arbanville|Celia Weston|John Pankow|Marisa Ryan,Shari Springer Berman|Robert Pulcini,Robert Pulcini|Jonathan Ames
110402,Hard to Be a God,Leonid Yarmolnik|Yuriy Tsurilo|Natalya Moteva|Aleksandr Chutko|Aleksandr Ilin|Evgeniy Gerchakov|Pyotr Merkuryev|Juris Laucinsh,Aleksey German,Arkadiy Strugatskiy|Борис Стругацкий|Aleksey German|Svetlana Karmalita
27004,Ca$h,Sean Bean|Chris Hemsworth|Victoria Profeta|Thampy Antony|Mike Starr|Michael Mantell|Paul Sanchez|Peggy Roeder|Glenn Plummer|Larry Neumann Jr.,Stephen Milburn Anderson,Stephen Milburn Anderson
15013,Wah-Wah,Gabriel Byrne|Emily Watson|Julie Walters|Nicholas Hoult|Miranda Richardson|Celia Imrie|Zac Fox|Julian Wadham|Fenella Woolgar|John Matshikiza,Richard E. Grant,Richard E. Grant
8374,The Boondock Saints,Willem Dafoe|Norman Reedus|Sean Patrick Flanery|David Della Rocco|David Ferry|Brian Mahoney|Billy Connolly|Carlo Rota|Ron Jeremy|Bob Marley,Troy Duffy,Troy Duffy
277519,Z Storm,Louis Koo|Gordon Lam Ka-Tung|Dada Chan|Janelle Sing|Michael Wong|Lo Hoi-Pang|Stephen Au|Derek Tsang|Eddie Cheung Siu-Fai|Felix Lok Ying-Kwan,David Lam,David Lam|Wong Ho-Wa
78381,Twixt,Val Kilmer|Bruce Dern|Ben Chaplin|Elle Fanning|Joanne Whalley|David Paymer|Alden Ehrenreich|Anthony Fusco|Don Novello|Ryan Simpkins,Francis Ford Coppola,Francis Ford Coppola
164372,The Snow Queen,Ivan Okhlobystin|Dmitriy Nagiev|Lyudmila Artemeva|Anna Ardova|Elizaveta Arzamasova,Vladlen Barbe|Maksim Sveshnikov,Vladlen Barbe|Maksim Sveshnikov
294512,Alpha and Omega: The Legend of the Saw Tooth Cave,Dee Dee Greene|Ben Diskin|Lindsay Torrance|Kate Higgins|Christopher Corey Smith,Richard Rich,
8879,Pale Rider,Clint Eastwood|Michael Moriarty|Carrie Snodgress|Chris Penn|Richard Dysart|Sydney Penny|Richard Kiel|Doug McGrath|John Russell|Charles Hallahan,Clint Eastwood,Dennis Shryack|Michael Butler
13001,Stargate: The Ark of Truth,Ben Browder|Amanda Tapping|Christopher Judge|Michael Shanks|Beau Bridges|Claudia Black|Morena Baccarin|Tim Guinee|Julian Sands|Currie Graham,Robert C. Cooper,Robert C. Cooper
9571,Dazed and Confused,Jason London|Rory Cochrane|Wiley Wiggins|Sasha Jenson|Michelle Burke|Adam Goldberg|Marissa Ribisi|Anthony Rapp|Milla Jovovich|Matthew McConaughey,Richard Linklater,Richard Linklater
13649,High School Musical 2,"Zac Efron|Vanessa Hudgens|Ashley Tisdale|Lucas Grabeel|Corbin Bleu|Monique Coleman|Brandon Cyrus|Bart Johnson|Alyson Reed|Chris Warren, Jr.",Kenny Ortega,Peter Barsocchini
325373,Two Lovers and a Bear,Dane DeHaan|Tatiana Maslany|Gordon Pinsent|John Ralston|Joel Gagne|Jeffrey R. Smith|Johnny Issaluk|Phoenix Wilson|Joseph Nakogee|Yvonne E. Davidson,Kim Nguyen,Kim Nguyen
334527,Criminal Activities,Dan Stevens|John Travolta|Michael Pitt|Jackie Earle Haley|Travis Aaron Wade|Christopher Abbott|Rob Brown|Edi Gathegi|Morgan Wolk|Alan B. Jones,Jackie Earle Haley,Robert Lowell
2211,Aimee & Jaguar,Maria Schrader|Juliane Köhler|Johanna Wokalek|Heike Makatsch|Elisabeth Degen|Detlev Buck|Inge Keller|Kyra Mladeck|Peter Weck|Rosel Zech,Max Färberböck,Max Färberböck|Erica Fischer|Rona Munro
13919,The Chumscrubber,Jamie Bell|Camilla Belle|Justin Chatwin|Glenn Close|Kathi Copeland|Rory Culkin|Thomas Curtis|Tim DeKay|David Ellison|William Fichtner,Arie Posin,Arie Posin|Zac Stanford
14576,Shade,Stuart Townsend|Gabriel Byrne|Thandie Newton|Jamie Foxx|Roger Guenveur Smith|Melanie Griffith|Sylvester Stallone|Rodney Rowland|Stacie Randall|Erika Nann,Damian Nieman,Damian Nieman
82505,House at the End of the Street,Jennifer Lawrence|Max Thieriot|Elisabeth Shue|Gil Bellows|Nolan Gerard Funk|Eva Link|Allie MacDonald|Jordan Hayes|Krista Bridges|James Thomas,Mark Tonderai,Jonathan Mostow|David Loucka
46738,Incendies,Lubna Azabal|Mélissa Désormeaux-Poulin|Maxim Gaudette|Rémy Girard|Allen Altman|Abdelghafour Elaaziz|Dominique Briand|Frédéric Paquet|Ahmad Massad|John Dunn-Hill,Denis Villeneuve,Denis Villeneuve|Wajdi Mouawad
38970,"Remember Me, My Love",Fabrizio Bentivoglio|Laura Morante|Monica Bellucci|Silvio Muccino|Nicoletta Romanoff|Gabriele Lavia|Enrico Silvestrin|Silvia Cohen|Alberto Gimignani|Amanda Sandrelli,Gabriele Muccino,Gabriele Muccino
41009,Perrier’s Bounty,Cillian Murphy|Brendan Gleeson|Jim Broadbent|Padraic Delaney|Natalie Britton|Gabriel Byrne|Jodie Whittaker|Brendan Coyle|Michael McElhatton|Don Wycherley,Ian Fitzgibbon,Mark O'Rowe
7347,Elite Squad,Wagner Moura|Caio Junqueira|André Ramiro|Milhem Cortaz|Fernanda Machado|Maria Ribeiro|Fábio Lago|Erick Oliveira|Marcelo Escorel|Roberta Santiago,José Padilha,Bráulio Mantovani|José Padilha|André Batista|Luiz Eduardo Soares|Rodrigo Pimentel
250546,Annabelle,Annabelle Wallis|Ward Horton|Tony Amendola|Alfre Woodard|Eric Ladin|Kerry O'Malley|Brian Howe|Ivar Brogger|Gabriel Bateman|Shiloh Nelson,John R. Leonetti,Gary Dauberman
38415,Bran Nue Dae,Rocky McKenzie|Geoffrey Rush|Jessica Mauboy|Ernie Dingo|Missy Higgins,Rachel Perkins,
650,Boyz n the Hood,"Laurence Fishburne|Cuba Gooding Jr.|Ice Cube|Morris Chestnut|Angela Bassett|Nia Long|Tyra Ferrell|Lexie Bigham|Desi Arnez Hines II|John Cothran, Jr.",John Singleton,John Singleton
16620,La Bamba,Lou Diamond Phillips|Danielle von Zerneck|Elizabeth Peña|Rosanna DeSoto|Esai Morales|Joe Pantoliano|Rick Dees|Marshall Crenshaw|Brian Setzer|Daniel Valdez,Luis Valdez,Luis Valdez
25113,The Four Seasons,Alan Alda|Carol Burnett|Len Cariou|Sandy Dennis|Rita Moreno|Jack Weston|Bess Armstrong,Alan Alda,Alan Alda
11033,Dressed to Kill,Michael Caine|Angie Dickinson|Nancy Allen|Keith Gordon|Dennis Franz|David Margulies|Ken Baker|Susanna Clemm|Brandon Maggart|Amalie Collier,Brian De Palma,Brian De Palma
34723,The Adventures of Huck Finn,Elijah Wood|Courtney B. Vance|Robbie Coltrane|Jason Robards|Ron Perlman|Dana Ivey|Anne Heche,Stephen Sommers,Stephen Sommers|Mark Twain
9430,Go,Sarah Polley|Katie Holmes|Jay Mohr|Timothy Olyphant|William Fichtner|Scott Wolf|Robert Peters|Suzanne Krull|Desmond Askew|Nathan Bexton,Doug Liman,John August
8998,Friends with Money,Catherine Keener|Jason Isaacs|Timm Sharp|Jennifer Aniston|Joan Cusack|Greg Germann|Hailey Noelle Johnson|Simon McBurney|Frances McDormand|Marin Hinkle,Nicole Holofcener,Nicole Holofcener
10514,The Andromeda Strain,Arthur Hill|David Wayne|James Olson|Kate Reid|Paula Kelly|George Mitchell|Ramon Bieri|Peter Hobbs|Kermit Murdock|Richard O'Brien,Robert Wise,Michael Crichton|Nelson Gidding
10496,Bats,Lou Diamond Phillips|Dina Meyer|Bob Gunton|Leon Robinson|Carlos Jacott|David McConnell|Marcia Dangerfield|Oscar Rowland|Juliana Johnson|Ned Bellamy,Louis Morneau,John Logan
1591,Nowhere in Africa,Juliane Köhler|Merab Ninidze|Sidede Onyulo|Matthias Habich|Lea Kurka|Karoline Eckertz|Gerd Heinz|Hildegard Schmahl|Maritta Horwarth|Regine Zimmermann,Caroline Link,Caroline Link|Susanne Liebetrau|Stefanie Zweig
76025,Shame,Michael Fassbender|Carey Mulligan|James Badge Dale|Nicole Beharie|Alex Manette|Hannah Ware|Anna Rose Hopkins|Elizabeth Masucci|Rachel Farrar|Loren Omer,Steve McQueen,Steve McQueen|Abi Morgan
4836,Layer Cake,Daniel Craig|Tom Hardy|Colm Meaney|George Harris|Sally Hawkins|Kenneth Cranham|Jamie Foreman|Sienna Miller|Michael Gambon|Ben Whishaw,Matthew Vaughn,J.J. Connolly
14631,The Work and the Glory II: American Zion,Sam Hennings|Brenda Strong|Eric Johnson|Alexander Carroll|Brighton Hertford|Kimberly Varadi|Colin Ford|Emily Podleski,Sterling Van Wagenen,
87499,The East,Brit Marling|Alexander Skarsgård|Ellen Page|Toby Kebbell|Shiloh Fernandez|Aldis Hodge|Danielle Macdonald|Hillary Baack|Patricia Clarkson|Jason Ritter,Zal Batmanglij,Brit Marling|Zal Batmanglij
18923,A Home at the End of the World,Colin Farrell|Dallas Roberts|Robin Wright|Sissy Spacek|Ryan Donowho|Erik Smith|Harris Allan|Andrew Chalmers|Ron Lea,Michael Mayer,Michael Cunningham
26665,Aberdeen,Stellan Skarsgård|Lena Headey|Ian Hart|Charlotte Rampling|Louise Goodall|Jason Hetherington|Kate Lynn Evans|John Killoran|John Harwood|Jean Anderson,Hans Petter Moland,Hans Petter Moland|Kristin Amundsen
28089,The Messenger,Ben Foster|Woody Harrelson|Jena Malone|Eamonn Walker|Samantha Morton|Steve Buscemi|Dale Soules|Stevie Ray Dallimore|Michael Chernus|Marceline Hugot,Oren Moverman,Oren Moverman|Alessandro Camon
62255,Tracker,Ray Winstone|Temuera Morrison|Andy Anderson|Gareth Reeves|Mark Mitchinson|Daniel Musgrove|Tim McLachlan|Jed Brophy,Ian Sharp,Nicolas Van Pallandt
5708,Control,Sam Riley|Samantha Morton|Alexandra Maria Lara|Joe Anderson|James Anthony Pearson|Toby Kebbell|Craig Parkinson|Harry Treadaway|Matthew McNulty|Andrew Sheridan,Anton Corbijn,Matt Greenhalgh
218,The Terminator,Arnold Schwarzenegger|Michael Biehn|Linda Hamilton|Paul Winfield|Lance Henriksen|Bess Motta|Earl Boen|Rick Rossovich|Bill Paxton|Brian Thompson,James Cameron,Gale Anne Hurd|James Cameron|William Wisher Jr.
338,"Good bye, Lenin!",Daniel Brühl|Katrin Sass|Chulpan Khamatova|Maria Simon|Florian Lukas|Alexander Beyer|Burghart Klaußner|Michael Gwisdek|Christine Schorn|Jürgen Holtz,Wolfgang Becker,Wolfgang Becker|Bernd Lichtenberg
21641,The Damned United,Michael Sheen|Timothy Spall|Colm Meaney|Jim Broadbent|Maurice Roeves|Stephen Graham|Henry Goodman|Mark Bazeley|Giles Alderson|Martin Compston,Tom Hooper,Peter Morgan|David Peace
10925,The Return of the Living Dead,"Clu Gulager|James Karen|Don Calfa|Thom Mathews|John Philbin|Linnea Quigley|Jewel Shepard|Miguel A. Núñez, Jr.|Beverly Randolph|Brian Peck",Dan O'Bannon,Dan O'Bannon|John A. Russo|Russell Streiner|Rudy Ricci
2293,Mallrats,Jason Lee|Jeremy London|Shannen Doherty|Claire Forlani|Ben Affleck|Joey Lauren Adams|Michael Rooker|Jason Mewes|Kevin Smith|Priscilla Barnes,Kevin Smith,Kevin Smith
621,Grease,John Travolta|Olivia Newton-John|Stockard Channing|Jeff Conaway|Didi Conn|Barry Pearl|Michael Tucci|Kelly Ward|Jamie Donnelly|Dinah Manoff,Randal Kleiser,Bronte Woodard|Warren Casey|Jim Jacobs
792,Platoon,Tom Berenger|Charlie Sheen|Willem Dafoe|Forest Whitaker|John C. McGinley|Kevin Dillon|Johnny Depp|Francesco Quinn|Richard Edson|Keith David,Oliver Stone,Oliver Stone
1777,Fahrenheit 9/11,Robert De Niro|Michael Moore|George W. Bush|Ben Affleck|Stevie Wonder|Al Gore|Saddam Hussein|George H. W. Bush|Ricky Martin|Osama Bin Laden,Michael Moore,Michael Moore
642,Butch Cassidy and the Sundance Kid,Paul Newman|Robert Redford|Katharine Ross|Strother Martin|Henry Jones|Jeff Corey|George Furth|Cloris Leachman|Ted Cassidy|Kenneth Mars,George Roy Hill,William Goldman
433,Mary Poppins,Julie Andrews|Dick Van Dyke|David Tomlinson|Glynis Johns|Hermione Baddeley|Reta Shaw|Karen Dotrice|Matthew Garber|Elsa Lanchester|Arthur Treacher,Robert Stevenson,P.L. Travers|Bill Walsh|Don DaGradi
16619,Ordinary People,Donald Sutherland|Mary Tyler Moore|Judd Hirsch|Timothy Hutton|M. Emmet Walsh|Elizabeth McGovern|Dinah Manoff|Fredric Lehne|James Sikking|Basil Hoffman,Robert Redford,Alvin Sargent|Judith Guest
1725,West Side Story,Natalie Wood|Richard Beymer|Russ Tamblyn|Rita Moreno|George Chakiris|Simon Oakland|Ned Glass|William Bramley|Tucker Smith|Tony Mordente,Robert Wise|Jerome Robbins,Ernest Lehman|Arthur Laurents|Jerome Robbins|Harold Prince|Roger L. Stevens|Robert E. Griffith
11977,Caddyshack,Chevy Chase|Rodney Dangerfield|Ted Knight|Michael O'Keefe|Bill Murray|Sarah Holcomb|Scott Colomby|Cindy Morgan|Dan Resin|Henry Wilcoxon,Harold Ramis,Harold Ramis|Brian Doyle-Murray|Douglas Kenney
20322,The Brothers,Morris Chestnut|D. L. Hughley|Bill Bellamy|Shemar Moore|Tatyana Ali|Jenifer Lewis|Tamala Jones|Gabrielle Union,Gary Hardwick,
16158,The Wood,Omar Epps|Richard T. Jones|Taye Diggs|Malinda Williams|Sean Nelson|Duane Finley|Trent Cameron|De'Aundre Bonds|Tamala Jones|Sanaa Lathan,Rick Famuyiwa,Rick Famuyiwa
629,The Usual Suspects,Stephen Baldwin|Gabriel Byrne|Chazz Palminteri|Kevin Pollak|Pete Postlethwaite|Kevin Spacey|Suzy Amis|Giancarlo Esposito|Benicio del Toro|Dan Hedaya,Bryan Singer,Christopher McQuarrie|John Coven
10160,A Nightmare on Elm Street 5: The Dream Child,Robert Englund|Lisa Wilcox|Erika Anderson|Valorie Armstrong|Michael Ashton|Kelly Jo Minter|Danny Hassel|Nicholas Mele|Joe Seely|Burr DeBenning,Stephen Hopkins,Wes Craven|Leslie Bohem
11452,National Lampoon’s Van Wilder,Ryan Reynolds|Tara Reid|Tim Matheson|Kal Penn|Simon Helberg|Teck Holmes|Deon Richmond|Alex Burns|Paul Gleason|Daniel Cosgrove,Walt Becker,David Wagner|Brent Goldberg
12163,The Wrestler,Mickey Rourke|Marisa Tomei|Evan Rachel Wood|Mark Margolis|Todd Barry|Judah Friedlander|Ernest Miller|Ajay Naidu|Wass Stevens|John D'Leo,Darren Aronofsky,Robert D. Siegel
32275,Duel in the Sun,Jennifer Jones|Joseph Cotten|Gregory Peck|Lionel Barrymore|Herbert Marshall|Lillian Gish|Walter Huston|Charles Bickford|Harry Carey|Joan Tetzel,King Vidor,David O. Selznick|Oliver H.P. Garrett|Niven Busch
13785,Best in Show,Jay Brazeau|Parker Posey|Michael Hitchcock|Catherine O'Hara|Eugene Levy|Bob Balaban|Will Sasso|Stephen E. Miller|Christopher Guest|Michael McKean,Christopher Guest,Christopher Guest|Eugene Levy
1103,Escape from New York,Kurt Russell|Lee Van Cleef|Ernest Borgnine|Donald Pleasence|Isaac Hayes|Harry Dean Stanton|Adrienne Barbeau|Tom Atkins|Frank Doubleday|John Strobel,John Carpenter,John Carpenter|Nick Castle
36739,School Daze,Samuel L. Jackson|Laurence Fishburne|Giancarlo Esposito|Tisha Campbell-Martin|Ossie Davis|Joe Seneca|Art Evans|Ellen Holly|Bill Nunn|Spike Lee,Spike Lee,Spike Lee
14144,Daddy Day Camp,Cuba Gooding Jr.|Tamala Jones|Paul Rae|Lochlyn Munro|Richard Gant|Talon G. Ackerman,Fred Savage,J. David Stem|David N. Weiss|Geoff Rodkey
10622,Mr. Nice Guy,Jackie Chan|Richard Norton|Miki Lee|Gabrielle Fitzpatrick|Karen McLymont|Vince Poletto|Barry Otto|Peter Houghton|Peter Lindsay|David No,Sammo Hung,Edward Tang|Fibe Ma
13370,A Mighty Wind,Bob Balaban|Christopher Guest|John Michael Higgins|Eugene Levy|Jane Lynch|Michael McKean|Catherine O'Hara|Parker Posey|Harry Shearer|Fred Willard,Christopher Guest,Christopher Guest|Eugene Levy
11191,Mystic Pizza,Annabeth Gish|Julia Roberts|Lili Taylor|Vincent D'Onofrio|William R. Moses|Adam Storke|Matt Damon|Conchata Ferrell,Donald Petrie,Alfred Uhry|Amy Holden Jones|Perry Howze|Randy Howze
10215,Sliding Doors,Gwyneth Paltrow|John Hannah|John Lynch|Jeanne Tripplehorn|Zara Turner|Douglas McFerran|Paul Brightwell|Nina Young|Virginia McKenna|Kevin McNally,Peter Howitt,Peter Howitt
25066,Tales from the Hood,Clarence Williams III|Corbin Bernsen|David Alan Grier|Wings Hauser|Duane Whitaker|Joe Torry|Tom Wright|Michael Massee|Art Evans|Roger Guenveur Smith,Rusty Cundieff,Darin Scott|Rusty Cundieff
1523,The Last King of Scotland,Forest Whitaker|James McAvoy|Simon McBurney|Gillian Anderson|Kerry Washington|David Oyelowo|Abby Mukiibi Nkaaga|Adam Kotz|Barbara Rafferty|David Ashton,Kevin Macdonald,Peter Morgan|Jeremy Brock|Giles Foden
11361,Halloween 5: The Revenge of Michael Myers,Donald Pleasence|Danielle Harris|Ellie Cornell|Beau Starr|Don Shanks|Jeffrey Landman|Tamara Glynn|Jonathan Chapin|Matthew Walker|Wendy Foxworth,Dominique Othenin-Girard,Dominique Othenin-Girard|Shem Bitterman|Michael Jacobs
92591,Bernie,Jack Black|Shirley MacLaine|Matthew McConaughey|Brady Coleman|Tommy G. Kendrick|Rick Dial|Mona Lee Fultz|Dale Dudley|Grant James|Christian Stokes,Richard Linklater,Richard Linklater|Skip Hollandsworth
57612,Dolphins and Whales: Tribes of the Ocean,Daryl Hannah|Charlotte Rampling,Jean-Jacques Mantello,John Kaylin|Jon Michael Johnson|Elisabeth Mantello
12509,Pollock,Ed Harris|Marcia Gay Harden|Tom Bower|Jennifer Connelly|Bud Cort|John Heard|Val Kilmer|David Leary|Robert Knott|Stephanie Seymour,Ed Harris,Susan Emshwiller|Steven Naifeh|Gregory White Smith|Barbara Turner
15256,200 Cigarettes,Ben Affleck|Casey Affleck|Dave Chappelle|Kate Hudson|Janeane Garofalo|Courtney Love|Jay Mohr|Nicole Ari Parker|Martha Plimpton|Christina Ricci,Risa Bramon Garcia,Shana Larsen
83686,The Words,Bradley Cooper|Zoe Saldana|Jeremy Irons|Dennis Quaid|Olivia Wilde|J.K. Simmons|John Hannah|Zeljko Ivanek|Ben Barnes|Michael McKean,Brian Klugman|Lee Sternthal,Brian Klugman|Lee Sternthal
80304,Casa De Mi Padre,Will Ferrell|Gael García Bernal|Génesis Rodríguez|Diego Luna|Efren Ramirez|Nick Offerman|Mariann Gavelo|Adrian Martinez|Alejandro Patino|Pedro Armendáriz Jr.,Matt Piedmont,
28053,City Island,Andy García|Julianna Margulies|Steven Strait|Dominik García-Lorido|Ezra Miller|Alan Arkin|Emily Mortimer|Louise Stratten|Carrie Baker Reynolds|Hope Glendon-Ross,Raymond De Felitta,Raymond De Felitta
67913,The Guard,Brendan Gleeson|Don Cheadle|Liam Cunningham|Mark Strong|Katarina Cas|David Wilmot|Rory Keenan|Laurence Kinlan|Dominique McElligott|Sarah Greene,John Michael McDonagh,John Michael McDonagh
13991,College,Drake Bell|Andrew Caldwell|Andree Moss|Carolyn Moss|Wendy Talley|Nick Zano|Kevin Covais|Nathalie Walker|Alona Tal|Ryan Pinkston,Deb Hagan,
1443,The Virgin Suicides,James Woods|Kathleen Turner|Kirsten Dunst|Josh Hartnett|Michael Paré|Scott Glenn|Danny DeVito|A.J. Cook|Hanna Hall|Leslie Hayman,Sofia Coppola,Sofia Coppola|Jeffrey Eugenides
8545,Little Voice,Brenda Blethyn|Michael Caine|Ewan McGregor|Jane Horrocks|Jim Broadbent|Annette Badland|Philip Jackson|Adam Fogerty|Fred Feast|Graham Turner,Mark Herman,Mark Herman|Jim Cartwright
19556,Miss March,Zach Cregger|Trevor Moore|Raquel Alessi|Craig Robinson|Molly Stanton|Carrie Keagan|Slade Pearce|Eve Mauro|Alexis Raben|Remy Thorne,Zach Cregger|Trevor Moore,Zach Cregger|Trevor Moore|Ryan Homchick|Dennis Haggerty|Thomas Mimms|Zach Gregger
231576,Wish I Was Here,Zach Braff|Kate Hudson|Joey King|Pierce Gagnon|Donald Faison|Mandy Patinkin|Ashley Greene|Jim Parsons|Alexander Chaplin|Josh Gad,Zach Braff,Zach Braff|Adam J. Braff
16172,Simply Irresistible,Sarah Michelle Gellar|Sean Patrick Flanery|Dylan Baker|Patricia Clarkson|Lawrence Gilliard Jr.|Christopher Durang|Betty Buckley|Olek Krupa|Amanda Peet|Alex Draper,Mark Tarlov,Judith Roberts
13403,Hedwig and the Angry Inch,John Cameron Mitchell|Miriam Shor|Stephen Trask|Theodore Liscinski|Rob Campbell|Michael Aronov|Andrea Martin|Michael Pitt|Maurice Dean Wint|Ben Mayer-Goodman,John Cameron Mitchell,John Cameron Mitchell|Stephen Trask
15797,Only the Strong,Mark Dacascos|Geoffrey Lewis|Stacey Travis|Paco Christian Prieto|Todd Susman|Jeffrey Anderson-Gunter|Richard Coca|Frank Dux,Sheldon Lettich,Sheldon Lettich|Luis Esteban	
347764,Goddess of Love,Alexis Kendra|Elizabeth Sandy|Monda Scott|Woody Naismith|Ray Grady|Richard Velton|Hugh Westbourne|Rachel Alig|Deana Ricks,Jon Knautz,Jon Knautz|Alexis Kendra
13537,Shattered Glass,Hayden Christensen|Peter Sarsgaard|Chloë Sevigny|Rosario Dawson|Melanie Lynskey|Hank Azaria|Steve Zahn|Mark Blum|Chad Donella|Chad Donella,Billy Ray,Billy Ray
20794,Novocaine,Chelcie Ross|Steve Martin|Laura Dern|Lynne Thigpen|Polly Noonan|Helena Bonham Carter|JoBe Cerny|Elias Koteas|Yasen Peyankov|Scott Caan,David Atkins,David Atkins
31064,The Business of Strangers,Julia Stiles|Stockard Channing|Frederick Weller|Marcus Giamatti|Jack Hallett,Patrick Stettner,Patrick Stettner
576,The Wild Bunch,William Holden|Ernest Borgnine|Robert Ryan|Edmond O'Brien|Warren Oates|Jaime Sánchez|Ben Johnson|Emilio Fernández|Strother Martin|L.Q. Jones,Sam Peckinpah,Walon Green|Roy N. Sickner|Sam Peckinpah
13990,The Wackness,Ben Kingsley|Famke Janssen|Josh Peck|Olivia Thirlby|Mary-Kate Olsen|Jane Adams|Method Man|Aaron Yoo|Talia Balsam|David Wohl,Jonathan Levine,Jonathan Levine
11583,The First Great Train Robbery,Sean Connery|Donald Sutherland|Lesley-Anne Down|Alan Webb|Malcolm Terris|Robert Lang|Michael Elphick|Wayne Sleep|Pamela Salem|Gabrielle Lloyd,Michael Crichton,Michael Crichton
18602,Morvern Callar,Samantha Morton|Kathleen McDermott|James Wilson|Dolly Wells|Paul Popplewell|Bryan Dick|Ruby Milton|Linda McGuire|Raife Patrick Burchell|Des Hamilton,Lynne Ramsay,Lynne Ramsay|Liana Dognini
27549,Beastmaster 2: Through the Portal of Time,Marc Singer|Kari Wuhrer|Sarah Douglas|Wings Hauser|Robert Fieldsteel|Arthur Malet|Robert Z'Dar|James Avery|Paul Goodman|Mark Roberts,Sylvio Tabet,Sylvio Tabet|Don Coscarelli|Paul Pepperman|Jim Wynorski|R.J. Robertson|Andre Norton|Doug Miles|Ken Hauser
59728,The 5th Quarter,Aidan Quinn|Andie MacDowell|Ryan Merriman|Michael Harding|Stacy Earl|Matt McGrath|Jillian Batherson|Anessa Ramsey|Sammy Nagi Njuguna|Stefan Guy,Rick Bieber,Rick Bieber
10930,The Flower of Evil,Benoît Magimel|Mélanie Doutey|Suzanne Flon|Bernard Le Coq|Nathalie Baye,Claude Chabrol,Claude Chabrol|Caroline Eliacheff|Louise L. Lambrichs
32395,The Greatest,Pierce Brosnan|Susan Sarandon|Carey Mulligan|Aaron Taylor-Johnson|Johnny Simmons|Kevin Hagan|Amy Morton|Deirdre O'Connell|Miles Robbins|Cara Seymour,Shana Feste,Shana Feste
58882,Snow Flower and the Secret Fan,Li Bingbing|Jun Ji-hyun|Hugh Jackman|Vivian Wu|Jiang Wu|Russell Wong|Coco Chiang Yi|Fang Zhoubo|Hu Qing-Yun|Cao Shi-Ping,Wayne Wang,Ronald Bass|Angela Workman|Michael Ray|Lisa See
7547,Come Early Morning,Ashley Judd|Laura Prepon|Jeffrey Donovan|Stacy Keach|Scott Wilson|Tim Blake Nelson|Christine Renee Ward|Candyce Hinkle|Pat Corley|Diane Ladd,Joey Lauren Adams,Joey Lauren Adams
35944,Lucky Break,James Nesbitt|Olivia Williams|Timothy Spall|Christopher Plummer|Bill Nighy|Lennie James|Ron Cook|Peter Wight|Celia Imrie|Raymond Waring,Peter Cattaneo,Stephen Fry|Ronan Bennett
42222,Julia,Jane Fonda|Vanessa Redgrave|Jason Robards|Maximilian Schell|Hal Holbrook|Rosemary Murphy|Meryl Streep|Dora Doll|Elisabeth Mortensen|John Glover,Fred Zinnemann,Alvin Sargent|Lillian Hellman
13827,"Surfer, Dude",Matthew McConaughey|Jeffrey Nordling|Willie Nelson|Woody Harrelson|Zachary Knighton|Ramón Rodríguez|Travis Fimmel|Amber Hay,S.R. Bindler,S.R. Bindler|Cory Van Dyke
44260,Lake of Fire,Noam Chomsky|Bill Baird|Flip Benham,Tony Kaye,Tony Kaye
9282,11:14,Henry Thomas|Blake Heron|Barbara Hershey|Hilary Swank|Clark Gregg|Shawn Hatosy|Stark Sands|Colin Hanks|Ben Foster|Patrick Swayze,Greg Marcks,Greg Marcks
38940,Men of War,Dolph Lundgren|Charlotte Lewis|BD Wong|Tim Guinee|Catherine Bell,Perry Lang,John Sayles|Stan Rogow
35689,Don McKay,Thomas Haden Church|Elisabeth Shue|Melissa Leo|M. Emmet Walsh|Keith David|James Rebhorn|Pruitt Taylor Vince,Jake Goldberger,Jake Goldberger
97614,Deadfall,Eric Bana|Olivia Wilde|Charlie Hunnam|Patrick Kerton|Kris Kristofferson|Sissy Spacek|Treat Williams|Jason Cavalier|Allison Graham|Kate Mara,Stefan Ruzowitzky,Zach Dean
37206,A Shine of Rainbows,Connie Nielsen|Aidan Quinn|John Bell|Tara Alice Scully|Niamh Shaw|Jack Gleeson,Vic Sarin,Vic Sarin|Catherine Spear
58626,The Hit List,Cuba Gooding Jr.|Cole Hauser|Jonathan LaPaglia|Ginny Weirick|Sean Cook|Drew Waters|Michael Papajohn|Brandon O'Neill|J.P. O'Shaughnessy|David Andriole,William Kaufman,Chad Law|Evan Law
183894,Emma,Romola Garai|Michael Gambon|Jonny Lee Miller|Louise Dylan|Blake Ritson|Poppy Miller|Jamie Glover|Jodhi May|Robert Bathurst|Tamsin Greig,Jim O'Hanlon,Jane Austen
837,Videodrome,James Woods|Sonja Smits|Deborah Harry|Peter Dvorsky|Jack Creley|Lynne Gorman|Julie Khaner|Reiner Schwarz|David Bolt|Lally Cadeau,David Cronenberg,David Cronenberg
1555,The Spanish Apartment,Romain Duris|Audrey Tautou|Kelly Reilly|Cécile de France|Cristina Brondo|Federico D'Anna|Barnaby Metschurat|Christian Pagh|Martine Demaret|Javier Coromina,Cédric Klapisch,Cédric Klapisch
244783,Song One,Anne Hathaway|Johnny Flynn|Mary Steenburgen|Ben Rosenfield|Lola Kirke,Kate Barker-Froyland,Kate Barker-Froyland
16564,Winter in Wartime,Martijn Lakemeier|Melody Klaver|Yorick van Wageningen|Jamie Campbell Bower|Raymond Thiry|Anneke Blok|Mees Peijnenburg|Jesse van Driel|Dan van Husen|Ad van Kempen,Martin Koolhoven,Martin Koolhoven|Jan Terlouw|Mieke de Jong|Paul Jan Nelissen
168027,Freaky Deaky,Christian Slater|Michael Jai White|Crispin Glover|Billy Burke|Breanne Racano|Sabina Gadecki|Roger Bart|Andy Dick|Gloria Hendry|Page Kennedy,Charles Matthau,Elmore Leonard|Charles Matthau
3482,The Train,Burt Lancaster|Paul Scofield|Jeanne Moreau|Suzanne Flon|Michel Simon|Wolfgang Preiss|Albert Rémy|Charles Millot|Richard Münch|Jean-Pierre Zola,John Frankenheimer,Walter Bernstein|Franklin Coen|Rose Valland|Frank Davis|Albert Husson
135595,Trade Of Innocents,Dermot Mulroney|Mira Sorvino|John Billingsley|Trieu Tran|Kiều Chinh|Tanapol Chuksrida|Vithaya Pansringarm,Christopher Bessette,Christopher Bessette
8982,The Protector,Tony Jaa|Petchtai Wongkamlao|Bongkoj Khongmalai|Xing Jing|Nathan Jones|Johnny Trí Nguyễn|Lateef Crowder|Jon Foo|Damian de Montemas|David Asavanond,Prachya Pinkaew,Piyaros Thongdee|Joe Wannapin|Prachya Pinkaew
89861,Stiff Upper Lips,Georgina Cates|Peter Ustinov|Prunella Scales|Samuel West|Sean Pertwee|David Artus|Kevin Furlong|Nicholas Selby|John Boswall|Robert Portal,Gary Sinyor,Gary Sinyor|Paul Simpkin
455,Bend It Like Beckham,Parminder Nagra|Keira Knightley|Jonathan Rhys Meyers|Anupam Kher|Shaheen Khan|Frank Harper|Juliet Stevenson|Ameet Chana|Archie Panjabi|Pooja Shah,Gurinder Chadha,Gurinder Chadha|Guljit Bindra|Paul Mayeda Berges
57022,Sunshine State,Alan King|Angela Bassett|Timothy Hutton|Mary Steenburgen|Clifton James|James McDaniel|Miguel Ferrer|Edie Falco|Richard Edson|Gordon Clapp,John Sayles,
14351,Crossover,Anthony Mackie|Marcello Thedford|Allen Payne|Wesley Jonathan|Wayne Brady|Lil' JJ|Philip Champion|Alecia Jai Fears|Kristen Wilson|William L. Johnson,Preston A. Whitmore II,Preston A. Whitmore II
147767,Khiladi 786,Akshay Kumar|Asin Thottumkal|Himesh Reshammiya|Mithun Chakraborty|Raj Babbar|Johnny Lever,Ashish R. Mohan,Himesh Reshammiya
10664,[REC]²,Manuela Velasco|Ferran Terraza|Claudia Silva|Javier Botet|Pablo Rosso|Martha Carbonell|Andrea Ros|Alejandro Casaseca|Akemi Goto|Jonathan D. Mellor,Jaume Balagueró|Paco Plaza,Jaume Balagueró|Paco Plaza|Manu Díez
55567,Standing Ovation,Kayla Jackson|Kayla Raparelli|Sal Dupree|Al Sapienza|Alexis Biesiada|London Clark|Erika Corvette|Ashley Cutrona|Devon Jordan|Pilar Martin,Stewart Raffill,Stewart Raffill
9277,The Sting,Paul Newman|Robert Redford|Robert Shaw|Charles Durning|Ray Walston|Eileen Brennan|Harold Gould|John Heffernan|Dana Elcar|Jack Kehoe,George Roy Hill,David S. Ward
9443,Chariots of Fire,Ben Cross|Ian Charleson|Cheryl Campbell|Alice Krige|Nigel Havers|Ian Holm|Nicholas Farrell|Daniel Gerroll|John Gielgud|Lindsay Anderson,Hugh Hudson,Colin Welland
16186,Diary of a Mad Black Woman,Kimberly Elise|Steve Harris|Tyler Perry|Shemar Moore|Vickie Eng|Lauren Leah Mitchell|Lisa Marcos|Tamara Taylor|Cicely Tyson|Terrell Carter,Darren Grant,Tyler Perry
7863,Shine,Geoffrey Rush|Noah Taylor|Armin Mueller-Stahl|Justin Braine|Sonia Todd|Chris Haywood|Alex Rafalowicz|Lynn Redgrave|Googie Withers|John Gielgud,Scott Hicks,Scott Hicks|Jan Sardi
138697,Don Jon,Joseph Gordon-Levitt|Scarlett Johansson|Julianne Moore|Tony Danza|Glenne Headly|Brie Larson|Rob Brown|Jeremy Luke|Paul Ben-Victor|Italia Ricci,Joseph Gordon-Levitt,Joseph Gordon-Levitt
11901,High Plains Drifter,Clint Eastwood|Verna Bloom|Marianna Hill|Mitchell Ryan|Jack Ging|Stefan Gierasch|Ted Hartley|Billy Curtis|Geoffrey Lewis|Scott Walker,Clint Eastwood,Ernest Tidyman|Dean Riesner
1548,Ghost World,Thora Birch|Scarlett Johansson|Steve Buscemi|Brad Renfro|Bob Balaban|Teri Garr|Stacey Travis|David Cross|Pat Healy|Dave Sheridan,Terry Zwigoff,Terry Zwigoff|Daniel Clowes
11889,Iris,Judi Dench|Jim Broadbent|Kate Winslet|Hugh Bonneville|Penelope Wilton|Samuel West|Timothy West|Kris Marshall|Juliet Aubrey|Derek Hutchinson,Richard Eyre,Richard Eyre|Charles Wood|John Bayley
33155,Galaxina,Dorothy Stratten|Stephen Macht|Avery Schreiber|Lionel Mark Smith|J.D. Hinton|Tad Horino|Ronald Knight|Percy Rodrigues|Angelo Rossitto|Susan Kiger,William Sachs,William Sachs
5528,The Chorus,Gérard Jugnot|François Berléand|Kad Merad|Jean-Paul Bonnaire|Marie Bunel|Jean-Baptiste Maunier|Maxence Perrin|Grégory Gatignol|Thomas Blumenthal|Cyril Bernicot,Christophe Barratier,René Wheeler|Philippe Lopes-Curval|Christophe Barratier|Noël-Noël
321,Mambo Italiano,Luke Kirby|Ginette Reno|Paul Sorvino|Mary Walsh|Peter Miller|Claudia Ferri|Sophie Lorain|Tim Post|Tara Nicodemo|Pierrette Robitaille,Émile Gaudreault,Émile Gaudreault|Steve Galluccio
4997,Wonderland,Val Kilmer|Dylan McDermott|Kate Bosworth|Josh Lucas|Lisa Kudrow|Eric Bogosian|Christina Applegate|Carrie Fisher|Tim Blake Nelson|Janeane Garofalo,James Cox,James Cox|Captain Mauzner|Todd Samovitz|D. Loriston Scott
925,Do the Right Thing,Danny Aiello|Ossie Davis|Ruby Dee|Richard Edson|Giancarlo Esposito|Spike Lee|Bill Nunn|John Turturro|Paul Benjamin|Frankie Faison,Spike Lee,Spike Lee
27451,Harvard Man,Sarah Michelle Gellar|Adrian Grenier|Joey Lauren Adams|Eric Stoltz|Rebecca Gayheart|John Neville|Gianni Russo|Ray Allen|Michael Aparo|Scottie Epstein,James Toback,James Toback
73532,Le Havre,André Wilms|Kati Outinen|Blondin Miguel|Elina Salo|Evelyne Didi|Quoc Dung Nguyen|Jean-Pierre Darroussin|Jean-Pierre Léaud|Pierre Étaix,Aki Kaurismäki,Aki Kaurismäki
979,Irreversible,Monica Bellucci|Vincent Cassel|Albert Dupontel|Jo Prestia|Philippe Nahon|Stéphane Drouot|Jean-Louis Costes|Mourad Khima|Michel Gondoin |Hellal,Gaspar Noé,Gaspar Noé
193722,R100,Nao Omori|Mao Daichi|Shinobu Terajima|Hairi Katagiri|Eriko Satô|Ai Tominaga|Naomi Watanabe|Gin Maeda|You|Suzuki Matsuo,Hitoshi Matsumoto,Hitoshi Matsumoto|Mitsuyoshi Takasu|Tomoji Hasegawa|Kôji Ema|Mitsuru Kuramoto
7913,Rang De Basanti,Aamir Khan|Soha Ali Khan|Alice Patten|Sharman Joshi|Kunal Kapoor|Atul Kulkarni|Madhavan|Siddharth|Kirron Kher,Rakeysh Omprakash Mehra,Rakeysh Omprakash Mehra
253253,Animals,David Dastmalchian|Kim Shaw|John Heard|John Hoogenakker|Shon McGregory|Ilyssa Fradin,Collin Schiffli,David Dastmalchian
51995,Salvation Boulevard,Jennifer Connelly|Marisa Tomei|Pierce Brosnan|Ed Harris|Greg Kinnear|Isabelle Fuhrman|Howard Hesseman|Jim Gaffigan,George Ratliff,George Ratliff|Douglas Stone
13173,The Ten,Paul Rudd|Adam Brody|Jon Hamm|Winona Ryder|Ken Marino|Ali Marsh|Ron Silver|Liev Schreiber|Jessica Alba|Charlie McDermott,David Wain,David Wain|Ken Marino
22908,A Room for Romeo Brass,Paddy Considine|Andrew Shim|Frank Harper|Vicky McClure|Johann Myers|Shane Meadows|Bob Hoskins|Ben Marshall|Darren O. Campbell|Martin Arrowsmith,Shane Meadows,Shane Meadows|Paul Fraser
70670,Headhunters,Aksel Hennie|Nikolaj Coster-Waldau|Synnøve Macody Lund|Julie R. Ølgaard|Eivind Sander|Baard Owe|Kyrre Haugen Sydness|Reidar Sørensen|Nils Jørgen Kaalstad|Joachim Rafaelsen,Morten Tyldum,Lars Gudmestad|Ulf Rydberg|Jo Nesbø
84204,Grabbers,Richard Coyle|Ruth Bradley|Russell Tovey|Bronagh Gallagher|David Pearse|Lalor Roddy|Clelia Murphy|Louis Dempsey|Micheál O'Gruagain|Ned Dennehy,Jon Wright,Kevin Lehane
25248,Saint Ralph,Adam Butcher|Campbell Scott|Michael Kanev|Gordon Pinsent|Tamara Hope|Keir Gilchrist,Michael McGowan,Michael McGowan
230266,Miss Julie,Jessica Chastain|Colin Farrell|Samantha Morton|Nora McMenamy,Liv Ullmann,Liv Ullmann|August Strindberg
16633,Somewhere in Time,Christopher Reeve|Jane Seymour|Christopher Plummer|Teresa Wright|Bill Erwin|George Voskovec|Susan French|John Alvin|Eddra Gale|Audrey Bennett,Jeannot Szwarc,Richard Matheson
63006,Dum Maaro Dum,Abhishek Bachchan|Bipasha Basu|Deepika Padukone|Rana Daggubati|Prateik Babbar,Rohan Sippy,Shridhar Raghavan
91586,Insidious: Chapter 2,Patrick Wilson|Rose Byrne|Ty Simpkins|Lin Shaye|Barbara Hershey|Steve Coulter|Leigh Whannell|Angus Sampson|Andrew Astor|Hank Harris,James Wan,James Wan|Leigh Whannell
215,Saw II,Tobin Bell|Shawnee Smith|Donnie Wahlberg|Franky G|Glenn Plummer|Beverley Mitchell|Dina Meyer|Emmanuelle Vaugier|Erik Knudsen|Tim Burd,Darren Lynn Bousman,Leigh Whannell|Darren Lynn Bousman
333371,10 Cloverfield Lane,Mary Elizabeth Winstead|John Goodman|John Gallagher Jr.|Bradley Cooper|Douglas M. Griffin|Cindy Hogan|Suzanne Cryer|Maya Erskine|Mat Vairo|Ryan Martin Dwyer,Dan Trachtenberg,Damien Chazelle|Josh Campbell|Matthew Stuecken
9012,Jackass: The Movie,Johnny Knoxville|Bam Margera|Steve-O|Chris Pontius|Dave England|Ryan Dunn|Preston Lacy|Jason Acuña|Ehren McGhehey|Brandon DiCamillo,Jeff Tremaine,Spike Jonze|Johnny Knoxville|Jeff Tremaine
345911,Lights Out,Teresa Palmer|Maria Bello|Gabriel Bateman|Alexander DiPersia|Alicia Vela-Bailey|Billy Burke|Andi Osho|Maria Russell|Rolando Boyce|Lotta Losten,David F. Sandberg,Eric Heisserer|David F. Sandberg
72571,Paranormal Activity 3,Katie Featherston|Sprague Grayden|Lauren Bittner|Christopher Nicholas Smith|Chloe Csengery|Jessica Tyler Brown|Marilyn Alex|Dustin Ingram|Jessica Berger|Maria Olsen,Henry Joost|Ariel Schulman,Christopher B. Landon
242512,Ouija,Olivia Cooke|Ana Coto|Daren Kagasoff|Bianca A. Santos|Douglas Smith|Shelley Hennig|Afra Sophia Tully|Izzie  Galanti|Claire Beale|Sierra Huermann,Stiles White,Juliet Snowden|Stiles White
10072,A Nightmare on Elm Street 3: Dream Warriors,Robert Englund|Patricia Arquette|Heather Langenkamp|John Saxon|Craig Wasson|Laurence Fishburne|Ken Sagoes|Rodney Eastman|Jennifer Rubin|Bradley Gregg,Chuck Russell,Frank Darabont|Wes Craven|Chuck Russell|Bruce Wagner
211954,Instructions Not Included,Loreto Peralta|Eugenio Derbez|Jessica Lindsey|Daniel Raymont|Hugo Stiglitz|Arcelia Ramírez|Agustín Bernal|Karla Souza|Roger Cudney|Ari Brickman,Eugenio Derbez,Guillermo Ríos|Eugenio Derbez
82990,Paranormal Activity 4,Katie Featherston|Kathryn Newton|Matt Shively|Aiden Lovekamp|Brady Allen|Stephen Dunham|Alexondra Lee|Georgica Pettus|Alisha Boe|Brendon Eggertsen,Henry Joost|Ariel Schulman,Christopher B. Landon
29912,The Robe,Richard Burton|Jean Simmons|Victor Mature|Jay Robinson|Richard Boone|Leon Askin|Michael Rennie|Dean Jagger|Torin Thatcher|Betta St. John,Henry Koster,Albert Maltz|Gina Kaus|Philip Dunne|Lloyd C. Douglas
11843,The Return of the Pink Panther,Peter Sellers|Christopher Plummer|Herbert Lom|Catherine Schell|Peter Arne|Peter Jeffrey|Grégoire Aslan|David Lodge|Graham Stark|Eric Pohlmann,Blake Edwards,Blake Edwards
11284,Freddy's Dead: The Final Nightmare,Robert Englund|Lisa Zane|Shon Greenblatt|Lezlie Deane|Ricky Dean Logan|Breckin Meyer|Yaphet Kotto|Tom Arnold|Roseanne Barr|Elinor Donahue,Rachel Talalay,Michael De Luca|Wes Craven
504,Monster,Charlize Theron|Christina Ricci|Bruce Dern|Lee Tergesen|Annie Corley|Marc Macaulay|Stephan Jones|T. Robert Pigott|Catherine Mangan|Scott Wilson,Patty Jenkins,Patty Jenkins
173,"20,000 Leagues Under the Sea",Kirk Douglas|James Mason|Paul Lukas|Peter Lorre|Robert J. Wilke|Ted de Corsia|Carleton Young|J. M. Kerrigan|Percy Helton|Ted Cooper,Richard Fleischer,Jules Verne|Earl Felton
227348,Paranormal Activity: The Marked Ones,Andrew Jacobs|Richard Cabral|Carlos Pratts|Eddie J. Fernandez|Jorge Diaz|David Fernandez Jr.|Molly Ephraim|Katie Featherston|Crystal Santos|Catherine Toribio,Christopher B. Landon,Christopher B. Landon
1955,The Elephant Man,Anthony Hopkins|John Hurt|Anne Bancroft|John Gielgud|Wendy Hiller|Freddie Jones|Michael Elphick|John Standing|Phoebe Nicholls|Kenny Baker,David Lynch,David Lynch|Eric Bergren|Christopher De Vore
152532,Dallas Buyers Club,Matthew McConaughey|Jennifer Garner|Jared Leto|Denis O'Hare|Steve Zahn|Michael O'Neill|Dallas Roberts|Griffin Dunne|Kevin Rankin|Donna DuPlantier,Jean-Marc Vallée,Melisa Wallack|Craig Borten
243940,The Lazarus Effect,Olivia Wilde|Mark Duplass|Donald Glover|Evan Peters|Sarah Bolger|Ray Wise|Amy Aquino|Bruno Gunn|Sean T. Krishnan,David Gelb,Luke Dawson|Jeremy Slater
77,Memento,Guy Pearce|Carrie-Anne Moss|Joe Pantoliano|Mark Boone Junior|Stephen Tobolowsky|Harriet Sansom Harris|Callum Keith Rennie|Larry Holden|Jorja Fox|Russ Fega,Christopher Nolan,Christopher Nolan|Jonathan Nolan
157547,Oculus,Karen Gillan|Brenton Thwaites|Katee Sackhoff|James Lafferty|Rory Cochrane|Kate Siegel|Garrett Ryan|Katie Parker|Miguel Sandoval|Annalise Basso,Mike Flanagan,Mike Flanagan|Jeff Howard
2295,Clerks II,Brian O'Halloran|Jeff Anderson|Jason Mewes|Kevin Smith|Rosario Dawson|Jennifer Schwalbach Smith|Ben Affleck|Trevor Fehrman|Scott Mosier|Jason Lee,Kevin Smith,Kevin Smith
71,Billy Elliot,Jamie Bell|Julie Walters|Jean Heywood|Jamie Draven|Gary Lewis|Stephen Mangan|Patrick Malahide|Stuart Wells|Tracey Wilkinson|Zoë Bell,Stephen Daldry,Lee Hall
147773,The Way Way Back,Liam James|Steve Carell|Toni Collette|AnnaSophia Robb|Sam Rockwell|Allison Janney|Maya Rudolph|Amanda Peet|Rob Corddry|Nat Faxon,Nat Faxon|Jim Rash,Nat Faxon|Jim Rash
16096,House Party 2,Martin Lawrence|Christopher Martin|Christopher Reid|Paul Anthony|Tisha Campbell-Martin|Queen Latifah|Georg Stanford Brown|Whoopi Goldberg|Iman,Doug McHenry|George Jackson,Reginald Hudlin|Rusty Cundieff|Daryl G. Nickens
24266,The Man from Snowy River,Tom Burlinson|Terence Donovan|Kirk Douglas|Tommy Dysart|Bruce Kerr|David Bradshaw|Sigrid Thornton|Jack Thompson|Tony Bonner|June Jago,George T. Miller,John Dixon
16508,Doug's 1st Movie,Thomas McHugh|Fred Newman|Chris Phillips|Constance Shulman,Maurice Joyce,Ian Freedman|Ken Scarborough|Jim Jinkins|Christopher McCulloch|Siobhan Mullen|Maurice Fontenot|Victor Glasko|Ethan Kanfer|Tapani Knuutila|Liz Rathke|Deidre Stammers|Jean Lajeunesse
2895,The Apostle,Robert Duvall|Billy Bob Thornton|June Carter Cash|Farrah Fawcett|Miranda Richardson|Todd Allen|Walton Goggins|Billy Joe Shaver|Renée Victor,Robert Duvall,Robert Duvall
15660,Mommie Dearest,Faye Dunaway|Diana Scarwid|Steve Forrest|Howard Da Silva|Mara Hobel|Harry Goz|Michael Edwards|Jocelyn Brando|Priscilla Pointer|Joe Abdullah,Frank Perry,Robert Getchell|Frank Yablans|Frank Perry|Tracy Hotchner
59968,Our Idiot Brother,Paul Rudd|Elizabeth Banks|Zooey Deschanel|Emily Mortimer|Adam Scott|Kathryn Hahn|Hugh Dancy|Steve Coogan|Rashida Jones|T.J. Miller,Jesse Peretz,Jesse Peretz|David Schisgall|Evgenia Peretz
323677,Race,Stephan James|Jason Sudeikis|Carice van Houten|Jeremy Irons|Amanda Crew|William Hurt|David Kross|Eli Goree|Giacomo Gianniotti|Jonathan Aris,Stephen Hopkins,Anna Waterhouse|Joe Shrapnel
19848,The Players Club,LisaRaye McCoy|Dick Anthony Williams|Judyann Elder|Chrystale Wilson|Adele Givens|Bernie Mac|Anthony Johnson|Monica Calhoun|Jamie Foxx|Tracey Cherelle Jones,Ice Cube,Ice Cube
256274,"As Above, So Below",Perdita Weeks|Ben Feldman|Edwin Hodge|François Civil|Marion Lambert|Ali Marhyar|Cosme Castro|Hamid Djavadan|Théo Cholbi|Emy Lévy,John Erick Dowdle,John Erick Dowdle|Drew Dowdle
235271,Addicted,Boris Kodjoe|Brandon Gonzales|Cameron Mills|Emayatzy Corinealdi|Garrett Hines|Hunter Burke|John Newberg|Kat Graham|Maria Howell|Omer Mughal,Bille Woodruff,Ernie Barbarash|Christina Welsh|Zane
45153,Eve's Bayou,Jurnee Smollett|Meagan Good|Lynn Whitfield|Samuel L. Jackson|Debbi Morgan|Diahann Carroll|Lisa Nicole Carson|Roger Guenveur Smith|Victoria Rowell|Jake Smollett,Kasi Lemmons,Kasi Lemmons
284293,Still Alice,Julianne Moore|Alec Baldwin|Kristen Stewart|Kate Bosworth|Shane McRae|Hunter Parrish|Seth Gilliam|Stephen Kunken|Erin Darke|Daniel Gerroll,Richard Glatzer|Wash Westmoreland,Richard Glatzer|Wash Westmoreland|Lisa Genova
24973,The Egyptian,Jean Simmons|Victor Mature|Gene Tierney|Peter Ustinov|Edmund Purdom|Michael Wilding|Bella Darvi|Judith Evelyn|Henry Daniell|John Carradine,Michael Curtiz,Casey Robinson|Philip Dunne|Mika Waltari
21610,Nighthawks,Sylvester Stallone|Rutger Hauer|Billy Dee Williams|Lindsay Wagner|Persis Khambatta|Nigel Davenport|Hilary Thompson|Joe Spinell|Walter Mathews|E. Brian Dean,Bruce Malmuth,David Shaber
10283,Friday the 13th Part VIII: Jason Takes Manhattan,Kane Hodder|Jensen Daggett|Scott Reeves|Barbara Bingham|Peter Mark Richman|Martin Cummins|Gordon Currie|Alex Diakun|Vincent Craig Dupree|Saffron Henderson,Rob Hedden,Rob Hedden
8346,My Big Fat Greek Wedding,Nia Vardalos|John Corbett|Lainie Kazan|Michael Constantine|Andrea Martin|Joey Fatone|Louis Mandylor|Gia Carides|Christina Eleusiniotis|Marita Zouravlioff,Joel Zwick,Nia Vardalos
122081,Spring Breakers,James Franco|Selena Gomez|Vanessa Hudgens|Ashley Benson|Rachel Korine|Gucci Mane|Heather Morris|Ash Lendzion|Sidney Sewell|Thurman Sewell,Harmony Korine,Harmony Korine|Adrian Marler
10987,Halloween: The Curse of Michael Myers,Donald Pleasence|Paul Rudd|Marianne Hagan|Mitchell Ryan|Kim Darby|Bradford English|Keith Bogart|Mariah O'Brien|Leo Geter|J.C. Brandy,Joe Chappelle,Debra Hill|John Carpenter|Daniel Farrands
1391,Y Tu Mamá También,Gael García Bernal|Diego Luna|Maribel Verdú|Ana López Mercado|Diana Bracho|Verónica Langer|María Aura|Andrés Almeida|Emilio Echevarría|Nathan Grinberg,Alfonso Cuarón,Alfonso Cuarón|Carlos Cuarón
747,Shaun of the Dead,Simon Pegg|Nick Frost|Kate Ashfield|Lucy Davis|Dylan Moran|Peter Serafinowicz|Rafe Spall|Penelope Wilton|Bill Nighy|Reece Shearsmith,Edgar Wright,Edgar Wright|Simon Pegg
14745,The Haunting of Molly Hartley,Haley Bennett|Jake Weber|Chace Crawford|Shannon Woodward|Shanna Collins|AnnaLynne McCord|Marin Hinkle|Nina Siemaszko|Josh Stewart|Jessica Lowndes,Mickey Liddell,John Travis|Rebecca Sonnenshine
26748,Lone Star,Chris Cooper|Matthew McConaughey|Elizabeth Peña|Kris Kristofferson|Joe Morton|Frances McDormand|Stephen J. Lang|Oni Faida Lampley|LaTanya Richardson|Leo Burmester,John Sayles,John Sayles
11357,Halloween 4: The Return of Michael Myers,Donald Pleasence|Ellie Cornell|Danielle Harris|George P. Wilbur|Michael Pataki|Beau Starr|Kathleen Kinmont|Sasha Jenson|Gene Ross|Carmen Filpi,Dwight H. Little,Alan B. McElroy
24913,April Fool's Day,Deborah Foreman|Thomas F. Wilson|Lloyd Berry|Tom Heaton|Ken Olandt|Leah Pinsent|Clayton Rohner|Amy Steel|Jay Baker|Pat Barlow,Fred Walton,Danilo Bach
13776,Diner,Steve Guttenberg|Daniel Stern|Mickey Rourke|Kevin Bacon|Tim Daly|Ellen Barkin|Paul Reiser|Kathryn Dowling|Michael Tucker|Jessica James,Barry Levinson,Barry Levinson
14854,Lone Wolf McQuade,Chuck Norris|David Carradine|Barbara Carrera|Leon Isaac Kennedy|Dana Kimmell|Robert Beltran|L.Q. Jones|R. G. Armstrong|Jorge Cervera Jr.|Sharon Farrell,Steve Carver,H. Kaye Dyal|B.J. Nelson
50357,Apollo 18,Ryan Robbins|Warren Christie|Lloyd Owen|Andrew Airlie|Michael Kopsa|Ali Liebert|Kurt Max Runte|Kim Wylie|Noah Wylie|Erica Carroll,Gonzalo López-Gallego,Brian Miller
13090,Sunshine Cleaning,Amy Adams|Emily Blunt|Alan Arkin|Jason Spevack|Steve Zahn|Mary Lynn Rajskub|Clifton Collins Jr|Eric Christian Olsen|Paul Dooley|Kevin Chapman,Christine Jeffs,Megan Holley
192141,No Escape,Owen Wilson|Lake Bell|Pierce Brosnan|Sterling Jerins|Claire Geare|Spencer Garrett|Tanapol Chuksrida|Nophand Boonyai|Byron Gibson|Matthew Timothy Olynyk,John Erick Dowdle,John Erick Dowdle|Drew Dowdle
16441,The Beastmaster,Marc Singer|Tanya Roberts|Rip Torn|John Amos|Joshua Milrad|Rod Loomis|Ben Hammer|Ralph Strait|Billy Jayne|Janet DeMay,Don Coscarelli,Don Coscarelli|Paul Pepperman
29996,Solomon and Sheba,Yul Brynner|Gina Lollobrigida|George Sanders|Marisa Pavan|David Farrar|John Crawford|Finlay Currie|Harry Andrews|José Nieto,King Vidor,Anthony Veiller|Crane Wilbur
351819,Fifty Shades of Black,Marlon Wayans|Kali Hawk|Fred Willard|Mike Epps|Affion Crockett|Jane Seymour|Florence Henderson|Andrew Bachelor|Jenny Zigriano|Kate Miner,Michael Tiddes,Marlon Wayans|Rick Alvarez|E.L. James
14834,Not Easily Broken,Morris Chestnut|Taraji P. Henson|Maeve Quinlan|Kevin Hart|Jenifer Lewis|Eddie Cibrian|Wood Harris,Bill Duke,
22649,A Farewell to Arms,Helen Hayes|Gary Cooper|Adolphe Menjou|Mary Philips|Jack La Rue|Blanche Friderici|Mary Forbes|Gilbert Emery|Agostino Borgato,Frank Borzage,Ernest Hemingway|Oliver H.P. Garrett|Benjamin Glazer
378200,The Perfect Match,Terrence Jenkins|Paula Patton|Kali Hawk|Lauren London|Brandy Norwood|Cassie Ventura|Donald Faison|Robert Christopher Riley|Layla Jama|Dascha Polanco,Bille Woodruff,Gary Hardwick|Brandon Broussard|Dana Verde
20455,Digimon: The Movie,Lara Jill Miller|Joshua Seth|Bob Papenbrook|Doug Berholt|Steve Blum|Colleen O'Shaughnessey|Michael Reisz|Wendee Lee|Brianne Siddall,Mamoru Hosoda|Shigeyasu Yamauchi,
13193,Saved!,Jena Malone|Mandy Moore|Macaulay Culkin|Patrick Fugit|Heather Matarazzo|Eva Amurri Martino|Martin Donovan|Mary-Louise Parker|Chad Faust|Elizabeth Thai,Brian Dannelly,Brian Dannelly|Michael Urban
11042,The Barbarian Invasions,Rémy Girard|Stéphane Rousseau|Marie-Josée Croze|Dorothée Berryman|Louise Portal|Dominique Michel|Pierre Curzi|Yves Jacques|Marina Hands|Sophie Lorain,Denys Arcand,Denys Arcand
10786,Robin and Marian,Sean Connery|Audrey Hepburn|Robert Shaw|Richard Harris|Nicol Williamson|Ian Holm|Ronnie Barker|Denholm Elliott,Richard Lester,James Goldman
12484,The Forsaken,Kerr Smith|Brendan Fehr|Izabella Miko|Johnathon Schaech|Phina Oruche|Simon Rex|Carrie Snodgress|Alexis Thorpe|Frederick Flynn|A.J. Buckley,J.S. Cardone,J.S. Cardone
17339,Force 10 from Navarone,Harrison Ford|Robert Shaw|Barbara Bach|Edward Fox|Franco Nero|Carl Weathers|Richard Kiel|Alan Badel|Michael Byrne|Philip Latham,Guy Hamilton,Alistair MacLean|Robin Chapman
11959,UHF,"""Weird Al"" Yankovic|Victoria Jackson|Michael Richards|David Bowe|Fran Drescher|Kevin McCarthy|Anthony Geary|Billy Barty|Trinidad Silva|Emo Philips",Jay Levey,"""Weird Al"" Yankovic|Jay Levey|Charles Holloway"
9900,Grandma's Boy,Linda Cardellini|Allen Covert|Peter Dante|Shirley Knight|Joel David Moore|Kevin Nealon|Doris Roberts|Shirley Jones|Nick Swardson|Jonah Hill,Nicholaus Goossen,Allen Covert|Nick Swardson|Barry Wernick
14662,Slums of Beverly Hills,Natasha Lyonne|Alan Arkin|Marisa Tomei|Eli Marienthal|Mena Suvari|David Krumholtz|Kevin Corrigan|Rita Moreno|Carl Reiner|Jessica Walter,Tamara Jenkins,Tamara Jenkins
335,Once Upon a Time in the West,Henry Fonda|Claudia Cardinale|Jason Robards|Charles Bronson|Gabriele Ferzetti|Paolo Stoppa|Woody Strode|Jack Elam|Keenan Wynn|Frank Wolff,Sergio Leone,Sergio Leone|Dario Argento|Bernardo Bertolucci|Sergio Donati
15745,Made,Vince Vaughn|Jon Favreau|Sean Combs|Famke Janssen|Peter Falk|Faizon Love|David O'Hara|Vincent Pastore|Jenteal|Makenzie Vega Norfolk,Jon Favreau,Jon Favreau
17431,Moon,Sam Rockwell|Kevin Spacey|Dominique McElligott|Rosie Shaw|Adrienne Shaw|Kaya Scodelario|Benedict Wong|Malcolm Stewart|Robin Chalk|Matt Berry,Duncan Jones,Duncan Jones|Nathan Parker
21014,Keeping Up with the Steins,Daryl Sabara|Jami Gertz|Jeremy Piven|Cheryl Hines|Carter Jenkins|Sandra Taylor|Larry Miller|Doris Roberts|Garry Marshall|Daryl Hannah,Scott Marshall,Mark Zakarin
78394,Sea Rex 3D: Journey to a Prehistoric World,Guillaume Denaiffe|Norbert Ferrer|Chloe Hollings|Richard Rider|Tom Yang,Ronan Chapalain|Pascal Vuong,Ronan Chapalain|Pascal Vuong
10217,The Sweet Hereafter,Ian Holm|Caerthan Banks|Sarah Polley|Tom McCamus|Gabrielle Rose|Alberta Watson|Maury Chaykin|Stephanie Morgenstern|Bruce Greenwood,Atom Egoyan,Atom Egoyan|Russell Banks
46332,Of Gods and Men,Lambert Wilson|Michael Lonsdale|Olivier Rabourdin|Philippe Laudenbach|Jacques Herlin|Loïc Pichon|Xavier Maly|Jean-Marie Frin|Abdelhafid Metalsi|Sabrina Ouazani,Xavier Beauvois,Xavier Beauvois
13996,Bottle Shock,Alan Rickman|Chris Pine|Bill Pullman|Rachael Taylor|Freddy Rodríguez|Dennis Farina|Hal B. Klein|Jean-Michel Richaud|Eliza Dushku|Kirk Baily,Randall Miller,Randall Miller|Jody Savin
3028,Jekyll and Hyde ... Together Again,Mark Blankfield|Bess Armstrong|Krista Errickson|Tim Thomerson|Michael McGuire|Neil Hunt|Cassandra Peterson|Peter Brocco|Noelle North|Liz Sheridan,Jerry Belson,Michael J. Leeson|Robert Louis Stevenson|Jerry Belson|Monica Mcgowan Johnson|Harvey Miller
1024,Heavenly Creatures,Melanie Lynskey|Kate Winslet|Sarah Peirse|Simon O'Connor|Diana Kent|Clive Merrison|Gilbert Goldie|Jed Brophy|Darien Takle|Peter Elliott,Peter Jackson,Peter Jackson|Fran Walsh
343795,90 Minutes in Heaven,Kate Bosworth|Hayden Christensen|Hudson Meek|Bobby Batson|Elizabeth Hunter|David Clyde Carr|Catherine Carlen|Dwight Yoakam|Michael W. Smith|Gianna Simone,Michael Polish,Michael Polish
45658,Everything Must Go,Rebecca Hall|Will Ferrell|Glenn Howerton|Laura Dern|Christopher Jordan Wallace|Michael Peña|Stephen Root|Rosalie Michaels|Argos MacCallum|Todd Bryant,Dan Rush,Raymond Carver|Dan Rush
16148,Zero Effect,Bill Pullman|Ben Stiller|Ryan O'Neal|Kim Dickens|Angela Featherstone|Hugh Ross|Sarah DeVincentis|Matt O'Toole|Michele Mariana|Robert Katims,Jake Kasdan,Jake Kasdan
4553,The Machinist,Christian Bale|Jennifer Jason Leigh|Aitana Sánchez-Gijón|John Sharian|Michael Ironside|Lawrence Gilliard Jr.|Craig Stevenson|Reg E. Cathey|Anna Massey|Matthew Romero Moore,Brad Anderson,Scott Kosar
36351,Light Sleeper,Willem Dafoe|Susan Sarandon|Dana Delany|David Clennon|Mary Beth Hurt|Victor Garber|Jane Adams|Sam Rockwell|David Spade,Paul Schrader,Paul Schrader
245916,Kill the Messenger,Jeremy Renner|Mary Elizabeth Winstead|Michael Sheen|Ray Liotta|Robert Patrick|Andy García|Paz Vega|Michael Kenneth Williams|Rosemarie DeWitt|Tim Blake Nelson,Michael Cuesta,Peter Landesman
27585,Rabbit Hole,Nicole Kidman|Aaron Eckhart|Dianne Wiest|Miles Teller|Tammy Blanchard|Sandra Oh|Giancarlo Esposito|Jon Tenney|Stephen Mailer|Mike Doyle,John Cameron Mitchell,David Lindsay-Abaire
1415,Party Monster,Seth Green|Macaulay Culkin|Chloë Sevigny|Diana Scarwid|Marilyn Manson|Dylan McDermott|Wilmer Valderrama|Daniel Franzese|Mia Kirshner|Natasha Lyonne,Fenton Bailey|Randy Barbato,Fenton Bailey|Randy Barbato
313922,Green Room,Anton Yelchin|Imogen Poots|Alia Shawkat|Joe Cole|Callum Turner|Mark Webber|Eric Edelstein|Macon Blair|Kai Lennox|Patrick Stewart,Jeremy Saulnier,Jeremy Saulnier
14474,The Oh in Ohio,Parker Posey|Danny DeVito|Paul Rudd|Mischa Barton|Miranda Bailey|Keith David|Heather Graham,Billy Kent,Sarah Bird|Billy Kent|Adam Wierzbianski
199933,Atlas Shrugged Part III: Who is John Galt?,Eric Allan Kramer|Rob Morrow|Stephen Tobolowsky|Kristoffer Polaha|Lew Temple|Mark Moses|Laura Regan|Joaquim de Almeida|Louis Herthum|Greg Germann,James Manera,Brian Patrick O'Toole|Ayn Rand|Duncan Scott
13685,Bottle Rocket,Luke Wilson|Owen Wilson|Lumi Cavazos|Andrew Wilson|Robert Musgrave|Haley Miller|James Caan|Ned Dowd|Shea Fowler|Brian Tenenbaum,Wes Anderson,Owen Wilson|Wes Anderson
8744,Albino Alligator,Matt Dillon|Faye Dunaway|Gary Sinise|William Fichtner|Viggo Mortensen|John Spencer|Skeet Ulrich|Frankie Faison|Melinda McGraw|M. Emmet Walsh,Kevin Spacey,Christian Forte
38428,"Gandhi, My Father",Darshan Jariwala|Akshaye Khanna|Bhumika Chawla|Shefali Shah|Vinay Jain,Feroz Abbas Khan,Feroz Abbas Khan
8847,Standard Operating Procedure,Javal Davis|Ken Davis|Tony Diaz|Tim Dugan|Lynndie England|Jefferey Frost|Megan Ambuhl Graner|Sabrina Harman|Janis Karpinski|Roman Krol,Errol Morris,
39269,Out of the Blue,Dennis Hopper|Raymond Burr|Sharon Farrell|Linda Manz|Don Gordon,Dennis Hopper,Dennis Hopper|Leonard Yakir|Brenda Nielson|Gary Jules Jouvenat
46838,Tucker and Dale vs Evil,Alan Tudyk|Tyler Labine|Katrina Bowden|Jesse Moss|Philip Granger|Brandon Jay McLaren|Christie Laing|Chelan Simmons|Travis Nelson|Alex Arsenault,Eli Craig,Eli Craig|Morgan Jurgenson
51384,"Lovely, Still",Martin Landau|Ellen Burstyn|Adam Scott|Elizabeth Banks,Nicholas Fackler,
56930,Tycoon,John Wayne|Laraine Day|Cedric Hardwicke|Judith Anderson|Anthony Quinn|James Gleason|Grant Withers|Paul Fix,Richard Wallace,Borden Chase|John Twist|C.E. Scoggins
41730,Desert Blue,Casey Affleck|Kate Hudson|Brendan Sexton III|Christina Ricci|Ethan Suplee|Sara Gilbert|Peter Sarsgaard|John Heard|Isidra Vega|Rene Rivera,Morgan J. Freeman,Morgan J. Freeman
18442,Decoys,Kim Poirier|Stefanie von Pfetten|Elias Toufexis|Meghan Ory|Ennis Esmer|Krista Morin|Marc Trottier|Carrie Colak|Richard Burgi|Nicole Eggert,Matthew Hastings,Franco Battista|Tom Berry|Matthew Hastings
298312,The Visit,Olivia DeJonge|Ed Oxenbould|Kathryn Hahn|Benjamin Kanes|Deanna Dunagan|Peter McRobbie|Dave Jia|Sajida De Leon|Celia Keenan-Bolger|Samuel Stricklen,M. Night Shyamalan,M. Night Shyamalan|Brick Mason
11600,Redacted,Izzy Diaz|Rob Devaney|Ty Jones|Anas Wellman|Mike Figueroa,Brian De Palma,Brian De Palma
71547,Fascination,Jacqueline Bisset|Adam Garcia|James Naughton|Stuart Wilson|Alice Evans|Cachaco|Elia Enid Cadilla|Idée Charriez|Jaime Bello,Klaus Menzel,Klaus Menzel
57876,Area 51,Reid Warner|Darrin Bragg|Ben Rovner|Jelena Nik|Roy Abramsohn|Frank Novak|Glenn Campbell|Concepcion West|James Decker|Patrick Sullivan,Oren Peli,Oren Peli
77495,Sleep Tight,Luis Tosar|Marta Etura |Alberto San Juan|Petra Martínez|Iris Almeida|Carlos Lasarte|Amparo Fernández|Pep Tosar|Tony Corvillo|Xavier Pujolràs,Jaume Balagueró,Alberto Marini
13849,The Cottage,Andy Serkis|Reece Shearsmith|Jennifer Ellison|Steven O'Donnell|James Bierman|Cat Meacher|Danny Nussbaum|Logan Wong|Jonathan Chan-Pensley|Simon Schatzberger,Paul Andrew Williams,
14849,Dead Like Me: Life After Death,Ellen Muth|Jasmine Guy|Callum Blue|Sarah Wynter|Britt McKillip|Christine Willes|Cynthia Stevenson|Henry Ian Cusick|Shenae Grimes|Ferelith Young,Stephen Herek,Bryan Fuller|Stephen Godchaux|John Masius
12486,Farce of the Penguins,Samuel L. Jackson|Jim Belushi|Whoopi Goldberg|Christina Applegate|Jason Biggs|Jason Alexander|Lewis Black|Mario Cantone|Dane Cook|Brie Larson,Bob Saget,Bob Saget
19615,Flying By,Billy Ray Cyrus|Heather Locklear|Ahnaise Christmas|Arabella Field|Mo Collins|Sidney Franklin|Robert Gossett|David Haack|Judith Hoag|Ted Hutton,,
244403,Rudderless,Billy Crudup|Anton Yelchin|Felicity Huffman|Selena Gomez|Laurence Fishburne|William H. Macy|Jamie Chung|Kate Micucci|Zoe Graham|Miles Heizer,William H. Macy,William H. Macy|Jeff Robison|Casey Twenter
292481,Henry & Me,Richard Gere|Luis Guzmán|Chazz Palminteri|Cyndi Lauper|Lucie Arnaz|Danny Aiello|Paul Simon|Austin Williams|Reggie Jackson|Jason Harris,Barrett Esposito,David I. Stern
340816,Christmas Eve,Patrick Stewart|Cheryl Hines|Gary Cole|Jon Heder|James Roday|Max Casella|Julianna Guill|Christina Chong|David Bamber|Juliet Aubrey,Mitch Davis,Mitch Davis|Tyler McKellar
78814,We Have Your Husband,Teri Polo|Esai Morales|Nicholas Gonzalez|Olivia d'Abo|William R. Moses|Danny Mora|Gizza Elizondo|Nikki Hahn|Marco Rodríguez|Javier Grajeda,Eric Bross,J.B. White|Mark Ebner|Jayne Valseca
297596,Dying of the Light,Nicolas Cage|Anton Yelchin|Alexander Karim|Irène Jacob|Aymen Hamdouchi|Adetomiwa Edun|Claudius Peters|Robert G. Slade|Derek Ezenagu|Geff Francis,Paul Schrader,Paul Schrader
299552,Born Of War,James Frain|Sofia Black-D'Elia|Lydia Leonard|Joey Ansah|Michael Maloney|Michael Brandon|Jade Hudson|Avin Shah|Lisa Kay,Vicky Jewson,Vicky Jewson|Rupert Whitaker
11935,Capricorn One,Elliott Gould|James Brolin|Brenda Vaccaro|Sam Waterston|O.J. Simpson|Hal Holbrook|Karen Black|Telly Savalas|David Huddleston|David Doyle,Peter Hyams,Peter Hyams
113406,Should've Been Romeo,Paul Ben-Victor|Ed Asner|Jordenn Thompson|Carol Kane|Michael Rapaport|Kelly Osbourne|Howard Rosenman|Renée Taylor|Natasha Henstridge|Mary McCormack,Marcia Bennett,Michael Goldberg|Paul Ben-Victor|Greg Ferkel|Leah Kornfeld-Friedman
447027,Running Forever,,,
290825,Yoga Hosers,Lily-Rose Depp|Harley Quinn Smith|Justin Long|Austin Butler|Adam Brody|Ralph Garman|Tony Hale|Natasha Lyonne|Haley Joel Osment|Vanessa Paradis,Kevin Smith,Kevin Smith
361159,Navy Seals vs. Zombies,"Ed Quinn|Michael Dudikoff|Rick Fox|Chad ""Gunner"" Lail|Molly Hagan|Mikal Vega|Kevin Kent|Lolo Jones|Damon Lipari|Geoff Reeves",Stanton Barrett,Matthew Carpenter|A.K. Waters
12555,I Served the King of England,Ivan Barnev|Oldřich Kaiser|Julia Jentsch|Marián Labuda|Martin Huba|Milan Lasica|Josef Abrhám|Jaromír Dulava|Jiří Lábus,Jiří Menzel,Jiří Menzel|Bohumil Hrabal
31175,Soul Kitchen,Adam Bousdoukos|Birol Ünel|Moritz Bleibtreu|Wotan Wilke Möhring|Dorka Gryllus|Pheline Roggan|Demir Gökgöl|Monica Bleibtreu|Marc Hosemann|Cem Akin,Fatih Akin,Adam Bousdoukos
12498,Sling Blade,Billy Bob Thornton|Dwight Yoakam|J. T. Walsh|John Ritter|Lucas Black|Robert Duvall|Natalie Canerday|James Hampton|Christine Renee Ward|Jim Jarmusch,Billy Bob Thornton,Billy Bob Thornton
77949,The Awakening,Rebecca Hall|Dominic West|Imelda Staunton|Isaac Hempstead-Wright|Lucy Cohu|Cal Macaninch|John Shrapnel|Diana Kent|Richard Durden|Alfie Field,Nick Murphy ,Stephen Volk|Nick Murphy 
1690,Hostel,Jay Hernandez|Derek Richardson|Eythor Gudjonsson|Barbara Nedeljakova|Jana Kaderabkova|Jan Vlasák|Lubomir Bukovy|Takashi Miike|Keiko Seiko|Jana Havlickova,Eli Roth,Eli Roth
8435,A Cock and Bull Story,Steve Coogan|Rob Brydon|Keeley Hawes|Shirley Henderson|Raymond Waring|Conal Murphy|Joe Williams|Paul Kynman|Mark Tandy|Dylan Moran,Michael Winterbottom,
64720,Take Shelter,Michael Shannon|Jessica Chastain|Katy Mixon|Shea Whigham|Ray McKinnon|Tova Stewart|Natasha Randall|Ron Kennard|Scott Knisley|Robert Longstreet,Jeff Nichols,Jeff Nichols
49365,Lady in White,Lukas Haas|Len Cariou|Alex Rocco|Katherine Helmond|Jason Presson|Jared Rushton|Renata Vanni|Angelo Bertolini|Joelle Jacobi|Henry Harris,Frank LaLoggia,Frank LaLoggia
11404,Driving Lessons,Laura Linney|Rupert Grint|Julie Walters|Michelle Duncan|Oliver Milburn|Tamsin Egerton|Nicholas Farrell|Jim Norton|Chandra Ruegg|Rose Keegan,Jeremy Brock,Jeremy Brock
300706,Let's Kill Ward's Wife,Patrick Wilson|Scott Foley|Amy Acker|Donald Faison|Dagmara Domińczyk|Nicollette Sheridan|Greg Grunberg|Marika Dominczyk,Scott Foley,Scott Foley
16337,The Texas Chainsaw Massacre 2,Dennis Hopper|Caroline Williams|Jim Siedow|Bill Moseley|Bill Johnson|Ken Evert |Harlan Jordan|Kirk Sisco|James N. Harrell|Lou Perryman,Tobe Hooper,Tobe Hooper|L.M. Kit Carson
11577,Pat Garrett & Billy the Kid,James Coburn|Kris Kristofferson|Richard Jaeckel|Katy Jurado|Chill Wills|Barry Sullivan|Jason Robards|Bob Dylan|R. G. Armstrong|Luke Askew,Sam Peckinpah,Rudy Wurlitzer
77987,Only God Forgives,Ryan Gosling|Kristin Scott Thomas|Gordon Brown|Tom Burke|Vithaya Pansringarm|Byron Gibson|Sahajak Boonthanakit|Yayaying Rhatha Phongam|Charlie Ruedpokanon|Wannisa Peungpa,Nicolas Winding Refn,Nicolas Winding Refn
40185,Camping Sauvage,Denis Lavant|Isild Le Besco|Pascal Bongard|Jean-Michel Guerin|Martine Demaret|Raphaëlle Misrahi|Emmanuelle Bercot|Marcel Fix|Yann Trégouët,Christophe Ali|Nicolas Bonilauri,Christophe Ali|Nicolas Bonilauri
68202,Without Men,Eva Longoria|Christian Slater|Oscar Nunez|Kate del Castillo|Mónica Huarte|Yvette Yates|María Conchita Alonso|Luis Chávez|Guillermo Díaz|Paul Rodríguez,Gabriela Tagliavini,Gabriela Tagliavini|James Canon
8981,Dear Frankie,Gerard Butler|Emily Mortimer|Jack McElhone|Sharon Small|Katy Murphy|Jayd Johnson|Mary Riggans|Cal Macaninch|John Kazek|Anne Marie Timoney,Shona Auerbach,Andrea Gibb
10914,All Hat,Rachael Leigh Cook|Luke Kirby|Keith Carradine|Lisa Ray|Graham Greene|Ernie Hudson,Leonard Farlinger,Brad Smith
50848,The Names of Love,Jacques Gamblin|Sara Forestier|Zinedine Soualem|Jacques Boudet|Carole Franck|Michèle Moretti|Julia Vaidis-Bogard|Nabil Massad|Zakariya Gouram|Adrien Stoclet,Michel Leclerc,Michel Leclerc|Baya Kasmi
166624,Treading Water,Douglas Smith|Zoë Kravitz|Ariadna Gil|Don McKellar|Kim Ly|Gonzalo Vega|Carrie-Anne Moss,Analeine Cal y Mayor,Javier Gullón|Analeine Cal y Mayor
10822,Savage Grace,Julianne Moore|Stephen Dillane|Eddie Redmayne|Elena Anaya|Hugh Dancy|Anne Reid|Martin Huberty|Minnie Marx|Jim Arnold|Mapi Galán,Tom Kalin,Howard A. Rodman
10844,Out of the Blue,Karl Urban|Tandi Wright|Simon Ferry|Matthew Sunderland|Lois Lawn|Paul Glover|William Kircher|Georgia Fabish|Fayth Rasmussen|Timothy Bartlett,Robert Sarkies,Bill O'Brien|Robert Sarkies|Graeme Tetley
9336,Police Academy,Steve Guttenberg|Kim Cattrall|G. W. Bailey|Bubba Smith|Donovan Scott|George Gaynes|Andrew Rubin|David Graf|Leslie Easterbrook|Michael Winslow,Hugh Wilson,Hugh Wilson|Pat Proft|Neal Israel
5689,The Blue Lagoon,Brooke Shields|Christopher Atkins|Leo McKern|William Daniels|Jeffrey Kleiser|Gus Mercurio|Elva Josephson|Glenn Kohan|Bradley Pryce|Chad Timmerman,Randal Kleiser,Douglas Day Stewart|Henry De Vere Stacpoole
712,Four Weddings and a Funeral,Hugh Grant|Andie MacDowell|James Fleet|Simon Callow|John Hannah|Kristin Scott Thomas|David Bower|Charlotte Coleman|Rowan Atkinson|Anna Chancellor,Mike Newell,Richard Curtis
13342,Fast Times at Ridgemont High,Sean Penn|Jennifer Jason Leigh|Judge Reinhold|Phoebe Cates|Brian Backer|Robert Romanus|Ray Walston|Scott Thomson|Vincent Schiavelli|Amanda Wyss,Amy Heckerling,Cameron Crowe
10339,Moby Dick,Gregory Peck|Richard Basehart|Leo Genn|James Robertson Justice|Harry Andrews|Bernard Miles|Friedrich von Ledebur|Mervyn Johns|Orson Welles|John Huston,John Huston,John Huston|Herman Melville|Ray Bradbury
1429,25th Hour,Edward Norton|Philip Seymour Hoffman|Barry Pepper|Rosario Dawson|Anna Paquin|Brian Cox|Tony Siragusa|Levan Uchaneishvili|Misha Kuznetsov|Isiah Whitlock Jr.,Spike Lee,David Benioff
9303,Bound,Jennifer Tilly|Gina Gershon|Joe Pantoliano|John P. Ryan|Christopher Meloni|Richard C. Sarafian|Mary Mara|Susie Bright|Margaret Smith|Barry Kivel,Lilly Wachowski|Lana Wachowski,Lilly Wachowski|Lana Wachowski
641,Requiem for a Dream,Ellen Burstyn|Jared Leto|Jennifer Connelly|Marlon Wayans|Christopher McDonald|Louise Lasser|Marcia Jean Kurtz|Janet Sarno|Suzanne Shepherd|Mark Margolis,Darren Aronofsky,Darren Aronofsky|Hubert Selby Jr.
27686,State Fair,Jeanne Crain|Dana Andrews|Dick Haymes|Vivian Blaine|Charles Winninger|Fay Bainter|Donald Meek|Frank McHugh|Percy Kilbride|Harry Morgan,Walter Lang,
65749,Tango,Miguel Ángel Solá|Cecilia Narova|Mía Maestro|Juan Carlos Copes,Carlos Saura,Carlos Saura
6106,Salvador,James Woods|Jim Belushi|Michael Murphy|John Savage|Tony Plana|Colby Chester|Cynthia Gibb|Will MacMillan|Valerie Wildman|José Carlos Ruiz,Oliver Stone,Oliver Stone|Rick Boyle
252680,Moms' Night Out,Sarah Drew|Sean Astin|Patricia Heaton|Logan White|Robert Amaya |Harry Shum Jr.|Abbie Cobb|Sammi Hanratty|Alex Kendrick|Kevin Downes,Jon Erwin|Andrew Erwin,Andrea Gyertson Nasfell|Jon Erwin
141,Donnie Darko,Jake Gyllenhaal|Jena Malone|Patrick Swayze|Maggie Gyllenhaal|Drew Barrymore|Beth Grant|Holmes Osborne|Daveigh Chase|Mary McDonnell|James Duval,Richard Kelly,Richard Kelly
66607,Saving Private Perez,Joaquín Cosio|Gerardo Taracena|Jaime Camil|Miguel Rodarte|Jesús Ochoa,Beto Gómez,
17139,Character,Jan Decleir|Fedja van Huêt|Betty Schuurman|Tamar van den Dop,Mike van Diem,Mike van Diem|Ferdinand Bordewijk
12079,Spun,Jason Schwartzman|Mickey Rourke|Brittany Murphy|John Leguizamo|Chloe Hunter|Patrick Fugit|Mena Suvari|Eric Roberts|Elisa Bocanegra|China Chow,Jonas Åkerlund,Will De Los Santos|Creighton Vero
39800,Life During Wartime,Ally Sheedy|Paul Reubens|Shirley Henderson|Allison Janney|Michael Kenneth Williams|Michael Lerner|Dylan Riley Snyder|Ciarán Hinds|Renée Taylor|Charlotte Rampling,Todd Solondz,Todd Solondz
4550,Sympathy for Lady Vengeance,Choi Min-sik|Lee Young-ae|Kwon Yea-young|Go Soo-hee|Kim Bu-seon|Lee Dae-yeon|Lee Seung-Shin|Lim Su-gyeong|Oh Dal-su|Kim Byeong-ok,Park Chan-wook,Park Chan-wook|Jeong Seo-gyeong
62116,Mozart's Sister,Marie Féret|Marc Barbé|Delphine Chuillot|David Moreau,René Féret,René Féret
9991,Mean Machine,Vinnie Jones|David Kelly|David Hemmings|Ralph Brown|Vas Blackwood|Robbie Gee|Geoff Bell|John Forgeham|Sally Phillips|Danny Dyer,Barry Skolnick,Tracy Keenan Wynn|Chris Baker|Charlie Fletcher|Andrew Day
13807,Exiled,Anthony Wong|Francis Ng|Simon Yam|Nick Cheung|Richie Ren|Roy Cheung|Josie Ho|Lam Suet|Gordon Lam Ka-Tung|Eddie Cheung Siu-Fai,Johnnie To,Yip Tin-Shing|Szeto Kam-Yuen
68818,Blackthorn,Sam Shepard|Magaly Solier|Eduardo Noriega|Stephen Rea|Daniel Aguirre|Luis Bredow|Nikolaj Coster-Waldau|Pádraic Delaney|Dominique McElligott|Cristian Mercado,Mateo Gil,Miguel Barros
12093,Lilya 4-ever,Oksana Akinshina|Artyom Bogucharsky|Lyubov Agapova|Liliya Shinkaryova|Elina Benenson,Lukas Moodysson,Lukas Moodysson
36419,After.Life,Liam Neeson|Justin Long|Christina Ricci|Josh Charles|Chandler Canterbury|Celia Weston|Shuler Hensley|Anna Kuchma|Rosemary Murphy|Laurel Bryce,Agnieszka Wojtowicz-Vosloo,Agnieszka Wojtowicz-Vosloo|Paul Vosloo|Jakub Korolczuk
281730,Fugly,Jimmy Shergill|Mohit Marwah|Kiara Advani|Vijendar Singh|Arfi Lamba|Anshuman Jha,Kabir Sadanand,Rahul Handa
510,One Flew Over the Cuckoo's Nest,Jack Nicholson|Louise Fletcher|Danny DeVito|William Redfield|Scatman Crothers|Brad Dourif|Christopher Lloyd|Will Sampson|Dean R. Brooks|Michael Berryman,Miloš Forman,Bo Goldman|Ken Kesey|Lawrence Hauben|Dale Wasserman
362105,R.L. Stine's Monsterville: The Cabinet of Souls,Dove Cameron|Katherine McNamara|Ryan McCartan|Laine MacNeil|Briana Buckmaster|Tiffany Espensen|Casey Dubois|Andrew Kavadas|Keith MacKechnie|Karin Konoval,Peter DeLuise,Billy Brown|Dan Angel
10970,Silent Movie,Mel Brooks|Marty Feldman|Dom DeLuise|Sid Caesar|Harold Gould|Ron Carey|Bernadette Peters|Carol Arthur|Liam Dunn|Fritz Feld,Mel Brooks,Barry Levinson|Mel Brooks|Ron Clark|Rudy De Luca
375290,Airlift,Akshay Kumar|Nimrat Kaur|Feryna Wazheir|Lena|Purab Kohli|Ninad Kamat|Gunjan Malhotra|Sameer Ali Khan|Nissar Khan|Pawan Chopra,Raja Menon,Raja Menon|Suresh Nair|Ritesh Shah|Amaal Malik
17663,Anne of Green Gables,Megan Follows|Colleen Dewhurst|Richard Farnsworth|Patricia Hamilton|Marilyn Lightstone|Schuyler Grant|Jonathan Crombie|Charmion King,Kevin Sullivan,
270938,Falcon Rising,Michael Jai White|Neal McDonough|Lateef Crowder|Laila Ali|Hazuki Kato|Masashi Odate|Millie Ruperto|Robert Colón|Jazmín Caratini|Michael J. Morris,Ernie Barbarash,Y.T. Parazi
116613,The Sweeney,Ray Winstone|Ben Drew|Hayley Atwell|Damian Lewis|Alan Ford|Steven Mackintosh|Paul Anderson|Caroline Chikezie|Allen Leech|Ronnie Fox,Nick Love,John Hodge|Nick Love|Toby Rushton
11826,Sexy Beast,Ray Winstone|Ben Kingsley|Ian McShane|Amanda Redman|James Fox|Cavan Kendall|Julianne White|Álvaro Monje,Jonathan Glazer,Louis Mellis|David Scinto
29920,Easy Money,Joel Kinnaman|Matias Varela|Dragomir Mrsic|Lisa Henni|Mahmut Suvakci|Dejan Čukić|Fares Fares|Joel Spira|Lea Stojanov|Camilo Alanis,Daniel Espinosa,Fredrik Wikström|Maria Karlsson|Hassan Loo Sattarvandi
1088,Whale Rider,Keisha Castle-Hughes|Rawiri Paratene|Vicky Haughton|Cliff Curtis|Grant Roa|Mana Taumaunu|Rachel House|Taungaroa Emile|Tammy Davis|Mabel Wharekawa,Niki Caro,Niki Caro|Witi Ihimaera
26379,Paa,Amitabh Bachchan|Abhishek Bachchan|Vidya Balan|Paresh Rawal|Arundathi Nag|Swini Khera|Jaya Bachchan,,
34069,Cargo,Martin Rapold|Anna-Katharina Schwabroh|Regula Grauwiller|Yangzom Brauen|Michael Finger|Claude-Oliver Rudolph|Pierre Semmler|Noa Strupler|Maria Boettner|Gilles Tschudi,Ivan Engler|Ralph Etter,Ivan Engler|Arnold Bucher|Patrik Steinmann|Thilo Röscheisen|Johnny Hartmann
10947,High School Musical,"Zac Efron|Vanessa Hudgens|Ashley Tisdale|Lucas Grabeel|Corbin Bleu|Monique Coleman|Bart Johnson|Alyson Reed|Chris Warren, Jr.|Olesya Rulin",Kenny Ortega,Peter Barsocchini
47452,Love and Death on Long Island,John Hurt|Jason Priestley|Sheila Hancock|Maury Chaykin|Fiona Loewi|Harvey Atkin|Gawn Grainger|Elizabeth Quinn,Richard Kwietniowski,Gilbert Adair|Richard Kwietniowski
3040,Night Watch,Konstantin Khabenskiy|Vladimir Menshov|Galina Tyunina|Mariya Poroshina|Zhanna Friske|Viktor Verzhbitskiy|Rimma Markova|Mariya Mironova|Dmitriy Martynov|Valeriy Zolotukhin,Timur Bekmambetov,Laeta Kalogridis|Timur Bekmambetov|Sergey Lukyanenko
11386,The Crying Game,Stephen Rea|Jaye Davidson|Miranda Richardson|Forest Whitaker|Adrian Dunbar|Jim Broadbent|Ralph Brown|Tony Slattery|Birdy Sweeney|Breffni McKenna,Neil Jordan,Neil Jordan
10246,Porky's,Dan Monahan|Mark Herrier|Wyatt Knight|Cyril O'Reilly|Kaki Hunter|Kim Cattrall|Tony Ganios|Art Hindle|Doug McGrath|Susan Clark,Bob Clark,Bob Clark
29426,Survival of the Dead,Alan van Sprang|Kenneth Welsh|Kathleen Munroe|Devon Bostick|Richard Fitzpatrick|Athena Karkanis|Stefano DiMatteo|Julian Richings,George A. Romero,George A. Romero
10331,Night of the Living Dead,Duane Jones|Judith O'Dea|Karl Hardman|Marilyn Eastman|Keith Wayne|Judith Ridley|Kyra Schon|Charles Craig|S. William Hinzman|Bill 'Chilly Billy' Cardille,George A. Romero,George A. Romero|John A. Russo
153,Lost in Translation,Bill Murray|Scarlett Johansson|Anna Faris|Giovanni Ribisi|Akiko Takeshita|Kazuyoshi Minamimagoe|Kazuko Shibata|Take|Fumihiro Hayashi|Hiroko Kawasaki,Sofia Coppola,Sofia Coppola
703,Annie Hall,Woody Allen|Diane Keaton|Tony Roberts|Carol Kane|Paul Simon|Shelley Duvall|Janet Margolin|Colleen Dewhurst|Christopher Walken|Donald Symington,Woody Allen,Woody Allen|Marshall Brickman
27191,The Greatest Show on Earth,Betty Hutton|Cornel Wilde|Charlton Heston|Dorothy Lamour|Gloria Grahame|Henry Wilcoxon|Lyle Bettger|Lawrence Tierney|James Stewart|Emmett Kelly,Cecil B. DeMille,Fredric M. Frank|Theodore St. John
1365,Monster's Ball,Halle Berry|Billy Bob Thornton|Heath Ledger|Sean Combs|Coronji Calhoun|Peter Boyle|Taylor Simpson|Gabrielle Witcher|Amber Rules|Yasiin Bey,Marc Forster,Milo Addica|Will Rokos
287424,Maggie,Arnold Schwarzenegger|Abigail Breslin|Joely Richardson|Douglas M. Griffin|J.D. Evermore|Rachel Whitman Groves|Jodie Moore|Bryce Romero|Raeden Greer|Aiden Flowers,Henry Hobson,John Scott 3
451,Leaving Las Vegas,Nicolas Cage|Elisabeth Shue|Julian Sands|Richard Lewis|Steven Weber|Kim Adams|Emily Procter|Stuart Reynolds |Valeria Golino|Graham Beckel,Mike Figgis,Mike Figgis|John O'Brien
165864,Hansel and Gretel Get Baked,Molly C. Quinn|Michael Welch|Lara Flynn Boyle|Cary Elwes|Lochlyn Munro|Yancy Butler|Bianca Saad,Duane Journey,David Tillman
987,The Front Page,Jack Lemmon|Walter Matthau|Susan Sarandon|Vincent Gardenia|David Wayne|Allen Garfield|Austin Pendleton|Charles Durning|Herb Edelman|Martin Gabel,Billy Wilder,Billy Wilder|I. A. L. Diamond|Ben Hecht|Charles MacArthur
241251,The Boy Next Door,Jennifer Lopez|Ryan Guzman|Ian Nelson|John Corbett|Kristin Chenoweth|Hill Harper|Lexi Atkins|François Chau|Bailey Chase|Raquel Gardner,Rob Cohen,Barbara Curry
40494,Trapeze,Burt Lancaster|Tony Curtis|Gina Lollobrigida|Katy Jurado|Thomas Gomez|Johnny Puleo|Minor Watson|Gérard Landry|Jean-Pierre Kérien|Sid James,Carol Reed,Ben Hecht|Wolf Mankowitz|Liam O'Brien|James R. Webb|Max Catto
39781,The Kids Are All Right,Julianne Moore|Annette Bening|Mark Ruffalo|Mia Wasikowska|Josh Hutcherson|Yaya DaCosta|Zosia Mamet|Kunal Sharma|Eddie Hassell|Joaquín Garrido,Lisa Cholodenko,Stuart Blumberg
8337,They Live,Roddy Piper|Keith David|Meg Foster|George Buck Flower|Peter Jason|Raymond St. Jacques|Jason Robards III|John Lawrence|Susan Barnes|Sy Richardson,John Carpenter,John Carpenter|Ray Nelson
5925,The Great Escape,Steve McQueen|James Garner|Richard Attenborough|James Donald|Charles Bronson|Donald Pleasence|James Coburn|Hannes Messemer|David McCallum|Gordon Jackson,John Sturges,James Clavell|Paul Brickhill|W.R. Burnett
8357,What the #$*! Do We (K)now!?,Marlee Matlin|Elaine Hendrix|Robert Blanche|John Ross Bowie|Robert Bailey Jr.,William Arntz|Betsy Chasse,
146203,The Last Exorcism Part II,Ashley Bell|Julia Garner|Andrew Sensenig|Spencer Treat Clark|Judd Lormand|Muse Watson|Raeden Greer,Ed Gass-Donnelly,Damien Chazelle|Ed Gass-Donnelly
85350,Boyhood,Ellar Coltrane|Patricia Arquette|Ethan Hawke|Elijah Smith|Lorelei Linklater|Steven Chester Prince|Bonnie Cross|Sydney Orta|Libby Villari|Marco Perella,Richard Linklater,Richard Linklater
512,Scoop,Scarlett Johansson|Hugh Jackman|Woody Allen|Ian McShane|Kevin McNally|Romola Garai|Charles Dance|Fenella Woolgar|Julian Glover|Geoff Bell,Woody Allen,Woody Allen
13408,The Wash,Dr. Dre|Snoop Dogg|DJ Pooh|Angell Conwell|Bruce Bruce|Eminem|Tom Lister Jr.|Alex Thomas|Shari Watson,DJ Pooh,
47816,3 Strikes,Brian Hooks|N'Bushe Wright|Faizon Love|E-40|Starletta DuPois|George Wallace|David Alan Grier|Dean Norris|Meagan Good|Mo'Nique,DJ Pooh,DJ Pooh
10744,The Cooler,William H. Macy|Alec Baldwin|Maria Bello|Shawn Hatosy|Paul Sorvino|Estella Warren|Ron Livingston|Joey Fatone|Arthur J. Nascarella|M.C. Gainey,Wayne Kramer,Wayne Kramer|Frank Hannah
11536,The Misfits,Clark Gable|Marilyn Monroe|Montgomery Clift|Thelma Ritter|Eli Wallach|James Barton|Kevin McCarthy|Estelle Winwood|Rex Bell|John Huston,John Huston,Arthur Miller
9782,The Night Listener,Toni Collette|Robin Williams|Joe Morton|Bobby Cannavale|Rory Culkin|Sandra Oh|Rodrigo Lopresti|John Cullum|Lisa Emery|Guenia Lemos,Patrick Stettner,Armistead Maupin|Terry Anderson|Patrick Stettner
18713,The Jerky Boys,John G. Brennan|Kamal Ahmed|Alan Arkin|William Hickey|Vincent Pastore|Alan North|Suzanne Shepherd|Peter Appel|Ozzy Osbourne,James Melkonian,
6537,The Orphanage,Belén Rueda|Fernando Cayo|Roger Príncep|Mabel Rivera|Montserrat Carulla|Andrés Gertrúdix|Édgar Vivar|Óscar Casas|Geraldine Chaplin|Carmen López,Juan Antonio Bayona,Sergio G. Sánchez
184345,A Haunted House 2,Marlon Wayans|Jaime Pressly|Essence Atkins|Gabriel Iglesias|Missi Pyle|Ashley Rickards|Affion Crockett|Steele Stebbins|Rick Overton|Dave Sheridan,Michael Tiddes,Marlon Wayans|Rick Alvarez
1809,The Rules of Attraction,James Van Der Beek|Shannyn Sossamon|Ian Somerhalder|Jessica Biel|Kate Bosworth|Jay Baruchel|Thomas Ian Nicholas|Russell Sams|Kip Pardue|Joel Michaely,Roger Avary,Roger Avary|Bret Easton Ellis
2370,Topaz,Frederick Stafford|Dany Robin|Claude Jade|Michel Subor|Karin Dor|John Vernon|Michel Piccoli|Philippe Noiret|John Forsythe|Roscoe Lee Browne,Alfred Hitchcock,Samuel A. Taylor|Leon Uris
9809,Let's Go to Prison,Dax Shepard|Will Arnett|Chi McBride|David Koechner|Dylan Baker|Michael Shannon|Jay Whittaker|Amy Hill|David Darlow|Bob Odenkirk,Bob Odenkirk,Thomas Lennon|Ben Garant|Jim Hogshire|Michael Patrick Jann
5,Four Rooms,Tim Roth|Antonio Banderas|Jennifer Beals|Madonna|Marisa Tomei|Bruce Willis|Quentin Tarantino|Sammi Davis|Amanda de Cadenet|Valeria Golino,Allison Anders|Alexandre Rockwell|Robert Rodriguez|Quentin Tarantino,Allison Anders|Alexandre Rockwell|Robert Rodriguez|Quentin Tarantino
11013,Secretary,James Spader|Maggie Gyllenhaal|Jeremy Davies|Lesley Ann Warren|Stephen McHattie|Amy Locane|Patrick Bauchau|Jessica Tuck|Oz Perkins,Steven Shainberg,Erin Cressida Wilson
19153,The Real Cancun,Laura Ramsey,Rick de Oliveira,
10132,Talk Radio,Eric Bogosian|Ellen Greene|Leslie Hope|John C. McGinley|Alec Baldwin|John Pankow|Anna Levine,Oliver Stone,Oliver Stone|Eric Bogosian|Stephen Singular
16448,Waiting for Guffman,Christopher Guest|Eugene Levy|Fred Willard|Catherine O'Hara|Michael Hitchcock|Larry Miller|Parker Posey|Bob Balaban|Don Lake|David Cross,Christopher Guest,Christopher Guest|Eugene Levy
15122,Love Stinks,French Stewart|Bridgette Wilson|Bill Bellamy|Tyra Banks|Tiffani Thiessen|Colleen Camp|John O'Hurley|Ivana Miličević,Jeff Franklin,Jeff Franklin
8141,You Kill Me,Ben Kingsley|Téa Leoni|Luke Wilson|Bill Pullman|Dennis Farina|Philip Baker Hall|Marcus Thomas|Scott Heindl|Alison Sealy-Smith|Aron Tager,John Dahl,Christopher Markus|Stephen McFeely
1546,Thumbsucker,Lou Taylor Pucci|Tilda Swinton|Vincent D'Onofrio|Keanu Reeves|Benjamin Bratt|Vince Vaughn|Kelli Garner|Chase Offerle,Mike Mills,Mike Mills|Walter Kirn
48572,Red State,Michael Parks|John Goodman|Melissa Leo|Michael Angarano|Kyle Gallner|Nicholas Braun|Kerry Bishé|Stephen Root|Matt Jones|Kevin Alejandro,Kevin Smith,Kevin Smith
14517,Mirrormask,Stephanie Leonidas|Jason Barry|Rob Brydon|Gina McKee|Dora Bryan|Stephen Fry|Lenny Henry|Robert Llewellyn|Eryl Maynard|Simon Harvey,Dave McKean,Neil Gaiman|Dave McKean
89708,Samsara,Marcos Luna|Putu Dinda Pratika|Puti Sri Candra Dewi|Ni Made Megahadi Pratiwi,Ron Fricke,Ron Fricke|Mark Magidson
27551,The Barbarians,Peter Paul|David Paul|Richard Lynch|Eva LaRue|Virginia Bryant|Sheeba Alahani|Michael Berryman|George Eastman|Franco Pistoni|Raffaella Baracchi,Ruggero Deodato,James R. Silke
64678,The Art of Getting By,Freddie Highmore|Emma Roberts|Michael Angarano|Elizabeth Reaser|Alicia Silverstone|Sasha Spielberg|Marcus Carl Franklin|Ann Dowd|Blair Underwood|Rita Wilson,Gavin Wiesen,Gavin Wiesen
309503,Zipper,Patrick Wilson|Lena Headey|Richard Dreyfuss|Ray Winstone|John Cho|Dianna Agron|Elena Satine|Alexandra Breckenridge|Christopher McDonald|Penelope Mitchell,Mora Stephens,Joel Viertel|Mora Stephens
14293,Poolhall Junkies,Ricky Schroder|Chazz Palminteri|Rod Steiger|Michael Rosenbaum|Mars Callahan|Alison Eastwood|Christopher Walken,Mars Callahan,Mars Callahan|Chris Corso
15059,The Loss of Sexual Innocence,Julian Sands|Saffron Burrows|Justin Chadwick|Stefano Dionisi|Kelly Macdonald|Gina McKee|Jonathan Rhys Meyers|Bernard Hill|Rossy de Palma|John Cowey,Mike Figgis,Mike Figgis
103328,Holy Motors,Eva Mendes|Kylie Minogue|Michel Piccoli|Edith Scob|Denis Lavant|Jean-François Balmer|François Rimbau|Karl Hoffmeister|Big John|Elise Lhomeau,Leos Carax,Leos Carax
157847,Joe,Nicolas Cage|Tye Sheridan|Ronnie Gene Blevins|Sue Rock|Heather Kafka|Robert Johnson|Gary Poulter|Adriene Mishler|Brenda Isaacs Booth|Aaron Spivey-Sorrells,David Gordon Green,Gary Hawkins|Larry Brown
25719,Shooting Fish,Dan Futterman|Stuart Townsend|Kate Beckinsale|Rowena Cooper|Scott Charles|Antonia Corrigan|Myles Anderson|Jane Lapotaire|Harry Ditson|Jacob Macoby,Stefan Schwartz,Richard Holmes|Stefan Schwartz
48309,Prison,Viggo Mortensen|Chelsea Field|Lane Smith|Lincoln Kilpatrick|Tom Everett|Ivan Kane|André De Shields|Tom Lister Jr.|Stephen E. Little|Mickey Yablans,Renny Harlin,C. Courtney Joyner
27723,Psycho Beach Party,Lauren Ambrose|Nicholas Brendon|Amy Adams|Charles Busch|Thomas Gibson|Matt Keeslar|Beth Broderick|Kathleen Robertson|Nicholas D'Agosto|Andrew Levitas,Robert Lee King,Charles Busch
20468,The Big Tease,Craig Ferguson|David Rasche|Mary McCormack|Donal Logue|Nina Siemaszko|David Hasselhoff|Drew Carey|Cathy Lee Crosby|Caitlyn Jenner|Frances Fisher,Kevin Allen,Sacha Gervasi|Craig Ferguson
242575,"Guten Tag, Ramón",Adriana Barraza|Rüdiger Evers|Hector Kotsifakis|Franziska Kruse|Arcelia Ramírez|Ingeborg Schöner|Kristyan Ferrer|Marcel Batangtaris|Andreas Berg|Marius Biegai,Jorge Ramírez Suárez,Jorge Ramírez Suárez
44945,Trust,Clive Owen|Catherine Keener|Liana Liberato|Jason Clarke|Viola Davis|Chris Henry Coffey|Spencer Curnutt|Aislinn DeButch|Noah Emmerich|Olivia Wickline,David Schwimmer,Andy Bellin|Robert Festinger
29122,An Everlasting Piece,Barry McEvoy|Brían F. O'Byrne|Anna Friel|Pauline McLynn|Ruth McCabe|Billy Connolly|Des McAleer|Laurence Kinlan,Barry Levinson,Barry McEvoy
125123,Among Giants,Pete Postlethwaite|Rachel Griffiths|Andy Serkis|Lennie James|James Thornton|Rob Jarvis|Alan Williams,Sam Miller,Simon Beaufoy
111190,Adore,Naomi Watts|Robin Wright|Xavier Samuel|James Frecheville|Ben Mendelsohn|Sophie Lowe|Gary Sweet|Jessica Tovey|Alyson Standen|Dane Eade,Anne Fontaine,Christopher Hampton|Doris Lessing
133575,The Velocity of Gary,Vincent D'Onofrio|Salma Hayek|Thomas Jane|Olivia d'Abo,Dan Ireland,James Still
54580,Mondays in the Sun,Javier Bardem|Luis Tosar|Nieve de Medina|Enrique Villén|Celso Bugallo|José Ángel Egido|Laura Domínguez|Aida Folch|Serge Riaboukine|Pepo Oliva,Fernando León de Aranoa,Fernando León de Aranoa|Ignacio del Moral
52015,Stake Land,Danielle Harris|Kelly McGillis|Nick Damici|Connor Paolo|Gregory Jones|Traci Hovel|Marianne Hagan|James Godwin|Tim House|Michael Cerveris,Jim Mickle,Nick Damici|Jim Mickle
34941,The Last Time I Committed Suicide,Thomas Jane|Keanu Reeves|Claire Forlani|Gretchen Mol|Adrien Brody|John Doe|Jim Haynie|Marg Helgenberger|Lucinda Jenney|Amy Smart,Stephen T. Kay,Stephen T. Kay
227975,Futuro Beach,Wagner Moura|Clemens Schick|Jesuíta Barbosa|Sabine Timoteo|Sophie Charlotte Conrad|Demick Lopes,Karim Aïnouz,Karim Aïnouz|Felipe Bragança|Marco Dutra|Frank Wiemann
60422,Another Happy Day,Ellen Barkin|Ezra Miller|Kate Bosworth|Demi Moore|George Kennedy|Jeffrey DeMunn|Daniel Yelsky|Siobhan Fallon|Diana Scarwid|Lola Kirke,Sam Levinson,Sam Levinson
81390,A Lonely Place to Die,Melissa George|Ed Speleers|Eamonn Walker|Alec Newman|Karel Roden|Kate Magowan|Garry Sweeney|Stephen McCole|Holly Boyd|Paul Anderson,Julian Gilbey,Julian Gilbey|Will Gilbey
10981,Nothing,David Hewlett|Andrew Miller|Gordon Pinsent|Marie-Josée Croze,Vincenzo Natali,Vincenzo Natali|Andrew Miller|Andrew Lowery
225235,The Geographer Drank His Globe Away,Konstantin Khabenskiy|Elena Lyadova|Aleksandr Robak|Evgeniya Khirivskaya|Agrippina Steklova|Andrey Prytkov|Anfisa Chernykh,Aleksandr Veledinskiy,Valery Todorovsky|Aleksei Ivanov |Aleksandr Veledinskiy|Rauf Kubayev
14902,1776,William Daniels|Howard Da Silva|Ken Howard|Blythe Danner|Donald Madden|John Cullum|Roy Poole|David Ford|Ron Holgate|William Hansen,Peter H. Hunt,Peter Stone|Sherman Edwards
121676,Inescapable,Alexander Siddig|Joshua Jackson|Marisa Tomei|Oded Fehr|Saad Siddiqui|Fadia Nadda|Bonnie Lee Bouman,Ruba Nadda,Ruba Nadda
22301,Hell's Angels,Ben Lyon|James Hall|Jean Harlow|John Darrow|Lucien Prival|Frank Clarke|Roy Wilson|Douglas Gilmore|Jane Winton,James Whale|Howard Hughes|Edmund Goulding,Harry Behn|Howard Estabrook
20065,Purple Violets,Selma Blair|Patrick Wilson|Edward Burns|Debra Messing|Dennis Farina|Dara Coleman|Heather Goldenhersh|Sarah Hudnut|Elizabeth Reaser|Rosemarie DeWitt,Edward Burns,Edward Burns
257087,The Veil,Jessica Alba|Thomas Jane|Lily Rabe|Shannon Woodward|Aleksa Palladino|Reid Scott|Lenny Jacobson|Meegan Warner|Jack De Sena|Stacey Turner,Phil Joanou,Ben Garant
46420,The Loved Ones,Xavier Samuel|Jessica McNamee|Robin McLeavy|Victoria Thaine|John Brumpton|Fred Whitlock|Eden Porter|Richard Wilson|Stephen Walden,Sean Byrne,Sean Byrne
114635,The Helpers,Kristen Quintrall|Denyce Lawton|JoJo Wright|Rachel Sterling|Black Thomas|Dustin Harnish|Cameron Diskin|Braxton Davis|Ben Hardle|Dallas Lovato,Chris Stokes,
158150,How to Fall in Love,Brooke D'Orsay|Eric Mabius|Jody Thompson|Gina Holden|Panou|Kathy Najimy|Jesse Hutch|Olivia Knowles|Barbara Tyson|April Telek,Mark Griffiths,Bart Fisher
251979,The Perfect Wave,Scott Eastwood|Cheryl Ladd|Patrick Lyster|Rachel Hendrix |Scott Mortensen|Nikolai Mynhardt,Bruce MacDonald,Roger Hawkins|William A. Wood III
874,A Man for All Seasons,Paul Scofield|Wendy Hiller|Leo McKern|Robert Shaw|Orson Welles|Susannah York|Nigel Davenport|John Hurt|Corin Redgrave|Colin Blakely,Fred Zinnemann,Robert Bolt
10774,Network,Faye Dunaway|William Holden|Peter Finch|Robert Duvall|Wesley Addy|Ned Beatty|Beatrice Straight|Jordan Charney|William Prince|Arthur Burghardt,Sidney Lumet,Paddy Chayefsky
770,Gone with the Wind,Vivien Leigh|Clark Gable|Olivia de Havilland|Thomas Mitchell|Leslie Howard|Barbara O'Neil|Evelyn Keyes|Ann Rutherford|George Reeves|Fred Crane,Victor Fleming,Ben Hecht|Margaret Mitchell|Sidney Howard|John Van Druten|Jo Swerling|Oliver H.P. Garrett
266102,Desert Dancer,Freida Pinto|Reece Ritchie|Tom Cullen|Nazanin Boniadi|Marama Corlett|Akin Gazi|Simon Kassianides|Makram Khoury|Tolga Safer|Neet Mohan,Richard Raymond,Jon Croker
29715,Major Dundee,Charlton Heston|Richard Harris|Jim Hutton|James Coburn|Michael Anderson Jr.|Senta Berger|Mario Adorf|Brock Peters|Warren Oates|Ben Johnson,Sam Peckinpah,Sam Peckinpah|Oscar Saul|Harry Julian Fink
25209,Annie Get Your Gun,Betty Hutton|Howard Keel|Louis Calhern|J. Carrol Naish|Edward Arnold|Keenan Wynn,George Sidney,Sidney Sheldon
37495,Four Lions,Riz Ahmed|Nigel Lindsay|Kayvan Novak|Adeel Akhtar|Arsher Ali|Preeya Kalidas|Benedict Cumberbatch|Julia Davis|Craig Parkinson|Wasim Zakir,Chris Morris,Jesse Armstrong|Sam Bain|Simon Blackwell|Chris Morris
29262,The House of Sand,Fernanda Montenegro|Ruy Guerra|Fernanda Torres|Seu Jorge|Stênio Garcia|Luiz Melodia|Enrique Díaz|Emiliano Queiroz|João Acaíabe|Jorge Mautner,Andrucha Waddington,Luiz Carlos Barreto|Elena Soarez|Andrucha Waddington
34769,Defendor,Woody Harrelson|Kat Dennings|Elias Koteas|Sandra Oh|Clark Johnson|Michael Kelly|Kristin Booth|Lisa Ray|Alan C. Peterson|Tony Nappo,Peter Stebbings,Peter Stebbings
35032,The Pirate,Judy Garland|Gene Kelly|Walter Slezak|Gladys Cooper|Reginald Owen|George Zucco|Lester Allen|Lola Deem|Ellen Ross|Mary Jo Ellis,Vincente Minnelli,Frances Goodrich|Albert Hackett
5178,The Good Heart,Brian Cox|Paul Dano|Stephanie Szostak|Isild Le Besco|Bill Buell|Ed Wheeler|Clark Middleton|Edmund Lyndeck|Daniel Raymont|Damian Young,Dagur Kári,
8618,The History Boys,Samuel Anderson|Dominic Cooper|James Corden|Samuel Barnett|Russell Tovey|Jamie Parker|Andrew Knott|Sacha Dhawan|Richard Griffiths|Stephen Campbell Moore,Nicholas Hytner,Alan Bennett
3116,Midnight Cowboy,Dustin Hoffman|Jon Voight|Sylvia Miles|John McGiver|Brenda Vaccaro|Barnard Hughes|Ruth White|Jennifer Salt|Gilman Rankin|T. Tom Marlow,John Schlesinger,Waldo Salt|James Leo Herlihy
9427,The Full Monty,Robert Carlyle|Mark Addy|William Snape|Steve Huison|Tom Wilkinson|Paul Barber|Hugo Speer|Lesley Sharp|Emily Woof|Deirdre Costello,Peter Cattaneo,Simon Beaufoy
813,Airplane!,Robert Hays|Julie Hagerty|Kareem Abdul-Jabbar|Lloyd Bridges|Peter Graves|Leslie Nielsen|Lorna Patterson|Robert Stack|Stephen Stucker|Jim Abrahams,Jerry Zucker|Jim Abrahams|David Zucker,Jerry Zucker|Jim Abrahams|David Zucker|Arthur Hailey
352978,Chain of Command,Michael Jai White|Steve Austin|Max Ryan|Allen Yates,Kevin Carraway,Kevin Carraway
10634,Friday,Ice Cube|Chris Tucker|Nia Long|Tom Lister Jr.|John Witherspoon|Anna Maria Horsford|Regina King|Paula Jai Parker|Faizon Love|DJ Pooh,F. Gary Gray,Ice Cube|DJ Pooh
9516,Menace II Society,Tyrin Turner|Larenz Tate|Glenn Plummer|Jada Pinkett Smith|Samuel L. Jackson|June Kyoto Lu|Toshi Toda|Reginald Ballard|Khandi Alexander|Jullian Roy Doster,Albert Hughes|Allen Hughes,Tyger Williams
16288,Creepshow 2,George Kennedy|Dorothy Lamour|Lois Chiles|Tom Savini|Tom Wright|Frank Salsedo|Holt McCallany|David Holbrook|Don Harvey|Daniel Beer,Michael Gornick,Stephen King|George A. Romero
23330,The Ballad of Cable Hogue,Jason Robards|Stella Stevens|David Warner|Slim Pickens|L.Q. Jones|Strother Martin|R. G. Armstrong|Peter Whitney|Gene Evans|William Mims,Sam Peckinpah,John Crawford|Gordon T. Dawson|Edmund Penney
18900,In Cold Blood,Robert Blake|Scott Wilson|John Forsythe|Paul Stewart|Gerald S. O'Loughlin|Jeff Corey|John Gallaudet|James Flavin|Charles McGraw|Will Geer,Richard Brooks,Truman Capote|Richard Brooks
27029,The Nun's Story,Audrey Hepburn|Peter Finch|Peggy Ashcroft|Dean Jagger|Mildred Dunnock|Beatrice Straight|Colleen Dewhurst|Edith Evans|Patricia Collinge|Rosalie Crutchley,Fred Zinnemann,Robert Anderson|Kathryn Hulme
26268,Harper,Paul Newman|Lauren Bacall|Julie Harris|Arthur Hill|Janet Leigh|Pamela Tiffin|Robert Wagner|Robert Webber|Shelley Winters|Harold Gould,Jack Smight,William Goldman|Ross Macdonald
573,Frenzy,Jon Finch|Alec McCowen|Barry Foster|Billie Whitelaw|Anna Massey|Barbara Leigh-Hunt|Bernard Cribbins|Jean Marsh|Vivien Merchant|Clive Swift,Alfred Hitchcock,Arthur La Bern|Anthony Shaffer
310131,The Witch,Anya Taylor-Joy|Ralph Ineson|Kate Dickie|Harvey Scrimshaw|Ellie Grainger|Lucas Dawson|Bathsheba Garnett |Sarah Stephens|Julian Richings|Wahab Chaudhry,Robert Eggers,Robert Eggers
40505,I Got the Hook Up,Master P|Anthony Johnson|Ice Cube|Tom Lister Jr.,Michael Martin,Master P
11363,She's the One,Edward Burns|Michael McGlone|Cameron Diaz|Jennifer Aniston|John Mahoney|Maxine Bahns|Leslie Mann|Amanda Peet,Edward Burns,Edward Burns
3033,Gods and Monsters,Ian McKellen|Brendan Fraser|Lynn Redgrave|Lolita Davidovich|David Dukes|Mark Kiely|Jack Plotnick|Rosalind Ayres|Jack Betts|Matt McKenzie,Bill Condon,Bill Condon|Christopher Bram
25376,The Secret in Their Eyes,Ricardo Darín|Soledad Villamil|Pablo Rago|Javier Godino|Guillermo Francella|Carla Quevedo|Bárbara Palladino|Alejandro Abelenda|Mario Alarcón|Rudy Romano,Juan José Campanella,Juan José Campanella|Eduardo Sacheri
22007,Train,Thora Birch|Gideon Emery|Gloria Votsis|Derek Magyar|Todd Jensen,Gideon Raff,Gideon Raff
765,Evil Dead II,Bruce Campbell|Sarah Berry|Dan Hicks|Kassie DePaiva|Denise Bixler|Richard Domeier|John Peakes|Lou Hancock|Ted Raimi,Sam Raimi,Sam Raimi|Scott Spiegel
10615,Pootie Tang,Jennifer Coolidge|Lance Crouther|J.B. Smoove|Reg E. Cathey|Robert Vaughn|Wanda Sykes|Chris Rock|Mario Joyner|Cathy Trien|Laura Kightlinger,Louis C.K.,Louis C.K.
205321,Sharknado,Ian Ziering|Tara Reid|Cassandra Scerbo|John Heard|Jaason Simmons|Sumiko Braun|Adrian Bustamante|Diane Chambers|Chuck Hittinger|Aubrey Peeples,Anthony C. Ferrante,Thunder Levin
89540,The Other Conquest,Damián Delgado|José Carlos Rodríguez|Elpidia Carrillo|Iñaki Aierra|Honorato Magaloni,Salvador Carrasco,Salvador Carrasco
46146,Troll Hunter,Otto Jespersen|Hans Morten Hansen|Tomas Alf Larsen|Johanna Mørck|Knut Nærum|Robert Stoltenberg|Glenn Erland Tosterud,André Øvredal,André Øvredal
38007,Ira & Abby,Chris Messina|Jennifer Westfeldt|David Margulies|Kali Rocha|Kevin Sussman|Marylouise Burke|Judith Light|Robert Klein|Fred Willard|Frances Conroy,Robert Cary,
14256,Winter Passing,Zooey Deschanel|Will Ferrell|Ed Harris|Amy Madigan|Amelia Warner|John Bedford Lloyd|Deirdre O'Connell|Mandy Siegfried|Dallas Roberts|Ivan Martin,Adam Rapp,Adam Rapp
540,D.E.B.S.,Sara Foster|Meagan Good|Jordana Brewster|Devon Aoki|Jill Ritchie|Christina Kirk|Geoff Stults|Jimmi Simpson|Holland Taylor|Michael Clarke Duncan,Angela Robinson,Angela Robinson
370464,The Masked Saint,Brett Granstaff|Lara Jean Chorostecki|T.J. McGibbon|Diahann Carroll|Roddy Piper|James Preston Rogers,Warren P. Sonoda,Brett Granstaff|Chris Whaley|Scott Crowell
20055,The Betrayed,Melissa George|Oded Fehr|Christian Campbell|Alice Krige|Connor Christopher Levins|Donald Adams|Phillip Mitchell|Kevan Kase|Scott Heindl,Amanda Gusack,Amanda Gusack
224569,Taxman,Joe Pantoliano|Wade Dominguez|Elizabeth Berkley|Michael Chiklis|Robert Townsend|Fisher Stevens,Avi Nesher,Avi Nesher|Roger H. Berger
395766,The Secret,James Nesbitt|Genevieve O'Reilly|Jason Watkins|Laura Pyper|Glen Wallace|Stuart Graham|Liam McMahon|James Greene|B.J. Hogg,Nick Murphy ,Stuart Urban
39303,2:13,Mark Thompson|Mark Pellegrino|Teri Polo|Kevin Pollak,Charles Adelman,Mark Thompson
142061,"Batman: The Dark Knight Returns, Part 2",Peter Weller|Ariel Winter|David Selby|Michael Emerson|Mark Valley|Grey Griffin|Frank Welker|Dee Bradley Baker|Michael McKean|James Patrick Stuart,Jay Oliva,Frank Miller|Bob Goodman
370662,Time to Choose,Oscar Isaac|Jane Goodall|Jerry Brown|Neal Barnard|Michael Pollan,Charles Ferguson,Charles Ferguson|Chad Beck
252360,In the Name of the King III,Dominic Purcell|Ralitsa Paskaleva|Bashar Rahal|Nikolai Sotirov|Marian Valev,Uwe Boll,Joel Ross
256740,Wicked Blood,Abigail Breslin|James Purefoy|Sean Bean|Alexa PenaVega|Jake Busey|Lew Temple|Thomas Francis Murphy|Dodie Brown|J.D. Evermore|Ritchie Montgomery,Mark Young,Mark Young
299145,Stranded,Scott Eastwood|Rita Wilson|Jeff Fahey|David James Elliott|Kim Matula,"Daniel Petrie, Jr.",Rachel Long|Brian Pittman
241766,Lords of London,Glen Murphy|Ray Winstone|Giovanni Capalbo|Serena Iansiti|Christopher Hatherhall|Joe Egan,Antonio Simoncini,Antonio Simoncini
12535,High Anxiety,Mel Brooks|Madeline Kahn|Cloris Leachman|Harvey Korman|Ron Carey|Howard Morris|Dick Van Patten|Jack Riley|Charlie Callas|Ron Clark,Mel Brooks,Barry Levinson|Mel Brooks|Ron Clark|Rudy De Luca
1667,March of the Penguins,Morgan Freeman|Charles Berling|Romane Bohringer|Jules Sitruk,Luc Jacquet|Jérôme Maison,Luc Jacquet
50839,Margin Call,Kevin Spacey|Paul Bettany|Jeremy Irons|Zachary Quinto|Ashley Williams|Demi Moore|Simon Baker|Penn Badgley|Mary McDonnell|Stanley Tucci,J.C. Chandor,J.C. Chandor
86549,August,Murray Bartlett|Daniel Dugan|Adrian Gonzalez,Eldar Rapaport,
13973,Choke,Sam Rockwell|Anjelica Huston|Kelly Macdonald|Brad William Henke|Clark Gregg|Bijou Phillips|Gillian Jacobs|Jonah Bobo|Paz de la Huerta|Viola Harris,Clark Gregg,Chuck Palahniuk|Clark Gregg
244786,Whiplash,Miles Teller|J.K. Simmons|Melissa Benoist|Austin Stowell|Jayson Blair|Kavita Patil|Paul Reiser|Nate Lang|Chris Mulkey|Damon Gupton,Damien Chazelle,Damien Chazelle
598,City of God,Alexandre Rodrigues|Leandro Firmino|Phellipe Haagensen|Douglas Silva|Jonathan Haagensen|Matheus Nachtergaele|Seu Jorge|Jefechander Suplino|Alice Braga|Roberta Rodrigues,Fernando Meirelles|Kátia Lund,Paulo Lins|Bráulio Mantovani
11129,Human Traffic,John Simm|Danny Dyer|Lorraine Pilkington|Shaun Parkes|Nicola Reynolds|Terence Beesley|Jo Brand|Richard Coyle|Andrew Lincoln,Justin Kerrigan,Justin Kerrigan
75861,To Write Love on Her Arms,Kat Dennings|Chad Michael Murray|Rupert Friend|Corbin Bleu|Mark Saul|Juliana Harkavy|Samantha Castro|William Peltz|J. Larose|Rus Blackwell,Nathan Frankowski,Nathan Frankowski|Kate King Lynch
13551,The Dead Girl,Brittany Murphy|Toni Collette|Rose Byrne|Josh Brolin|James Franco|Bruce Davison|Marcia Gay Harden|Piper Laurie|Giovanni Ribisi|Mary Steenburgen,Karen Moncrieff,Karen Moncrieff
103663,The Hunt,Mads Mikkelsen|Alexandra Rapaport|Thomas Bo Larsen|Anne Louise Hassing|Lars Ranthe|Susse Wold|Ole Dupont|Annika Wedderkopp|Lasse Fogelstrøm|Bjarne Henriksen,Thomas Vinterberg,Thomas Vinterberg|Tobias Lindholm
850,A Christmas Story,Melinda Dillon|Darren McGavin|Peter Billingsley|Jean Shepherd|Ian Petrella|Scott Schwartz|R.D. Robb|Zack Ward|Yano Anaya|Tedde Moore,Bob Clark,Bob Clark|Jean Shepherd
12586,Bella,Tammy Blanchard|Angélica Aragón|Ali Landry|Jaime Tirelli|Manny Pérez|Sophie Nyweide|Peter Bucossi|David Castro|Lukas Behnken|Ramón Rodríguez,Alejandro Monteverde,Alejandro Gomez Monteverde|Leo Severino|Patrick Million
11564,Class of 1984,Perry King|Merrie Lynn Ross|Tim Van Patten|Michael J. Fox|Roddy McDowall|Stefan Arngrim|Keith Knight|Lisa Langlois|Neil Clifford|Al Waxman,Mark L. Lester,Tom Holland|Mark L. Lester|John C.W. Saxton
301748,The Opposite Sex,Mena Suvari|Eric Roberts|Kristin Chenoweth|Dana Ashbrook|Kenan Thompson|Jennifer Finnigan|Danielle Guldin,Jonathan Silverman|Jennifer Finnigan,Steven Sessions|Mark Mussina
108346,Dreaming of Joseph Lees,Rupert Graves|Samantha Morton|Nicholas Woodeson|Lee Ross|Felix Billson|Lauren Richardson|Vernon Dobtcheff,Eric Styles,Catherine Linstrum
8841,The Class,François Bégaudeau|Franck Keïta|Esmeralda Ouertani|Rachel Regulier|Wei Huang|Cherif Bounaïdja Rachedi|Louise Grinberg|Rabah Nait Oufella|Carl Nanor|Jean-Michel Simonet,Laurent Cantet,Laurent Cantet|Robin Campillo|François Bégaudeau
805,Rosemary's Baby,Mia Farrow|John Cassavetes|Ruth Gordon|Sidney Blackmer|Maurice Evans|Ralph Bellamy|Victoria Vetri|Patsy Kelly|Elisha Cook Jr.|Emmaline Henry,Roman Polanski,Roman Polanski|Ira Levin
11697,The Man Who Shot Liberty Valance,John Wayne|James Stewart|Vera Miles|Lee Marvin|Edmond O'Brien|Ken Murray|John Carradine|Jeanette Nolan|Andy Devine|John Qualen,John Ford,Willis Goldbeck|James Warner Bellah|Dorothy M. Johnson
22051,Adam,Hugh Dancy|Rose Byrne|Peter Gallagher|Amy Irving|Frankie Faison|Mark Linn-Baker|Haviland Morris|Adam LeFevre|Mike Hodge|Peter O'Hara,Max Mayer,Max Mayer
436,Maria Full of Grace,Catalina Sandino Moreno|Guilied Lopez|Yenny Paola Vega|John Álex Toro|Virgina Ariza|Rodrigo Sánchez Borhorquez|Charles Albert Patiño|Wilson Guerrero|Johanna Andrea Mora|Evangelina Morales,Joshua Marston,Joshua Marston
55347,Beginners,Ewan McGregor|Christopher Plummer|Mélanie Laurent|Goran Visnjic|Kai Lennox|Mary Page Keller|Keegan Boos|China Shavers|Melissa Tang|Amanda Payton,Mike Mills,Mike Mills
10070,Feast,Balthazar Getty|Henry Rollins|Navi Rawat|Judah Friedlander|Jason Mewes|Krista Allen|Jenny Wade|Josh Zuckerman|Clu Gulager|Eric Dane,John Gulager,Patrick Melton|Marcus Dunstan
8469,Animal House,John Belushi|Tim Matheson|John Vernon|Verna Bloom|Tom Hulce|Cesare Danova|Peter Riegert|Mary Louise Weller|Stephen Furst|James Widdoes,John Landis,Harold Ramis|Douglas Kenney|Chris Miller
658,Goldfinger,Sean Connery|Honor Blackman|Gert Fröbe|Shirley Eaton|Tania Mallet|Harold Sakata|Bernard Lee|Martin Benson|Cec Linder|Austin Willis,Guy Hamilton,Ian Fleming|Richard Maibaum|Paul Dehn
125490,Antiviral,Caleb Landry Jones|Sarah Gadon|Malcolm McDowell|Joe Pingue|Sheila McCarthy|Douglas Smith|Wendy Crewson|Nicholas Campbell|James Cade|Dawn Greenhalgh,Brandon Cronenberg,Brandon Cronenberg
1585,It's a Wonderful Life,James Stewart|Donna Reed|Lionel Barrymore|Thomas Mitchell|Henry Travers|Beulah Bondi|Ward Bond|Frank Faylen|Gloria Grahame|H.B. Warner,Frank Capra,Frank Capra|Philip Van Doren Stern|Frances Goodrich|Albert Hackett
627,Trainspotting,Ewan McGregor|Ewen Bremner|Jonny Lee Miller|Robert Carlyle|Kelly Macdonald|Kevin McKidd|Peter Mullan|James Cosmo|Eileen Nicholas|Susan Vidler,Danny Boyle,Irvine Welsh|John Hodge
23618,The Original Kings of Comedy,Steve Harvey|D. L. Hughley|Cedric the Entertainer|Bernie Mac,Spike Lee,Bernie Mac|Cedric the Entertainer|Steve Harvey|D. L. Hughley
41436,Paranormal Activity 2,Katie Featherston|David Bierend|Brian Boland|Molly Ephraim|Seth Ginsberg|Sprague Grayden|William Juan Prieto|Jackson Xenia Prieto|Micah Sloat|Vivis Cortez,Tod Williams,Christopher B. Landon|Tom Pabst|Michael R. Perry
10162,Waking Ned,Ian Bannen|David Kelly|Fionnula Flanagan|Susan Lynch|Brendan Dempsey|James Nesbitt|Paul Vaughan|Adrian Robinson|Maura O'Malley|Robert Hickey,Kirk Jones,Kirk Jones
1430,Bowling for Columbine,Michael Moore|George H. W. Bush|George W. Bush|Dick Clark|Charlton Heston|Jacobo Arbenz|Mike Bradley|Arthur A. Busch|Michael Caldwell|Richard Castaldo,Michael Moore,Michael Moore
259943,Coming Home,Gong Li|Chen Dao-Ming|Guo Tao|Zhang Jia-Yi|Yan Ni|Zhang Huiwen|Ding Jiali|Liu Peiqi|Chen Xiaoyi|Bai Qing Xin,Zhang Yimou,Yan Geling|Zou Jingshi
10014,A Nightmare on Elm Street Part 2: Freddy's Revenge,Robert Englund|Mark Patton|Kim Myers|Robert Rusler|Clu Gulager|Hope Lange|Marshall Bell|Melinda O. Fee|Tom McFadden|Sydney Walsh,Jack Sholder,Wes Craven|David Chaskin
11257,A Room with a View,Maggie Smith|Helena Bonham Carter|Denholm Elliott|Julian Sands|Simon Callow|Patrick Godfrey|Judi Dench|Fabia Drake|Amanda Walker|Joan Henley,James Ivory,E.M. Forster|Ruth Prawer Jhabvala
158015,The Purge,Lena Headey|Ethan Hawke|Max Burkholder|Adelaide Kane|Rhys Wakefield|Tony Oller|Edwin Hodge|Tom Yi|Arija Bareikis|Chris Mulkey,James DeMonaco,James DeMonaco
82507,Sinister,Ethan Hawke|Juliet Rylance|Vincent D'Onofrio|James Ransone|Fred Dalton Thompson|Clare Foley|Michael Hall D'Addario|Victoria Leigh|Blake Mizrahi|Cameron Ocasio,Scott Derrickson,C. Robert Cargill
20337,Martin Lawrence Live: Runteldat,Martin Lawrence,Martin Lawrence|David Raynr,
261,Cat on a Hot Tin Roof,Elizabeth Taylor|Paul Newman|Burl Ives|Judith Anderson|Jack Carson|Madeleine Sherwood|Vaughn Taylor|Larry Gates|Zelda Cleaver|Brian Corcoran,Richard Brooks,Richard Brooks|Tennessee Williams|James Poe
1685,Beneath the Planet of the Apes,James Franciscus|Kim Hunter|Maurice Evans|Linda Harrison|Charlton Heston|Paul Richards|David Watson|Thomas Gomez|Victor Buono|James Gregory,Ted Post,Pierre Boileau|Paul Dehn|Pierre Boulle|Mort Abrahams
20737,Air Bud,Kevin Zegers|Wendy Makkena|Michael Jeter|Bill Cobbs|Brendan Fletcher|Norman Browning|Eric Christmas|Nicola Cavendish,Charles Martin Smith,Paul Tamasy|Aaron Mendelsohn
10991,Pokémon: Spell of the Unknown,Veronica Taylor|Rachael Lillis|Eric Stuart,Michael Haigney|Kunihiko Yuyama,Kunihiko Yuyama|Takeshi Shudo
10225,Friday the 13th Part VI: Jason Lives,Thom Mathews|Jennifer Cooke|David Kagen|Renée Jones|Tom Fridley|C.J. Graham|Tony Goldwyn|Darcy DeMoss|Ann Ryerson|Alan Blumenfeld,Tom McLoughlin,Tom McLoughlin
826,The Bridge on the River Kwai,William Holden|Alec Guinness|Jack Hawkins|Sessue Hayakawa|James Donald|Geoffrey Horne|André Morell|Peter Williams|John Boxer|Percy Herbert,David Lean,Carl Foreman|Pierre Boulle|Michael Wilson
34086,Spaced Invaders,Ariana Richards|Douglas Barr|Royal Dano|William Holmes,Patrick Read Johnson,Patrick Read Johnson
5854,Family Plot,Barbara Harris|Bruce Dern|Karen Black|William Devane|Ed Lauter|Cathleen Nesbitt|Katherine Helmond|Warren J. Kemmerling|Edith Atwater|William Prince,Alfred Hitchcock,Ernest Lehman|Victor Canning
284,The Apartment,Jack Lemmon|Shirley MacLaine|Fred MacMurray|Ray Walston|Jack Kruschen|Naomi Stevens|Hope Holiday|Edie Adams|Joan Shawlee|Johnny Seven,Billy Wilder,Billy Wilder|I. A. L. Diamond
10285,Jason Goes to Hell: The Final Friday,Kane Hodder|John D. LeMay|Kari Keegan|Steven Williams|Steven Culp|Erin Gray|Rusty Schwimmer|Richard Gant|Leslie Jordan|Billy Green Bush,Adam Marcus,Jay Huguely|Dean Lorey
5780,Torn Curtain,Paul Newman|Julie Andrews|Lila Kedrova|Hansjörg Felmy|Tamara Toumanova|Wolfgang Kieling|Ludwig Donath|Gisela Fischer|Günter Strack|Mort Mills,Alfred Hitchcock,Brian Moore|Willis Hall|Keith Waterhouse
292,Dave Chappelle's Block Party,Dave Chappelle|Erykah Badu|Common|Yasiin Bey|Bilal|Lil' Cease|Cody ChestnuTT|James 'Kamal' Gray|Lauryn Hill|Leonard 'Hub' Hubbard,Michel Gondry,Dave Chappelle
223485,Slow West,Michael Fassbender|Kodi Smit-McPhee|Ben Mendelsohn|Caren Pistorius|Rory McCann|Brooke Williams|Alex MacQueen|Kalani Queypo|Madeleine Sami,John Maclean,John Maclean
29463,Krush Groove,Blair Underwood|Joseph Simmons|Darryl McDaniels|Sheila E.|Kurtis Blow|LL Cool J|Rick Rubin|Damon Wimbley|Mark Morales|Darren Robinson,Michael Schultz,Ralph Farquhar
18065,Next Day Air,Donald Faison|Mike Epps|Wood Harris|Omari Hardwick|Yasiin Bey|Lauren London,Benny Boom,Blair Cobbs
22013,Elmer Gantry,Burt Lancaster|Jean Simmons|Arthur Kennedy|Dean Jagger|Shirley Jones|Patti Page|Edward Andrews|John McIntire|Hugh Marlowe|Joe Maross,Richard Brooks,Richard Brooks|Sinclair Lewis
821,Judgment at Nuremberg,Spencer Tracy|Burt Lancaster|Richard Widmark|Marlene Dietrich|Maximilian Schell|Judy Garland|Montgomery Clift|Edward Binns|Werner Klemperer|Torben Meyer,Stanley Kramer,Abby Mann|Montgomery Clift
53862,Trippin',Deon Richmond|Donald Faison|Guy Torry|Maia Campbell|Aloma Wright,David Raynr,Gary Hardwick
3089,Red River,"John Wayne|Montgomery Clift|Joanne Dru|Walter Brennan|Coleen Gray|Harry Carey|John Ireland|Noah Beery, Jr.|Harry Carey, Jr.|Chief Yowlachie",Howard Hawks|Arthur Rosson,Borden Chase|Charles Schnee
30139,Phat Girlz,Mo'Nique|Jimmy Jean-Louis|Godfrey|Joyful Drake|Brendan Walsh,Nnegest Likké,Nnegest Likké
132344,Before Midnight,Ethan Hawke|Julie Delpy|Seamus Davey-Fitzpatrick|Jennifer Prior|Charlotte Prior|Xenia Kalogeropoulou|Walter Lassally|Ariane Labed|Yiannis Papadopoulos|Athina Rachel Tsangari,Richard Linklater,Richard Linklater|Kim Krizan|Ethan Hawke|Julie Delpy
15582,Teen Wolf Too,Jason Bateman|Kim Darby|John Astin|Mark Holton|Estee Chandler|Robert Neary|Stuart Fratkin|Paul Sand|James Hampton|Beth Miller,Christopher Leitch,Jeph Loeb|Matthew Weisman|Tim Kring
15158,Phantasm II,James Le Gros|Reggie Bannister|Angus Scrimm|Paula Irvine|Samantha Phillips|Kenneth Tigar|Ruth C. Engel|Mark Anthony Major|Stacey Travis|A. Michael Baldwin,Don Coscarelli,Don Coscarelli
44634,Woman Thou Art Loosed,Kimberly Elise|Loretta Devine|Debbi Morgan|Michael Boatman|Louisa Abernathy,Michael Schultz,Stan Foster
30309,Real Women Have Curves,America Ferrera|Lupe Ontiveros|Ingrid Oliu|George Lopez|Brian Sites|Soledad St. Hilaire|Marlene Forte,Patricia Cardoso,
7509,Water,Lisa Ray|Sarala|John Abraham|Seema Biswas|Waheeda Rehman|Vinay Pathak|Rishma Malik|Manorama|Raghuvir Yadav,Deepa Mehta,Deepa Mehta
10557,East Is East,Om Puri|Linda Bassett|Ian Aspinall|Jimi Mistry|Archie Panjabi|Jordan Routledge|Chris Bisson|Lesley Nicol|Emil Marwa|Raji James,Damien O'Donnell,Ayub Khan-Din
23531,Whipped,Amanda Peet|Brian Van Holt|Jonathan Abrahams|Zorie Barber|Judah Domke|Callie Thorne|Bridget Moynahan|Taryn Reif|Neriah Davis,Peter M. Cohen,Peter M. Cohen
28005,Kama Sutra - A Tale of Love,Indira Varma|Sarita Choudhury|Ramon Tikaram|Naveen Andrews,Mira Nair,Mira Nair|Helena Kriel
40247,Please Give,Rebecca Hall|Catherine Keener|Amanda Peet|Oliver Platt|Sarah Steele|Jason Mantzoukas|Ann Morgan Guilbert|Timothy Doyle|Elise Ivy|Josh Pais,Nicole Holofcener,Nicole Holofcener
252,Willy Wonka & the Chocolate Factory,Gene Wilder|Jack Albertson|Peter Ostrum|Roy Kinnear|Denise Nickerson|Leonard Stone|Julie Dawn Cole|Nora Denney|Peter Capell|Tim Brooke-Taylor,Mel Stuart,Roald Dahl
24126,Warlock: The Armageddon,Julian Sands|Chris Young|Paula Marshall|Joanna Pacula|Steve Kahan|R. G. Armstrong|Charles Hallahan|Bruce Glover|Craig Hurley|Dawn Ann Billings,Anthony Hickox,David Twohy|Kevin Rock
13982,8 Heads in a Duffel Bag,Joe Pesci|Kristy Swanson|George Hamilton|Dyan Cannon|Andy Comeau|David Spade|Ernestine Mercer|Anthony Mangano|Joe Basile|Frank Roman,Tom Schulman,Tom Schulman
16642,Days of Heaven,Richard Gere|Brooke Adams|Linda Manz|Sam Shepard|Robert J. Wilke|Stuart Margolin|Timothy Scott,Terrence Malick,Terrence Malick
17734,Thirteen Conversations About One Thing,John Turturro|Clea DuVall|Matthew McConaughey|Amy Irving|Alan Arkin|Walt MacPherson|Daryl Edwards|James Yaegashi|David Connolly|Rob McElhenney,Jill Sprecher,Jill Sprecher|Karen Sprecher
18892,Jawbreaker,Rose McGowan|Julie Benz|Rebecca Gayheart|Carol Kane|Pam Grier|Judy Greer|Chad Christ|Ethan Erickson|Tatyana Ali|Charlotte Ayanna,Darren Stein,Darren Stein
549,Basquiat,Jeffrey Wright|David Bowie|Dennis Hopper|Gary Oldman|Benicio del Toro|Claire Forlani|Michael Wincott|Parker Posey|Courtney Love|Tatum O'Neal,Julian Schnabel,Julian Schnabel|Lech Majewski|John F. Bowe
121986,Frances Ha,Greta Gerwig|Mickey Sumner|Adam Driver|Michael Zegen|Michael Esper|Grace Gummer|Charlotte d'Amboise|Josh Hamilton|Hannah Dunne|Patrick Heusinger,Noah Baumbach,Noah Baumbach|Greta Gerwig
868,Tsotsi,Presley Chweneyagae|Jerry Mofokeng|Terry Pheto|Kenneth Nkosi|Zenzo Ngqobe|Zola|Rapulana Seiphemo|Nambitha Mpumlwana|Ian Roberts|Percy Matsemela,Gavin Hood,Athol Fugard|Gavin Hood
10683,Happiness,Jane Adams|Jon Lovitz|Philip Seymour Hoffman|Dylan Baker|Evan Silverberg|Rufus Read|Justin Elvin|Lara Flynn Boyle|Cynthia Stevenson|Lila Glantzman-Leib,Todd Solondz,Todd Solondz
17995,DysFunktional Family,Eddie Griffin|Joe Howard|Matthew Brent|Robert Noble,George Gallo,Eddie Griffin
246403,Tusk,Michael Parks|Justin Long|Haley Joel Osment|Génesis Rodríguez|Ralph Garman|Johnny Depp|Harley Quinn Smith|Lily-Rose Depp|Jennifer Schwalbach Smith|Jennifer Schwalbach Smith,Kevin Smith,Kevin Smith
670,Oldboy,Choi Min-sik|Yoo Ji-tae|Kang Hye-jung|Kim Byeong-ok|Oh Dal-su|Ji Dae-Han|Oh Tae-kyung|Yoon Jin-Seo|Lee Seung-Shin|Lee Dae-yeon,Park Chan-wook,Park Chan-wook|Hwang Jo-yun|Lim Chun-hyeong|Lim Joon-hyung
35691,Letters to God,Robyn Lively|Jeffrey Johnson|Bailee Madison|Maree Cheatham|Tanner Maguire|Michael Bolten|Ralph Waite|Dennis Neal|Cris Cunningham|L. Derek Leonidoff,David Nixon|Patrick Doughtie,Art D'Alessandro
49010,Hobo with a Shotgun,Rutger Hauer|Gregory Smith|Robb Wells|Brian Downey|Molly Dunsworth,Jason Eisener,John Davies
317930,Compadres,Omar Chaparro|Joey Morgan|Aislinn Derbez|Eric Roberts|Camila Sodi|Kevin Pollak|Armando Hernández|Erick Elías|José Sefami,Enrique Begné,Gabriel Ripstein|Ted Perkins
11229,Freeway,Kiefer Sutherland|Reese Witherspoon|Wolfgang Bodison|Dan Hedaya|Amanda Plummer|Brooke Shields|Brittany Murphy|Bokeem Woodbine|Guillermo Díaz|Alanna Ubach,Matthew Bright,Matthew Bright
22488,Love's Abiding Joy,Erin Cottrell|Logan Bartholomew|William Morgan Sheppard|James Tupper|Irene Bedard,Michael Landon Jr.,
24469,Fish Tank,Katie Jarvis|Michael Fassbender|Kierston Wareing|Rebecca Griffiths|Harry Treadaway|Jason Maza|Jack Gordon|Joanna Horton|Sarah Bayes|Grant Wild,Andrea Arnold,Andrea Arnold
82533,Damsels in Distress,Greta Gerwig|Carrie MacLemore|Megalyn Echikunwoke|Analeigh Tipton|Ryan Metcalf|Jermaine Crawford|Caitlin Fitzgerald|Zach Woods|Domenico D'Ippolito|Nick Blaemire,Whit Stillman,Whit Stillman
50942,Creature,Craig T. Nelson|Kim Cattrall|Colm Feore|Cress Williams|Michael Reilly Burke|Michael Michele|Matthew Carey|Megalyn Echikunwoke|Blu Mankuma|John Aylward,Stuart Gillard,Peter Benchley|Rockne S. O'Bannon
84174,Bachelorette,Kirsten Dunst|Isla Fisher|Lizzy Caplan|Rebel Wilson|Adam Scott|Kyle Bornheimer|James Marsden|Ann Dowd|Hayes MacArthur|Ella Rae Peck,Leslye Headland,Leslye Headland
34099,Brave New Girl,Virginia Madsen|Lindsey Haun|Barbara Mamabolo|John Ralston|Nick Roth|Joanne Boland|Aaron Ashmore,Bobby Roth,Britney Spears|Lynne Spears
79940,Tim and Eric's Billion Dollar Movie,Eric Wareheim|Tim Heidecker|John C. Reilly|Zach Galifianakis|Will Ferrell|Robert Loggia|Ray Wise|Jeff Goldblum|Bob Odenkirk|William Atherton,Tim Heidecker|Eric Wareheim,Tim Heidecker|Eric Wareheim
342,Summer Storm,Robert Stadlober|Kostja Ullmann|Alicja Bachleda-Curuś|Jürgen Tonkel|Tristano Casanova|Miriam Morgenstern|Marlon Kittel|Hanno Koffler|Joseph M'Barek|Alexa Maria Surholt,Marco Kreuzpaintner,Thomas Bahmann|Marco Kreuzpaintner
281230,Fort McCoy,Eric Stoltz|Kate Connor|Lyndsy Fonseca|Andy Hirsch|Camryn Manheim|Seymour Cassel,Michael Worth|Kate Connor,Kate Connor
38033,Chain Letter,Nikki Reed|Keith David|Brad Dourif|Betsy Russell|Cherilyn Wilson|Noah Segan|Matt Cohen|Bai Ling,Deon Taylor,Michael J. Pagan|Diana Erwin
100975,Just Looking,Gretchen Mol|Patti LuPone|Peter Onorati|Ryan Merriman|Richard V. Licata|Marcell Rosenblatt|Deirdre O'Connell,Jason Alexander,Marshall Karp
38541,The Divide,Lauren German|Michael Biehn|Milo Ventimiglia|Courtney B. Vance|Ashton Holmes|Rosanna Arquette|Iván González|Michael Eklund|Abbey Thickson|Jennifer Blanc,Xavier Gens,Karl Mueller|Eron Sheean
39563,The Eclipse,Ciarán Hinds|Aidan Quinn|Iben Hjejle|Jim Norton|Valerie Spelman,Conor McPherson,
234212,Demonic,Maria Bello|Frank Grillo|Cody Horn|Dustin Milligan|Megan Park|Scott Mechlowicz|Aaron Yoo|Alex Goode|Ashton Leigh|Terence Rosemore,Will Canon,Will Canon|Doug Simon|Max La Bella
27404,My Big Fat Independent Movie,Paget Brewster|Neil Barton|Eric Hoffman|Darren Keefe|Ashley Head|Brian Krow|John Fortson|Neil Hopkins|Rob Schrab|Regina Berger,Philip Zlotorynski,Adam Schwartz|Chris Gore
170480,The Deported,Nicholas Turturro|Talia Shire|Paul Rodríguez|Gary Valentine|Nick Turturro III|Taylor Negron|Kathrine Narducci|Michael Rapaport|Felipe Esparza|Billy Gardell,Lance Kawas,Nicholas Turturro|Lance Kawas|Christian Sesma|James Mercel
71866,Tanner Hall,Rooney Mara|Georgia King|Brie Larson|Amy Ferguson|Antonia Steinberg|Collin Brown|Tom DeNucci|Lillian Adams|Ellen Becker-Gray|Chris Clark,Francesca Gregorini|Tatiana von Furstenberg,Francesca Gregorini|Tatiana von Furstenberg
192210,Open Road,Camilla Belle|Andy García|Colin Egglesfield|Juliette Lewis|Christiane Torloni|Carol Castro|John Savage|Kristi Clainos|Emily Nelson|Craig Gellis,Márcio Garcia,Márcio Garcia|Julia Camara
180296,They Came Together,Paul Rudd|Amy Poehler|Bill Hader|Ellie Kemper|Cobie Smulders|Noureen DeWulf|Jason Mantzoukas|Michael Ian Black|Michaela Watkins|Randall Park,David Wain,David Wain|Michael Showalter
157058,30 Nights of Paranormal Activity With the Devil Inside the Girl With the Dragon Tattoo,Kathryn Fiore|Flip Schultz|Olivia Alexander|Arturo del Puerto|Danny Woodburn|French Stewart|Peter Gilroy|Tyler Phillips|Stephen Kramer Glickman|Rebecca Ann Johnson,Craig Moss,Craig Moss
70006,Never Back Down 2: The Beatdown,Stacey Asaro|Gralen Bryant Banks|Rus Blackwell|Beau Brasso|Eddie Bravo|Michael Jai White|Dean Geyer|Alex Meraz|Scottie Epstein|Todd Duffee,Michael Jai White,Chris Hauty
26039,Point Blank,Lee Marvin|Angie Dickinson|Keenan Wynn|Carroll O'Connor|Lloyd Bochner|Michael Strong|John Vernon|Sharon Acker|James Sikking|Sandra Warner,John Boorman,Donald E. Westlake|Alexander Jacobs|David Newhouse|Rafe Newhouse
79587,Four Single Fathers,Alessandro Gassman|Francesco Quinn|Joe Urla|Lenny Venito|Jennifer Esposito|J. Jewels,Paolo Monico,Gabriele Muccino|Liz Tuccillo
176077,Enter the Dangerous Mind,Jake Hoffman|Nikki Reed|Thomas Dekker|Scott Bakula|Jason Priestley|Gina Rodriguez,Youssef Delara|Victor Teran,Victor Teran
260947,Something Wicked,Shantel VanSanten|John Robinson|James Patrick Stuart|Brittany Murphy|Robert Blanche|Betty Moyer|Broderick Boyd|John Breen|Jerry L. Buxbaum|Joe Feeney,Darin Scott,Joseph Mungra|Joe Colleran
342502,AWOL-72,Luke Goss|RZA|Bokeem Woodbine|Louis Mandylor|Brooke Newton|Marco Khan|Tomoko Karina|Heather Roop|Mary Christina Brown|Jillisa Lynn,Christian Sesma,Christian Sesma|Cecil Chambers
191229,Iguana,Everett McGill|Fabio Testi|Michael Madsen|Jack Taylor,Monte Hellman,Monte Hellman|Alberto Vázquez Figueroa|Steven Gaydos|David M. Zehr
43213,Chicago Overcoat,Frank Vincent|Kathrine Narducci|Mike Starr|Stacy Keach|Armand Assante|Danny Goldring,Brian Caunter,John Bosher
44594,Barry Munday,Patrick Wilson|Malcolm McDowell|Judy Greer|Chloë Sevigny|Missi Pyle|Colin Hanks|Jean Smart|Billy Dee Williams|Cybill Shepherd|Carmen Electra,Chris D'Arienzo,Chris D'Arienzo|Frank Turner Hollon
666,Central Station,Fernanda Montenegro|Marília Pêra|Vinícius de Oliveira|Othon Bastos|Otávio Augusto|Matheus Nachtergaele|Caio Junqueira|Stela Freitas|Maria Menezes|Actor Sergio Kato,Walter Salles,Walter Salles|Marcos Bernstein|João Emanuel Carneiro
248,Pocketful of Miracles,Glenn Ford|Bette Davis|Hope Lange|Arthur O'Connell|Peter Falk|Thomas Mitchell|Edward Everett Horton|Mickey Shaughnessy|David Brian|Sheldon Leonard,Frank Capra,Hal Kanter|Harry Tugend|Robert Riskin|Damon Runyon
325173,Close Range,Scott Adkins|Nick Chinlund|Caitlin Keats|Jake La Botz|Tony Perez|Madison Lawlor,Isaac Florentine,Shane Dax Taylor|Chad Law
55831,Boynton Beach Club,Brenda Vaccaro|Dyan Cannon|Joseph Bologna,,
351043,Amnesiac,Kate Bosworth|Wes Bentley|Shashawnee Hall|Richard Riehle|Patrick Bauchau|Olivia Rose Keegan,Michael Polish,Amy Kolquist|Mike Le
43942,Freakonomics,Zoe Sloane|Jade Viggiano|Amancaya Aguilar|Kahiry Bess|Alisha Naragsheth|Alyssa Wheeldon|Samuel Soifer|Kellie Geradi|Greg Crowe|Andrew Greiche,Heidi Ewing|Rachel Grady|Morgan Spurlock|Seth Gordon|Alex Gibney|Eugene Jarecki,Heidi Ewing|Rachel Grady|Morgan Spurlock|Alex Gibney|Eugene Jarecki|Peter Bull|Jeremy Chilnick
10226,High Tension,Cécile de France|Maïwenn|Philippe Nahon|Franck Khalfoun|Andrei Finti|Oana Pellea|Marco Claudiu Pascu,Alexandre Aja,Grégory Levasseur|Alexandre Aja
66942,Griff the Invisible,Ryan Kwanten|Maeve Dermody|Marshall Napier|Heather Mitchell|Patrick Brammall|Kelly Paterniti,Leon Ford,Leon Ford
356483,Unnatural,James Remar|Sherilyn Fenn|Ron Carlson|Graham Greene|Allegra Carpenter|Ray Wise|Ivana Korab|Q'orianka Kilcher|Stephanie Hodes|Gregory Cruz,Hank Braxtan,
10476,Hustle & Flow,Terrence Howard|Anthony Anderson|Taryn Manning|Taraji P. Henson|Elise Neal|DJ Qualls|Ludacris|Paula Jai Parker|Isaac Hayes|Jordan Houston,Craig Brewer,Craig Brewer
239,Some Like It Hot,Marilyn Monroe|Tony Curtis|Jack Lemmon|George Raft|Pat O’Brien|Joe E. Brown|Nehemiah Persoff|Joan Shawlee|Billy Gray|George E. Stone,Billy Wilder,Billy Wilder|Michael Logan|Robert Thoeren|I.A.L. Diamond
10281,Friday the 13th Part VII: The New Blood,Kane Hodder|Lar Park Lincoln|Susan Jennifer Sullivan|Kevin Spirtas|Terry Kiser|Elizabeth Kaitan|Susan Blu|John Otrin|Heidi Kozak|William Butler,John Carl Buechler,Manuel Fidello|Daryl Haney
630,The Wizard of Oz,Judy Garland|Frank Morgan|Ray Bolger|Bert Lahr|Jack Haley|Billie Burke|Margaret Hamilton|Charley Grapewin|Clara Blandick|The Singer Midgets,Victor Fleming,Edgar Allan Woolf|L. Frank Baum|Noel Langley|Florence Ryerson
3034,Young Frankenstein,Gene Wilder|Peter Boyle|Marty Feldman|Madeline Kahn|Cloris Leachman|Teri Garr|Gene Hackman|Kenneth Mars|Richard Haydn|Oscar Beregi Jr.,Mel Brooks,Gene Wilder|Mel Brooks|Mary Shelley
13025,Diary of the Dead,Michelle Morgan|Joshua Close|Shawn Roberts|Amy Lalonde|Joe Dinicol|Scott Wentworth|Philip Riccio|Chris Violette|Tatiana Maslany|Todd Schroeder,George A. Romero,George A. Romero
21461,Lage Raho Munna Bhai,Sanjay Dutt|Arshad Warsi|Dilip Prabhavalkar|Vidya Balan|Dia Mirza|Kulbhushan Kharbanda|Saurabh Shukla|Abhishek Bachchan|Jimmy Shergill|Parikshat Sahni,Rajkumar Hirani,Rajkumar Hirani|Vidhu Vinod Chopra|Abhijit Joshi
55306,Ulee's Gold,Peter Fonda|Patricia Richardson|Christine Dunford|Tom Wood|Jessica Biel|Vanessa Zima|Steven Flynn|Dewey Weber|J. Kenneth Campbell|Traber Burns,Victor Nunez,Victor Nunez
17264,The Black Stallion,Kelly Reno|Mickey Rooney|Teri Garr|Clarence Muse|Hoyt Axton|Michael Higgins|Ed McNamara|Doghmi Larbi|Cass-Olé,Carroll Ballard,Melissa Mathison|William D. Wittliff|Jeanne Rosenberg|Walter Farley
346081,Sardaarji,,Rohit Jugraj,
16016,Journey to Saturn,Casper Christensen|Frank Hvam|Ali Kazim|Iben Hjejle|Peter Belli|Lars Hjortshøj,Kresten Vestbjerg Andersen|Thorbjørn Christoffersen,Nikolaj Arcel
15875,Donovan's Reef,John Wayne|Elizabeth Allen|Lee Marvin|Cesar Romero|Mike Mazurki|Jack Warden|Jacqueline Malouf|Cherylene Lee|Jeffrey Byron|Dorothy Lamour,John Ford,Frank S. Nugent|James Edward Grant|Edmund Beloin
5900,The Dress,Henri Garcin|Ingeborg Elzevier|Khaldoun Elmecky|Margo Dames|Frans Vorstman|Peter Blok|Jacob Derwig|Rudolf Lucieer|Maike Meijer|Carol van Herwijnen,Alex van Warmerdam,Alex van Warmerdam
43306,A Guy Named Joe,Spencer Tracy|Irene Dunne|Van Johnson|Ward Bond|James Gleason|Lionel Barrymore|Barry Nelson|Esther Williams|Henry O'Neill|Don DeFore,Victor Fleming,Dalton Trumbo|Frederick Hazlitt Brennan|David Boehm|Chandler Sprague
11072,Blazing Saddles,Cleavon Little|Gene Wilder|Harvey Korman|Slim Pickens|Madeline Kahn|Mel Brooks|Dom DeLuise|Liam Dunn|George Furth|Burton Gilliam,Mel Brooks,Richard Pryor|Mel Brooks|Andrew Bergman|Norman Steinberg|Alan Uger
9730,Friday the 13th: The Final Chapter,Kimberly Beck|Erich Anderson|Corey Feldman|Barbara Howard|Crispin Glover|Judie Aronson|Peter Barton|Clyde Hayes|Lawrence Monoson|Joan Freeman,Joseph Zito,Victor Miller|Barney Cohen|Bruce Hidemi Sakow
209274,Ida,Agata Trzebuchowska|Agata Kulesza|Joanna Kulig|Dawid Ogrodnik|Adam Szyszkowski|Jerzy Trela|Artur Janusiak|Dorota Kuduk|Halina Skoczyńska|Natalia Lagiewczyk,Paweł Pawlikowski,Paweł Pawlikowski|Rebecca Lenkiewicz
26371,Maurice,James Wilby|Hugh Grant|Rupert Graves|Denholm Elliott|Simon Callow|Billie Whitelaw|Barry Foster|Judy Parfitt|Phoebe Nicholls|Ben Kingsley,James Ivory,James Ivory|E.M. Forster|Kit Hesketh-Harvey
14137,Beer League,Artie Lange|Ralph Macchio|Anthony DeSando|Jimmy Palumbo|Joe Lo Truglio|Jerry Minor|Seymour Cassel|Elizabeth Regen|Maddie Corman|Daniel Tay,Frank Sebastiano,Artie Lange|Frank Sebastiano
291,Riding Giants,Jeff Clark|Darrick Doerner|Laird Hamilton|Dave Kalama|David H. Kalama Jr.|Brian L. Keaulana|Buzzy Kerbox|Titus Kinimaka|Gerry Lopez|Mickey Munoz,Stacy Peralta,Stacy Peralta|Sam George
14139,Timecrimes,Karra Elejalde|Candela Fernández|Bárbara Goenaga|Nacho Vigalondo|Juan Inciarte|Libby Brien|Nicole Dionne|Philip Hersh,Nacho Vigalondo,Nacho Vigalondo
33106,Silver Medalist,Huang Bo|Kong Jiu|Shaohua Ma|Xu Zheng|Yung Cheung|Shuangbao Wang|Liu Gang,Ning Hao,Ning Hao|Yao Wang|Siwei Cui|Zhou Zhiyong
8875,Timber Falls,Josh Randall|Nick Searcy|Beth Broderick|Sascha Rosemann|T.W. Leshner|Ryan Wiik|Branden R. Morgan|Carl Bressler|Ryan McGee|Suzanna Urszuly,Tony Giglio,Tony Giglio|Daniel Kay
872,Singin' in the Rain,Gene Kelly|Donald O'Connor|Debbie Reynolds|Jean Hagen|Millard Mitchell|Cyd Charisse|Douglas Fowley|Rita Moreno|Mae Clarke|Bess Flowers,Stanley Donen|Gene Kelly,Adolph Green|Betty Comden
72914,"Fat, Sick & Nearly Dead",Joe Cross|Phil Riverstone|Amy Badberg|Merv Cross|Virginia Cross,Joe Cross|Kurt Engfehr,
139038,A Haunted House,Marlon Wayans|Essence Atkins|Nick Swardson|Cedric the Entertainer|David Koechner|Dave Sheridan|Liana Mendoza|Jamie Noel|Marlene Forte|Affion Crockett,Michael Tiddes,Marlon Wayans|Rick Alvarez
126509,2016: Obama's America,,John Sullivan|Dinesh D'Souza,John Sullivan|Dinesh D'Souza
9591,That Thing You Do!,Tom Everett Scott|Johnathon Schaech|Tom Hanks|Steve Zahn|Ethan Embry|Liv Tyler|Charlize Theron|Bill Cobbs|Giovanni Ribisi|Obba Babatundé,Tom Hanks,Tom Hanks
10676,Halloween III: Season of the Witch,Tom Atkins|Stacey Nelkin|Dan O'Herlihy|Michael Currie|Ralph Strait|Jadeen Barbor|Brad Schacter|Garn Stephens|Nancy Kyes|Jonathan Terry,Tommy Lee Wallace,Tommy Lee Wallace|Nigel Kneale
1687,Escape from the Planet of the Apes,Roddy McDowall|Kim Hunter|Bradford Dillman|Natalie Trundy|Eric Braeden|William Windom|Sal Mineo|Albert Salmi|Jason Evers|John Randolph,Don Taylor,Paul Dehn|Pierre Boulle
24748,Hud,Paul Newman|Melvyn Douglas|Patricia Neal|Brandon De Wilde|Whit Bissell|Crahan Denton|John Ashley|Val Avery|George O. Petrie|Curt Conway,Martin Ritt,Larry McMurtry|Irving Ravetch|Harriet Frank Jr.
181330,Kevin Hart: Let Me Explain,Kevin Hart|David Terrell|David Jason Perez|Justine Herron|Harry Ratchford|Joey Wells|William Horton,Leslie Small,Kevin Hart|Harry Ratchford|Joey Wells
468,My Own Private Idaho,River Phoenix|Keanu Reeves|James Russo|William Richert|Rodney Harvey|Chiara Caselli|Grace Zabriskie|Tom Troupe|Michael Parker|Jessie Thomas,Gus Van Sant,Gus Van Sant
401,Garden State,Zach Braff|Natalie Portman|Ian Holm|Peter Sarsgaard|Jean Smart|Armando Riesco|Jackie Hoffman|Method Man|Alex Burns|Ron Leibman,Zach Braff,Zach Braff
76,Before Sunrise,Ethan Hawke|Julie Delpy|Andrea Eckert|Hanno Pöschl|Karl Bruckschwaiger|Tex Rubinowitz|Erni Mangold|Dominik Castell|Haymon Maria Buttinger|Harold Waiglein,Richard Linklater,Richard Linklater|Kim Krizan
50538,Evil Words,Patrick Huard|Michel Côté|Catherine Florent|Albert Millaire|Jean L'Italien|Jacques Lavallée|Jean Pierre Bergeron|Nicolas Canuel|Normand D'Amour|Frédérique Collin,Éric Tessier,Éric Tessier|Patrick Senécal
25636,Jesus' Son,Billy Crudup|Denis Leary|Jack Black|Dennis Hopper|Holly Hunter|Samantha Morton|Miranda July|Michael Shannon|Mark Webber,Alison Maclean,Oren Moverman|Elizabeth Cuthrell|David Urrutia
19316,Saving Face,Michelle Krusiec|Joan Chen|Lynn Chen|Ato Essandoh|Jessica Hecht,Alice Wu,Alice Wu
21074,Brick Lane,Tannishtha Chatterjee|Satish Kaushik|Christopher Simpson|Naeema Begum|Lana Rahman,Sarah Gavron,Laura Jones|Abi Morgan
84329,Robot & Frank,Frank Langella|Liv Tyler|James Marsden|Susan Sarandon|Peter Sarsgaard|Jeremy Strong|Jeremy Sisto|Bonnie Bentley|Dario Barosso|Rachael Ma,Jake Schreier,Christopher D. Ford
20,My Life Without Me,Sarah Polley|Amanda Plummer|Scott Speedman|Leonor Watling|Deborah Harry|Mark Ruffalo|Maria de Medeiros|Julian Richings|Jessica Amlee|Kenya Jo Kennedy,Isabel Coixet,Nanci Kincaid
157386,The Spectacular Now,Miles Teller|Shailene Woodley|Brie Larson|Dayo Okeniyi|Masam Holden|Kyle Chandler|Jennifer Jason Leigh|Mary Elizabeth Winstead|Andre Royo|Bob Odenkirk,James Ponsoldt,Scott Neustadter|Michael H. Weber|Tim Tharp
13007,Religulous,Bill Maher|Jose Luis De Jesus Miranda|Andrew Newberg|Steve Burg|Tal Bachman|Jonathan Boulden|Francis Collins|George Coyne|Benjamin Creme|Jeremiah Cummings,Larry Charles,Bill Maher
13518,Fuel,Joshua Tickell|Barbara Boxer|Richard Branson|George W. Bush|Sheryl Crow|Larry David,Joshua Tickell,Johnny O'Hara
116584,Valley of the Heart's Delight,Pete Postlethwaite|Gabriel Mann|Emily Harrison|Diana Scarwid,Tim Boxell,Miles Murphy
46849,Eye of the Dolphin,Carly Schroeder|Adrian Dunbar|George Harris|Katharine Ross|Christine Adams|Jane Lynch|Andrea Bowen|Rudy Levarity|Joey Jameka|Vivica Watkins,Michael D. Sellers,Michael D. Sellers|Wendell Morris
40428,8: The Mormon Proposition,Rocky Mayor Anderson|Matt Aune|Tyler Barrick|Bruce Barton|Melissa Bird|Dustin Lance Black,Reed Cowan|Steven Greenstreet,Reed Cowan
17334,The Other End of the Line,Jesse Metcalfe|Austin Basis|Larry Miller|Michael Chen|Nouva Monika Wahlgren|Sara Foster|Harry Key|Shriya Saran|Tara Sharma|Sushmita Mukherjee,James Dodson,Tracey Jackson
1698,Anatomy,Franka Potente|Benno Fürmann|Anna Loos|Oliver Wnuk|Sebastian Blomberg|Holger Speckhahn|Traugott Buhre|Arndt Schwering-Sohnrey|Andreas Günther|Antonia Holfelder,Stefan Ruzowitzky,Stefan Ruzowitzky
20764,Sleep Dealer,Leonor Varela|Jacob Vargas|Luis Fernando Peña,Alex Rivera,Alex Rivera|David Riker
45132,Super,Rainn Wilson|Ellen Page|Liv Tyler|Kevin Bacon|Gregg Henry|Michael Rooker|Andre Royo|Sean Gunn|Stephen Blackehart|Don Mac,James Gunn,James Gunn
76706,Christmas Mail,Ashley Scott|A.J. Buckley|Rolanda Watts|Vanessa Evigan|Lochlyn Munro|Piper Mackenzie Harris|Paris Tanaka|Ron Roggé,John Murlowski,Steven Palmer Peterson
254472,Stung,Matt O'Leary|Jessica Cook|Lance Henriksen|Clifton Collins Jr|David Masterson|Cecilia Pillado|Kathleen Renish|Florentine Lahme|Eve Slatner|Daniele Rizzo,Benni Diez,Adam Aresty
332285,Antibirth,Natasha Lyonne|Chloë Sevigny|Meg Tilly|Mark Webber|Maxwell McCabe-Lokos|Emmanuel Kabongo|Neville Edwards|Morgan Bedard|Corey Pascall|Lili Francks,Danny Perez,Danny Perez
49471,Get on the Bus,Ossie Davis|Charles S. Dutton|Andre Braugher|Richard Belzer|De'Aundre Bonds|Thomas Jefferson Byrd|Isaiah Washington|Bernie Mac|Wendell Pierce|Harry Lennix,Spike Lee,Reggie Rock Bythewood
13569,Thr3e,Marc Blucas|Justine Waddell|Bill Moseley|Priscilla Barnes|Jack Ryan|Kevin Downes,Robby Henson,Alan B. McElroy|Ted Dekker
7512,Idiocracy,Luke Wilson|Maya Rudolph|Dax Shepard|Terry Crews|Anthony 'Citric' Campos|David Herman|Sonny Castillo|Kevin McAfee|Robert Musgrave|Michael McCafferty,Mike Judge,Mike Judge|Etan Cohen
356216,The Rise of the Krays,Kevin Leslie|Simon Cotton|Phil Dunster|Danny Midwinter|Dan Parr|Alexa Morden|Philip Prajoux|Georg Nikoloff|Helen Millar|James Hepburn,Zackary Adler,Sebastian Brown|Ken Brown
11798,This Is England,Thomas Turgoose|Stephen Graham|Jo Hartley|Andrew Shim|Vicky McClure|Joseph Gilgun|Perry Benson|Andrew Ellis|Jack O'Connell|Rosamund Hanson,Shane Meadows,Shane Meadows
146631,U.F.O.,Bianca Bree|Sean Brosnan|Simon Phillips|Jean-Claude Van Damme|Peter Barrett|Joey Ansah|Sean Pertwee|Julian Glover|Perry Fitzpatrick|Christian Howard,Dominic Burns,Dominic Burns
43546,Bathing Beauty,Red Skelton|Esther Williams|Basil Rathbone|Bill Goodwin|Jean Porter|Nana Bryant|Carlos Ramírez|Ethel Smith|Lina Romay|Helen Forrest,George Sidney,Dorothy Kingsley|Frank Waldman|Curtis Kenyon|Allen Boretz|Kenneth Earl|M.M. Musselman
61038,Go for It!,Aimee Garcia|Al Bandiero|Jossara Jinaro|Gina Rodriguez,Carmen Marron,
78373,"Dancer, Texas Pop. 81",Breckin Meyer|Peter Facinelli|Eddie Mills|Ethan Embry|Ashley Johnson|Patricia Wettig|Michael O'Neill|Eddie Jones|Alexandra Holden|Shawn Weatherly,Tim McCanlies,Tim McCanlies
17820,Show Boat,Howard Keel|Kathryn Grayson|Ava Gardner|Joe E. Brown|Marge Champion|Gower Champion|Robert Sterling|Agnes Moorehead|Bess Flowers|Leif Erickson,George Sidney,Edna Ferber|John Lee Mahin|Oscar Hammerstein II|Jerome Kern
74457,Redemption Road,Michael Clarke Duncan|Morgan Simpson|Kiele Sanchez|Taryn Manning|Luke Perry|Tom Skerritt|Lee Perkins,Mario Van Peebles,George Richards|Morgan Simpson
283384,The Calling,Susan Sarandon|Gil Bellows|Ellen Burstyn|Topher Grace|Donald Sutherland|Christopher Heyerdahl|Ella Ballentine|Kristin Booth|Katy Breier|Amanda Brugel,Jason Stone,Scott Abramovitch|Inger Ash Wolfe
19933,The Brave Little Toaster,Jon Lovitz|Timothy Stack|Phil Hartman|Deanna Oliver|Timothy E. Day|Thurl Ravenscroft|Joe Ranft|Judy Toll|Wayne Kaatz|Colette Savage,Jerry Rees,Joe Ranft|Jerry Rees|Thomas M. Disch|Brian McEntee
756,Fantasia,Deems Taylor|Walt Disney|Julietta Novis|Leopold Stokowski,David Hand|James Algar|Samuel Armstrong|Ben Sharpsteen|William Roberts|Paul Satterfield|Hamilton Luske|Jim Handley|Ford Beebe|T. Hee|Wilfred Jackson|Norman Ferguson,Joe Grant|Dick Huemer
433715,8 Days,Nicole Smolen|Kim Baldwin|Ariana Stephens|Bryson Funk,Jaco Booyens,Philipa A. Booyens|Ferdinand Gernandt
9728,Friday the 13th Part III,Dana Kimmell|Paul Kratka|Tracie Savage|Jeffrey Rogers|Catherine Parks|Larry Zerner|Rachel Howard|David Katims|Nick Savage|Gloria Charles,Steve Miner,Victor Miller|Ron Kurz|Martin Kitrosser|Carol Watson|Petru Popescu
9731,Friday the 13th: A New Beginning,Melanie Kinnaman|John Shepherd|Shavar Ross|Richard Young|Marco St. John|Juliette Cummins|Carol Locatell|Vernon Washington|Caskey Swaim|Anthony Barrile,Danny Steinmann,Sean S. Cunningham|Victor Miller|Martin Kitrosser|Danny Steinmann|David Cohen|John Shepherd
9916,The Last Sin Eater,Louise Fletcher|Henry Thomas|Soren Fulton|A.J. Buckley|Stewart Finlay-McLennan|Liana Liberato|Lisa Lackey|Peter Wingfield|Kim Myers|Valerie Wildman,Michael Landon Jr.,Brian Bird|Francine Rivers|Michael Landon Jr.
309425,Do You Believe?,Mira Sorvino|Sean Astin|Alexa PenaVega|Cybill Shepherd|Brian Bosworth|Delroy Lindo|Lee Majors|Ted McGinley|Senyo Amoaku|Valerie Domínguez,Jon Gunn,Cary Solomon|Chuck Konzelman
14156,Impact Point,Brian Austin Green|Melissa Keller|Linden Ashby|Joe Manganiello|Eddie Alfano|Ron Roggé|Kayla Ewell,Hayley Cloake,Brett Merryman
43610,The Valley of Decision,Greer Garson|Gregory Peck|Donald Crisp|Lionel Barrymore|Preston Foster|Marsha Hunt|Gladys Cooper|Reginald Owen|Dan Duryea|Jessica Tandy,Tay Garnett,John Meehan|Sonya Levien|Marcia Davenport
360339,Eden,Jessica Lowndes|Ethan Peck|Diego Boneta|Nate Parker|Mario Casas|Matt Testro|Michael Cardelle|Seth Michaels|Eugene Simon|Brad Schmidt,Shyam Madiraju,Mark Mavrothalasitis
31163,Chicken Tikka Masala,Chris Bisson|Saeed Jaffrey|Sally Bankes|Peter Ash|Zohra Sehgal|Shobu Kapoor|Jinder Mahal|Jamila Massey|Sushil Chudasama|Katy Clayton,Harmage Singh Kalirai,Roopesh Parekh
297621,There's Always Woodstock,Allison Miller|James Wolk|Katey Sagal|Rumer Willis|Brittany Snow|Ryan Guzman|Jason Ritter|Alexie Gilmore|Richard Riehle|Anna Anissimova,Rita Merson,Rita Merson
16205,Jack Brooks: Monster Slayer,Robert Englund|Trevor Matthews|Daniel Kash|David Fox|Dean Hawes|Rachel Skarsten|James A. Woods|Ashley Bryant|Stefanie Drummond|Chad Harber,Jon Knautz,Jon Knautz|John Ainslie
887,The Best Years of Our Lives,Fredric March|Myrna Loy|Dana Andrews|Teresa Wright|Virginia Mayo|Cathy O'Donnell|Hoagy Carmichael|Harold Russell|Gladys George|Roman Bohnen,William Wyler,Robert E. Sherwood|MacKinlay Kantor
9517,Bully,Brad Renfro|Bijou Phillips|Nick Stahl|Rachel Miner|Michael Pitt|Leo Fitzpatrick|Kelli Garner|Daniel Franzese|Nathalie Paulding|Alan Lilly,Larry Clark,Jim Schutze|Zachary Lang
6007,Elling,Per Christian Ellefsen|Sven Nordin|Jørgen Langhelle|Marit Pia Jacobsen|Per Christensen|Hilde Olausson|Ola Otnes,Petter Næss,Axel Hellstenius|Ingvar Ambjørnsen
364083,Mi America,Robert Fontaine|Michael Brainard|Grant Boyd|Michael Derek|Lily Autumn Page,Robert Fontaine,Robert Fontaine
8329,[REC],Manuela Velasco|Ferran Terraza|Martha Carbonell|David Vert|Carlos Lasarte|Pablo Rosso|Vicente Gil|Carlos Vicente|Jorge Yamam|María Teresa Ortega,Jaume Balagueró|Paco Plaza,Jaume Balagueró|Paco Plaza|Luis Berdejo
69640,Lies in Plain Sight,Martha Higareda|Chad Michael Murray|Yul Vazquez|Benito Martinez|Cheyenne Haynes,Patricia Cardoso,Teena Booth
371085,Sharkskin,,,
347548,Containment,Louise Brealey|Lee Ross|Sheila Reid|Pippa Nixon|Claire Greasley|Andrew Leung|Billy Postlethwaite|Hannah Chalmers,Neil Mcenery-West,Neil Mcenery-West|David Lemon
322443,The Timber,James Ransone|Elisa Lasowski|Josh Peck|Attila Árpa|William Gaunt|David Bailie|Shaun O'Hagan|Maria Doyle Kennedy,Anthony O'Brien,Steve Allrich|Anthony O'Brien|Colin Ossiander
657,From Russia with Love,Sean Connery|Daniela Bianchi|Pedro Armendáriz|Lotte Lenya|Robert Shaw|Bernard Lee|Eunice Gayson|Walter Gotell|Francis de Wolff|Nadja Regin,Terence Young,Ian Fleming|Richard Maibaum|Johanna Harwood|Berkely Mather
28165,The Toxic Avenger Part II,Ron Fazio|John Altamura|Phoebe Legere|Rick Collins|Rikiya Yasuoka|Tsutomu Sekine|Lisa Gaye|Jessica Dublin|Mayako Katsuragi|Shinoburyû,Lloyd Kaufman|Michael Herz,Lloyd Kaufman|Gay Partington Terry
11561,Sleeper,Woody Allen|Diane Keaton|John Beck|Mary Gregory|Brian Avery|Don Keefer|Mews Small|Peter Hobbs|Spencer Milligan,Woody Allen,Woody Allen|Marshall Brickman
270303,It Follows,Maika Monroe|Keir Gilchrist|Daniel Zovatto|Jake Weary|Olivia Luccardi|Lili Sepe|Bailey Spry|Debbie Williams|Ele Bardha|Leisa Pulido,David Robert Mitchell,David Robert Mitchell
11624,Everything You Always Wanted to Know About Sex *But Were Afraid to Ask,Woody Allen|John Carradine|Lou Jacobi|Louise Lasser|Anthony Quayle|Tony Randall|Lynn Redgrave|Burt Reynolds|Gene Wilder|Jack Barry,Woody Allen,Woody Allen|David Reuben
595,To Kill a Mockingbird,Gregory Peck|Brock Peters|James Anderson|Mary Badham|Phillip Alford|John Megna|Estelle Evans|Collin Wilcox Paxton|Frank Overton|Rosemary Murphy,Robert Mulligan,Horton Foote|Harper Lee
8810,Mad Max 2: The Road Warrior,Mel Gibson|Bruce Spence|Michael Preston|Max Phipps|Vernon Wells|Kjell Nilsson|Emil Minty|Virginia Hey|William Zappa|Arkie Whiteley,George Miller,Terry Hayes|George Miller|Brian Hannant
12207,The Legend of Drunken Master,Jackie Chan|Anita Mui|Ti Lung|Felix Wong|Liu Chia-Liang|Hoh Wing-Fong|Cheung Chi-Gwong|Bill Tung|Andy Lau|Ken Lo,Liu Chia-Liang,Edward Tang|Man-Ming Tong|Gai Chi Yuen
226,Boys Don't Cry,Hilary Swank|Chloë Sevigny|Peter Sarsgaard|Brendan Sexton III|Alicia Goranson|Alison Folland|Jeannetta Arnette|Rob Campbell|Matt McGrath|Cheyenne Rushing,Kimberly Peirce,Kimberly Peirce|Andy Bienen
92182,Silent House,Elizabeth Olsen|Adam Trese|Eric Sheffer Stevens|Julia Taylor Ross|Adam Barnett|Haley Murphy,Chris Kentis|Laura Lau,Laura Lau|Gustavo Hernández
582,The Lives of Others,Martina Gedeck|Ulrich Mühe|Sebastian Koch|Ulrich Tukur|Thomas Thieme|Hans-Uwe Bauer|Volkmar Kleinert|Matthias Brenner|Bastian Trost|Charly Hübner,Florian Henckel von Donnersmarck,Florian Henckel von Donnersmarck
72213,Courageous,Alex Kendrick|Ken Bevel|Ben Davies|Kevin Downes|Rusty Martin|T.C. Stallings|Rusty Martin Sr.|Eleanor Brown|Matt Hardwick|Robert Amaya ,Alex Kendrick,Alex Kendrick|Stephen Kendrick
990,The Hustler,Paul Newman|Jackie Gleason|Piper Laurie|George C. Scott|Myron McCormick|Murray Hamilton|Michael Constantine|Stefan Gierasch|Jake LaMotta|Vincent Gardenia,Robert Rossen,Robert Rossen|Sidney Carroll|Walter Tevis
55604,Boom Town,Clark Gable|Spencer Tracy|Claudette Colbert|Hedy Lamarr|Frank Morgan|Lionel Atwill|Chill Wills|Bess Flowers|Marion Martin|Minna Gombell,Jack Conway,John Lee Mahin|James Edward Grant
9662,The Triplets of Belleville,Béatrice Bonifassi|Lina Boudreau|Michèle Caucheteux|Jean-Claude Donda|Mari-Lou Gauthier|Charles Linton|Suzy Falk,Sylvain Chomet,Sylvain Chomet
20862,Smoke Signals,Adam Beach|Evan Adams|Irene Bedard|Gary Farmer|Tantoo Cardinal|Cody Lightning|Simon Baker|Monique Mojica|John Trudell|Elaine Miles,Chris Eyre,Sherman Alexie
2771,American Splendor,Paul Giamatti|Hope Davis|Judah Friedlander|James Urbaniak|Harvey Pekar|Joyce Brabner|Daniel Tay|Donal Logue|Molly Shannon|Toby Radloff,Shari Springer Berman|Robert Pulcini,Harvey Pekar|Shari Springer Berman|Robert Pulcini|Joyce Brabner
80,Before Sunset,Ethan Hawke|Julie Delpy|Vernon Dobtcheff|Louise Lemoine Torrès|Mariane Plasteig|Diabolo|Denis Evrard|Albert Delpy|Marie Pillet|Rodolphe Pauly,Richard Linklater,Richard Linklater|Kim Krizan|Ethan Hawke|Julie Delpy
55,Amores perros,Gael García Bernal|Vanessa Bauche|Goya Toledo|Alvaro Guerrero|Emilio Echevarría|Jorge Salinas|Rodrigo Murray|Humberto Busto|Gerardo Campbell|Rosa María Bianchi,Alejandro González Iñárritu,Guillermo Arriaga
11023,Thirteen,Evan Rachel Wood|Nikki Reed|Vanessa Hudgens|Holly Hunter|Brady Corbet|Jeremy Sisto|Ulysses Estrada|Sarah Blakley-Cartwright|Jenicka Carey|Sarah Clarke,Catherine Hardwicke,Catherine Hardwicke|Nikki Reed
33667,Gentleman's Agreement,Gregory Peck|Dorothy McGuire|John Garfield|Celeste Holm|Anne Revere|June Havoc|Albert Dekker|Jane Wyatt|Dean Stockwell|Nicholas Joy,Elia Kazan,Moss Hart|Laura Z. Hobson
39013,Winter's Bone,Jennifer Lawrence|John Hawkes|Kevin Breznahan|Dale Dickey|Garret Dillahunt|Sheryl Lee|Shelley Waggener|Isaiah Stone|Ashlee Thompson|Valerie Richards,Debra Granik,Daniel Woodrell|Debra Granik|Anne Rosellini
11194,Touching the Void,Brendan Mackey|Nicholas Aaron|Richard Hawking|Ollie Ryall|Joe Simpson|Simon Yates,Kevin Macdonald,Joe Simpson
43839,Alexander's Ragtime Band,Tyrone Power|Alice Faye|Don Ameche|Ethel Merman|Jack Haley|Jean Hersholt|Helen Westley|John Carradine|Paul Hurst|Wally Vernon,Henry King,Lamar Trotti|Irving Berlin|Kathryn Scola|Richard Sherman
1382,Me and You and Everyone We Know,Miranda July|John Hawkes|Brandon Ratcliff|Miles Thompson|Carlie Westerman|Brad William Henke|Natasha Slayton|Najarra Townsend|Ellen Geer|Colette Kilroy,Miranda July,Miranda July
44639,Inside Job,Matt Damon|William Ackman|Barack Obama|George W. Bush|Jonathan Alpert|Christine Lagarde|Ann Curry|Daniel Alpert|Sigridur Benediktsdottir,Charles Ferguson,Chad Beck|Adam Bolt
301351,We Are Your Friends,Zac Efron|Emily Ratajkowski|Wes Bentley|Nick Rotteveel|Alessandro Lindblad|Jon Abrahams|Shiloh Fernandez|Jon Bernthal|Vanessa Lengies|Miranda Rae Mayo,Max Joseph,Meaghan Oppenheimer|Max Joseph
4816,Ghost Dog: The Way of the Samurai,Forest Whitaker|Cliff Gorman|Tricia Vessey|Henry Silva|Victor Argo|Joseph Rigano|John Tormey|Damon Whitaker|Frank Minucci|Richard Portnow,Jim Jarmusch,Jim Jarmusch
7873,Harsh Times,Christian Bale|Freddy Rodríguez|Eva Longoria|Chaka Forman|Tammy Trull|J.K. Simmons|Michael Monks|Samantha Esteban|Tania Verafield|Noel Gugliemi,David Ayer,David Ayer
331190,Captive,Kate Mara|David Oyelowo|Michael Kenneth Williams|Mimi Rogers|Leonor Varela|E. Roger Mitchell|Kevin J. O'Connor|Matt Lowe|Jessica Oyelowo|J. Karen Thomas,Jerry Jameson,Brian Bird|Ashley Smith
15186,Full Frontal,David Duchovny|Nicky Katt|Catherine Keener|Mary McCormack|David Hyde Pierce|Julia Roberts|Blair Underwood|January Jones|Dina Spybey-Waters|Sandra Oh,Steven Soderbergh,Coleman Hough
17994,Witchboard,Stephen Nichols|Tawny Kitaen|Todd Allen|Kathleen Wilhoite|Burke Byrnes|James W. Quinn|Rose Marie|Judy Tatum|Gloria Hayes|J.P. Luebsen,Kevin Tenney,Kevin Tenney
1378,Shortbus,Sook-Yin Lee|Paul Dawson|PJ DeBoy|Jay Brannan|Lindsay Beamish|Raphael Barker|Peter Stickles|Ray Rivas|Bitch|Shanti Carson,John Cameron Mitchell,John Cameron Mitchell
8885,Waltz with Bashir,Ari Folman|Ron Ben-Yishai|Dror Harazi|Ronny Dayag,Ari Folman,Ari Folman
48382,"The Book of Mormon Movie, Volume 1: The Journey",Kirby Heyborne|Michael Flynn,,
12901,No End in Sight,Campbell Scott|Gerald Burke|Ali Fadhil|Robert Hutchings,Charles Ferguson,Charles Ferguson
250124,The Diary of a Teenage Girl,Bel Powley|Kristen Wiig|Alexander Skarsgård|Christopher Meloni|Austin Lyon|Madeleine Waters|Margarita Levieva|Quinn Nagle|Abby Wait|John Parsons,Marielle Heller,Marielle Heller|Phoebe Gloeckner
14284,In the Shadow of the Moon,Buzz Aldrin|Michael Collins|Alan Bean|Eugene Cernan|Charles Duke|James Lovell|Edgar Mitchell|Harrison Schmitt|John Young,David Sington,
57120,Meek's Cutoff,Michelle Williams|Bruce Greenwood|Will Patton|Zoe Kazan|Paul Dano|Shirley Henderson|Neal Huff|Tommy Nelson|Rod Rondeaux,Kelly Reichardt,Jonathan Raymond
12228,Inside Deep Throat,Dennis Hopper|Peter Bart|Warren Beatty|Carl Bernstein,Fenton Bailey|Randy Barbato,Fenton Bailey|Randy Barbato
22617,Dinner Rush,Danny Aiello|John Rothman|Frank Bongiorno|Lexie Sperduto|Zainab Jah|Alex Corrado|Michael McGlone|Walt McPherson|Polly Draper|Summer Phoenix,Bob Giraldi,Rick Shaughnessy|Brian S. Kalata
55561,Clockwatchers,Toni Collette|Parker Posey|Lisa Kudrow|Alanna Ubach|Helen FitzGerald|Stanley DeSantis|Jamie Kennedy|David James Elliott|Debra Jo Rupp|Kevin Cooney,Jill Sprecher,
42889,The Virginity Hit,Matt Bennett|Zack Pearlman|Jacob Davich|Justin Kline|Krysta Rodriguez|Nicole Weaver|Savannah Welch|Tina Parker,Huck Botko|Andrew Gurland,
10656,Subway,Isabelle Adjani|Christopher Lambert|Richard Bohringer|Michel Galabru|Jean-Hugues Anglade|Jean Reno|Jean-Pierre Bacri|Jean Bouise,Luc Besson,Luc Besson|Marc Perrier
24363,House of D,Robin Williams|David Duchovny|Anton Yelchin|Téa Leoni|Erica Tazel|Alice Drummond|Erykah Badu|Frank Langella|Zelda Williams|Olga Sosnovska,David Duchovny,David Duchovny
13121,Teeth,Jess Weixler|John Hensley|Josh Pais|Hale Appleman|Lenny Von Dohlen|Vivienne Benesch|Ashley Springer,Mitchell Lichtenstein,Mitchell Lichtenstein
24746,Six-String Samurai,Jeffrey Falcon|Justin McGuire|Kim De Angelo|Stephane Gauger|Clifford Hugo|Oleg Bernov|Igor Yuzov|Zhenya Kolykhanov|George L. Casillas|Avi Sills,Lance Mungia,Jeffrey Falcon|Lance Mungia
325140,Hum To Mohabbat Karega,,,
12109,It's All Gone Pete Tong,Paul Kaye|Kate Magowan|Neil Maskell|Beatriz Batarda|Pete Tong|Mike Wilmot|Tim Plester|Paul Spence|Steve Oram|Carl Cox,Michael Dowse,
27023,Saint John of Las Vegas,Steve Buscemi|Romany Malco|Tim Blake Nelson|Sarah Silverman|John Cho|Emmanuelle Chriqui,Hue Rhodes,
22913,24 7: Twenty Four Seven,Bob Hoskins|Danny Nussbaum|Bruce Jones|Annette Badland|Frank Harper|Darren O. Campbell|Karl Collins|Justin Brady|Jimmy Hynd|Johann Myers,Shane Meadows,Shane Meadows|Paul Fraser
273899,Stonewall,Jeremy Irvine|Jonny Beauchamp|Jonathan Rhys Meyers|Ron Perlman|Caleb Landry Jones|Karl Glusman|Vladimir Alexis|Alexandre Nachi|Joey King|Matt Craven,Roland Emmerich,Jon Robin Baitz
20653,Roadside Romeo,Saif Ali Khan|Kareena Kapoor|Javed Jaffrey|Tanaaz Currim Irani|Vrajesh Hirjee,,
67373,This Thing of Ours,James Caan|James Caan|Frank Vincent|Vincent Pastore|Louis Vanaria|Christian Maelen|Edward Lynch|Chuck Zito,Danny Provenzano,Ted A. Bohus|Danny Provenzano
171759,The Lost Medallion: The Adventures of Billy Stone,William Brent|Sammi Hanratty|James Hong|Alex Kendrick|Mark Dacascos|Jansen Panettiere|Tiya Sircar|William Corkery|Marlowe Peyton,Bill Muir,Bill Muir
206296,The Last Five Years,Anna Kendrick|Jeremy Jordan|Natalie Knepp|Bettina Bresnan|Marceline Hugot|Rafael Sardina|Allison Macri|Alan Simpson|Nic Novicki|Tamara Mintz,Richard LaGravenese,Richard LaGravenese
35219,The Missing Person,Michael Shannon|Amy Ryan|Frank Wood|Linda Emond|John Ventimiglia|Margaret Colin|Paul Sparks|Yul Vazquez|Paul Adelstein|Liza Weil,Noah Buschel,Noah Buschel
28260,Return of the Living Dead 3,Melinda Clarke|J. Trevor Edmond|Kent McCord|Sarah Douglas|James T. Callahan|Basil Wallace|Mike Moroff|Julian Scott Urena|Pía Reyes|Sal Lopez,Brian Yuzna,John Penney
7515,London,Chris Evans|Jessica Biel|Joy Bryant|Jason Statham|Kelli Garner|Isla Fisher|Louis C.K.|Jeff Wolfe|Dane Cook|Lina Esco,Hunter Richards,Hunter Richards
13075,Sherrybaby,Maggie Gyllenhaal|Michelle Hurst|Sandra Rodríguez|Danny Trejo|Brad William Henke|Sam Bottoms|Giancarlo Esposito|Bridget Barkan,Laurie Collyer,Laurie Collyer
335866,Circle,Julie Benz|Carter Jenkins|Cesar Garcia|Mercy Malick|Lisa Pelikan|Molly Jackson|Sara Sanderson|Michael Nardelli|Lawrence Kao|Fay DeWitt,Aaron Hann|Mario Miscione,Aaron Hann|Mario Miscione
13510,Eden Lake,Kelly Reilly|Michael Fassbender|Tara Ellis|Jack O'Connell|Finn Atkins|Jumayn Hunter|Thomas Turgoose|James Burrows|Lorraine Bruce|Tom Gill,James Watkins,James Watkins
215881,Plush,Emily Browning|Xavier Samuel|Cam Gigandet|Dawn Olivieri|Frances Fisher|Thomas Dekker|Marlene Forte|Kennedy Waite|Casey LaBow|Elizabeth Peña,Catherine Hardwicke,Catherine Hardwicke|Arty Nelson
18238,Lesbian Vampire Killers,James Corden|Mathew Horne|Paul McGann|MyAnna Buring|Vera Filatova|Silvia Colloca|Lucy Gaskell|Louise Dylan|Ashley Mulheron|Tiffany Mulheron,Phil Claydon,Paul Hupfield|Stewart Williams
22600,Gangster's Paradise: Jerusalema,Daniel Buckland|Robert Hobbs|Rapulana Seiphemo|Jeffrey Zekele|Ronnie Nyakale|Shelley Meskin|Malusi Skenjana|Jafta Mamabolo|Motlatsi Mahloko|Kenneth Nkosi,Ralph Ziman,
12612,Freeze Frame,Lee Evans|Sean McGinley|Ian McNeice|Colin Salmon,John Simpson,John Simpson
50698,Grave Encounters,Sean Rogerson|Juan Riedinger|Ashleigh Gryzko|Mackenzie Gray|Arthur Corber|Benjamin Wilkinson|Michele Cummins|Luis Javier|Shawn Macdonald|Merwin Mondesir,Colin Minihan|Stuart Ortiz,Colin Minihan|Stuart Ortiz
115210,Stitches,Ross Noble|Tommy Knight|Gemma-Leah Devereux|John McDonnell,Conor McMahon,Conor McMahon|David O'Brien
34335,Nine Dead,Melissa Joan Hart|John Terry|Chip Bent|Lawrence Turner|Edrick Browne|John Cates|Marc Macaulay|Lucille Soong|Ritchie Montgomery,Chris Shadley,Patrick Wehe Mahoney
459488,"To Be Frank, Sinatra at 100",Tony Oppedisano,Simon Napier-Bell,
11302,Bananas,Woody Allen|Louise Lasser|Carlos Montalbán|Nati Abascal|Jacobo Morales|Miguel Ángel Suárez|René Enríquez|Charlotte Rae|Stanley Ackerman|Dorothi Fox,Woody Allen,Woody Allen|Mickey Rose
119458,Supercapitalist,Linus Roache|Derek Ting|Richard Ng|Michael Park|Kathy Uyen|Darren E. Scott|Jake Boswell|Theodore Bouloukos|Danny Boushebel|Kenneth Tsang,Simon Yin,Derek Ting
20406,Rockaway,Nicholas Gonzalez|Mario Cimarro|Oleg Taktarov|Vitali Baganov|Ricardo Chavira|David Vadim|Joseph Siravo|Chris Ferry|Delilah Cotto|John Carlino,Jeff Crook|Josh Crook,
3766,The Lady from Shanghai,Rita Hayworth|Orson Welles|Everett Sloane|Glenn Anders|Ted de Corsia|Erskine Sanford|Gus Schilling|Lou Merrill|Carl Frank|Evelyn Ellis,Orson Welles,Orson Welles|Charles Lederer|William Castle|Fletcher Markle|Sherwood King
18616,No Man's Land: The Rise of Reeker,Stephen Martines|Valerie Cruz|Mircea Monroe|Desmond Askew|Michael Robert Brandon|Michael Muhney|David Stanbra|Robert Pine,Dave Payne,Dave Payne
18808,Highway,Jake Gyllenhaal|Selma Blair|Jared Leto|John C. McGinley|Jeremy Piven|Kimberley Kates|Mark Rolston|Arden Myrin,James Cox,Scott Rosenberg
95755,Small Apartments,Matt Lucas|Juno Temple|James Caan|Dolph Lundgren|Billy Crystal|Peter Stormare|DJ Qualls|Johnny Knoxville|Rebel Wilson|Rosie Perez,Jonas Åkerlund,Chris Millis
198062,Coffee Town,Glenn Howerton|Steve Little|Ben Schwartz|Adrianne Palicki|Josh Groban|Perry Joshep|Kristen Riley|Josh Perry|Matt Walsh|Brian Huskey,Brad Copeland,Brad Copeland
188652,The Ghastly Love of Johnny X,Will Keenan|Creed Bratton|De Anna Joy Brooks|Reggie Bannister|Jed Rowen|Kate Maberly|Paul Williams,Paul Bunnell,Paul Bunnell
174311,All Is Bright,Paul Rudd|Paul Giamatti|Sally Hawkins|Peter Hermann|Michael Drayer|Halley Feiffer|Amy Landecker|Curtiss Cook|Morgan Spector|Nikki M. James,Phil Morrison,Phil Morrison
12602,The Torture Chamber of Dr. Sadism,Lex Barker|Christopher Lee|Karin Dor|Carl Lange|Christiane Rücker|Vladimir Medar|Dieter Eppler,Harald Reinl,Manfred R. Köhler|Edgar Allan Poe
153795,Straight A's,Anna Paquin|Ryan Phillippe|Luke Wilson|Powers Boothe|Riley Thomas Stewart|Ursula Parker|Christa Campbell|Tess Harper|Johnnie Brannon|Kristen Williams,James Cox,David Cole
17768,A Funny Thing Happened on the Way to the Forum,Zero Mostel|Phil Silvers|Buster Keaton|Michael Crawford|Jack Gilford|Annette Andre|Michael Hordern|Leon Greene|Roy Kinnear|Alfie Bass,Richard Lester,Larry Gelbart|Michael Pertwee|Melvin Frank|Burt Shevelove|Titus Maccius Plautus
13516,Slacker Uprising,Michael Moore|Eddie Vedder|Robert Ellis Orrall|Steve Earle|Celeste Zappala|Eric Blickenstaff|Anthony Pietsch|Dante Zappala|Tim Goodrich|Abdul Henderson,Michael Moore,Michael Moore
98549,The Legend of Hell's Gate: An American Conspiracy,Eric Balfour|Lou Taylor Pucci|Henry Thomas|James Lafferty|Summer Glau|Jenna Dewan|Kevin Alejandro|Robert Buckley|Ryan Lee|Jamie Thomas King,Tanner Beard,Tanner Beard
312793,The Walking Deceased,Tim Ogletree|Troy Ogletree|Dave Sheridan|Joey Oglesby|Sophia Taylor Ali|Danielle Garcia|Mason Dakota Galyon|Jacqui Holland|Andrew Pozza|Richard Lukens,Scott Dow,Tim Ogletree
309919,The Curse of Downers Grove,Bella Heathcote|Lucas Till|Helen Slater|Penelope Mitchell|Mark L. Young|Zane Holtz|Tom Arnold|Kevin Zegers|Martin Spanjers|Jeff Staron,Derick Martini,Bret Easton Ellis|Derick Martini|Michael Hornburg
299553,Shark Lake,Dolph Lundgren|James Chalke|Sara Malakul Lane|Michael Aaron Milligan|Ibrahim Renno Jr.|Miles Doleac|Melissa Bolona|Lance E. Nichols|Ted Ferguson|Kelsey Deanne,Jerry Dugan,David Anderson|Gabe Burnstein
21309,River's Edge,Crispin Glover|Keanu Reeves|Ione Skye|Daniel Roebuck|Dennis Hopper|Taylor Negron|Joshua John Miller,Tim Hunter,Neal Jimenez
32235,Northfork,James Woods|Nick Nolte|Claire Forlani|Daryl Hannah|Douglas Sebern|Ben Foster|Anthony Edwards|Duel Farnes|Mark Polish|Peter Coyote,Michael Polish,Mark Polish|Michael Polish
329540,The Marine 4: Moving Target,Mike Mizanin|Melissa Roxburgh|Josh Blacker|Matthew MacCaull|Paul McGillion|Curtis Caravaggio|Danielle Moinet|Fraser Aitcheson|Primo Allon|Atlin Mitchell,William Kaufman,Alan B. McElroy
26388,Buried,Ryan Reynolds|José Luis García Pérez|Robert Paterson|Stephen Tobolowsky|Samantha Mathis|Ivana Miño|Warner Loughlin|Erik Palladino|Kali Rocha|Chris William Martin,Rodrigo Cortés,Chris Sparling
49020,Submarine,Craig Roberts|Sally Hawkins|Paddy Considine|Noah Taylor|Gemma Chan|Yasmin Paige|Darren Evans|Osian Cai Dulais|Lily McCann|Otis Lloyd,Richard Ayoade,Richard Ayoade|Joe Dunthorne
159037,The Square,Khalid Abdalla|Dina Abdullah|Dina Amer|Magdy Ashour|Ramy Essam|Ahmed Hassan|Aida Elkashef,Jehane Noujaim,
12838,One to Another,Lizzie Brocheré|Arthur Dupont|Guillaume Baché|Pierre Perrier|Nicolas Nollet|Valérie Mairesse|Karl E. Landler|Matthieu Boujenah|Jean-Christophe Bouvet|Pierre Beziers,Jean-Marc Barr|Pascal Arnold,Pascal Arnold
157293,ABCD (Any Body Can Dance),Prabhu Deva|Ganesh Acharya|Kay Kay Menon|Lauren Gottlieb|Salman Yusuff Khan|Punit Pathak|Noorin Sha|Saroj Khan|Remo D'Souza|Prince R. Gupta,Remo D'Souza,Tushar Hiranandani|Remo D'Souza
14048,Man on Wire,Philippe Petit|Jean François Heckel|Jean-Louis Blondeau|Annie Allix|David Forman|Alan Welner|Barry Greenhouse|Jim Moore,James Marsh,Philippe Petit
356987,Abandoned,Dominic Purcell|Peter Feeney|Owen Black|Siobhan Marshall|Serena Cotton|Rachel Nash|Seamus Stalker|Isla Thompson|Jack Walley|Mark Ruka,John Laing,Stephanie Johnson
295886,Brotherly Love,Keke Palmer|Cory Hardrict|Eric D. Hill Jr.|Quincy Brown|Nafessa Williams,Jamal Hill,Jamal Hill
38358,The Last Exorcism,Ashley Bell|Patrick Fabian|Iris Bahr|Louis Herthum|Caleb Landry Jones|Shanna Forrestall|Tony Bentley|Allen Boudreaux,Daniel Stamm,Huck Botko|Andrew Gurland
33511,Nowhere Boy,Aaron Taylor-Johnson|Anne-Marie Duff|Kristin Scott Thomas|David Threlfall|David Morrissey|Thomas Brodie-Sangster|Josh Bolt|Ophelia Lovibond|Andrew Buchan|James Johnson,Sam Taylor-Johnson,Matt Greenhalgh
702,A Streetcar Named Desire,Vivien Leigh|Marlon Brando|Kim Hunter|Karl Malden|Rudy Bond|Nick Dennis|Peg Hillias|Wright King|Richard Garrick|Ann Dere,Elia Kazan,Tennessee Williams|Oscar Saul
935,Dr. Strangelove or: How I Learned to Stop Worrying and Love the Bomb,Peter Sellers|George C. Scott|Sterling Hayden|Keenan Wynn|Slim Pickens|Peter Bull|James Earl Jones|Tracy Reed|Jack Creley|Frank Berry,Stanley Kubrick,Stanley Kubrick|Terry Southern|Peter George
542,The Crime of Padre Amaro,Gael García Bernal|Ana Claudia Talancón|Sancho Gracia|Angélica Aragón|Ernesto Gómez Cruz|Gastón Melo|Damián Alcázar|Andrés Montiel|Pedro Armendáriz Jr.|Blanca Loaria,Carlos Carrera,Eça de Queirós|Vicente Leñero
84175,Beasts of the Southern Wild,Quvenzhané Wallis|Dwight Henry|Levy Easterly|Gina Montana|Lowell Landes|Pamela Harper|Amber Henry|Jonshel Alexander|Nicholas Clark|Joseph Brown,Benh Zeitlin,Benh Zeitlin|Lucy Alibar
1705,Battle for the Planet of the Apes,Roddy McDowall|Natalie Trundy|Austin Stoker|Severn Darden|Claude Akins|Paul Williams|Richard Eastham|Lew Ayres|Bobby Porter|Noah Keen,J. Lee Thompson,Paul Dehn|Pierre Boulle|John William Corrington|Joyce Hooper Corrington
62677,Songcatcher,Janet McTeer|Michael Davis|Michael Goodwin|Gregory Russell Cook|Jane Adams|E. Katherine Kerr|Emmy Rossum|Pat Carroll|Stephanie Roth Haberle|Aidan Quinn,Maggie Greenwald,Maggie Greenwald
50875,Higher Ground,Vera Farmiga|Donna Murphy|Dagmara Domińczyk|John Hawkes|Joshua Leonard|Nina Arianda|Taissa Farmiga|Taylor Schwencke|Boyd Holbrook|Norbert Leo Butz,Vera Farmiga,
260778,Vaalu,Silambarasan|Hansika Motwani|Santhanam|VTV Ganesh|Brahmanandam|Adithya Menon|Aadukalam Naren|Sriranjini|Misha Ghoshal|Jai,Vijay Chandar,Vijay Chandar|Siva Prakash
58492,The Greatest Movie Ever Sold,Morgan Spurlock|Peter Berg|Paul Brennan|Ralph Nader|Brett Ratner|J.J. Abrams|Donald Trump,Morgan Spurlock,Morgan Spurlock
44562,Ed and His Dead Mother,Eric Christmas|Harper Roisman|Steve Buscemi|Sam Jenkins|Ned Beatty|Miriam Margolyes,Jonathan Wacks,
37232,Travellers and Magicians,Tshewang Dendup|Sonam Lhamo|Lhakpa Dorji|Deki Yangzom|Sonam Kinga,Khyentse Norbu,Khyentse Norbu
4929,Hang 'em High,Clint Eastwood|Inger Stevens|Ed Begley|Pat Hingle|Ben Johnson|Bruce Dern|Charles McGraw|Ruth White|Alan Hale Jr.|L.Q. Jones,Ted Post,Leonard Freeman|Mel Goldberg
36334,Deadline - U.S.A.,Humphrey Bogart|Ethel Barrymore|Kim Hunter|Ed Begley|Warren Stevens|Paul Stewart|Martin Gabel|Joe De Santis|Joyce Mackenzie|Audrey Christie,Richard Brooks,Richard Brooks
9783,Sublime,Tom Cavanagh|Jeffrey Anderson-Gunter|Cas Anvar|Paget Brewster|Jordi Caballero|Lilyan Chauvin|Shanna Collins|Katherine Cunningham-Eves|Kyle Gallner|Dan Gerrity,Tony Krantz,Erik Jendresen
386826,A Beginner's Guide to Snuff,Joey Kern|Luke Edwards|Bree Williamson|Brad Greenquist|Perry Laylon Ojeda,Mitchell Altieri,Adam Weis|Cory Knauf|Mitchell Altieri
205126,Independence Daysaster,Casey Dubois|Iain Belcher|Andrea Brooks|Nicholas Carella|Emily Holmes,W.D. Hogan,Rudy Thauberger|Sydney Roper
98557,Dysfunctional Friends,Stacey Dash|Reagan Gomez-Preston|Wesley Jonathan|Persia White|Jason Weaver|Stacy Keibler|Terrell Owens|Datari Turner|Hosea Chanchez|Christian Keyes,Corey Grant,Corey Grant
104,Run Lola Run,Franka Potente|Moritz Bleibtreu|Herbert Knaup|Nina Petri|Armin Rohde|Joachim Król|Heino Ferch|Lars Rudolph|Ludger Pistor|Sebastian Schipper,Tom Tykwer,Tom Tykwer
10894,May,Angela Bettis|Jeremy Sisto|Anna Faris|James Duval|Nichole Hiltz|Kevin Gage|Merle Kennedy|Chandler Riley Hecht|Rachel David|Nora Zehetner,Lucky McKee,Lucky McKee
246449,Against the Wild,Natasha Henstridge|CJ Adams|Erin Pitt|Ted Whittall|Rainbow Francks|John Tench|Jennifer Gibson|Houston|Barney,Richard Boddington,Richard Boddington
32579,Under the Same Moon,Kate del Castillo|Adrián Alonso Barona|Eugenio Derbez|America Ferrera|Angelina Peláez|Maya Zapata|Gabriel Porras|María Rojo|Jesse Garcia|Ernesto D'Alessio,Patricia Riggen,Ligiah Villalobos
1688,Conquest of the Planet of the Apes,Roddy McDowall|Don Murray|Ricardo Montalban|Hari Rhodes|Severn Darden|Lou Wagner|Natalie Trundy|John Randolph|Asa Maynor|Joyce Haber,J. Lee Thompson,Paul Dehn|Pierre Boulle
1999,In the Bedroom,Tom Wilkinson|Sissy Spacek|Nick Stahl|Marisa Tomei|William Mapother|William Wise|Karen Allen|Celia Weston|Frank T. Wells|W. Clapham Murray,Todd Field,Todd Field
43947,I Spit on Your Grave,Sarah Butler|Daniel Franzese|Chad Lindberg|Jeff Branson|Rodney Eastman|Andrew Howard|Tracey Walter|Mollie Milligan|Saxon Sharbino,Steven R. Monroe,Meir Zarchi|Stuart Morse
24066,"Happy, Texas",Steve Zahn|William H. Macy|Jeremy Northam|Ally Walker|Ron Perlman|Illeana Douglas|M.C. Gainey|Mo Gaffney|Paul Dooley,Mark Illsley,Phil Reeves|Ed Stone|Mark Illsley
9709,My Summer of Love,Natalie Press|Emily Blunt|Paddy Considine|Dean Andrews,Paweł Pawlikowski,Helen Cross|Michael Wynne|Paweł Pawlikowski
191714,The Lunchbox,Irrfan Khan|Nimrat Kaur|Nawazuddin Siddiqui|Denzil Smith|Bharati Achrekar|Nakul Vaid|Yashvi Puneet Nagar|Lillete Dubey|Shruti Bapna,Ritesh Batra,Ritesh Batra
25312,Yes,Joan Allen|Simon Abkarian|Sam Neill|Shirley Henderson|Stephanie Leonidas|Sheila Hancock|Gary Lewis,Sally Potter,Sally Potter
34106,You Can't Take It With You,Jean Arthur|Lionel Barrymore|James Stewart|Edward Arnold|Mischa Auer|Ann Miller|Spring Byington|Samuel S. Hinds|Donald Meek|H.B. Warner,Frank Capra,Robert Riskin|Moss Hart|George S. Kaufman|Charles C. Coleman
11426,From Here to Eternity,Burt Lancaster|Montgomery Clift|Deborah Kerr|Donna Reed|Frank Sinatra|Philip Ober|Mickey Shaughnessy|Harry Bellaver|Ernest Borgnine|Jack Warden,Fred Zinnemann,Daniel Taradash|James Jones
13909,She Wore a Yellow Ribbon,"John Wayne|Joanne Dru|John Agar|Ben Johnson|Harry Carey, Jr.|Victor McLaglen|Mildred Natwick|George O'Brien|Arthur Shields|Michael Dugan",John Ford,Laurence Stallings|Frank S. Nugent|James Warner Bellah
206284,Grace Unplugged,AJ Michalka|James Denton|Kevin Pollak|Shawnee Smith|Michael Welch|Jamie Grace|Emma Catherwood|Zane Holtz,Brad J. Silverman,Brad J. Silverman
27455,Foolish,Eddie Griffin|Master P|Amie Petersen|Frank Sivero|Daphnée Duplaix Samuel|Jonathan Banks|Andrew Dice Clay|Sven-Ole Thorsen|Marla Gibbs|Traci Bingham,Dave Meyers,Master P
66468,N-Secure,Cordell Moore|Essence Atkins|Denise Boutte|Tempestt Bledsoe|Lamman Rucker|Toni Trucks,David M. Matthews,Julius Lewis
7973,Caramel,Nadine Labaki|Yasmine Al Massri|Joanna Moukarzel|Gisèle Aouad|Adel Karam|Sihame Haddad|Aziza Semaan|Fatmeh Safa|Dimitri Staneofski|Fadia Stella,Nadine Labaki,Nadine Labaki|Jihad Hojeily|Rodney El Haddad
283686,Out of the Dark,Julia Stiles|Scott Speedman|Stephen Rea|Alejandro Furth|Pixie Davies|Guillermo Morales Vitola,Lluís Quílez,Javier Gullón|Àlex Pastor|David Pastor
15976,The Bubble,Ohad Knoller|Yousef Sweid|Daniella Wircer|Alon Friedman|Zion Baruch|Ruba Blal|Oded Leopold|Zohar Liba,Eytan Fox,Eytan Fox|Gal Uchovsky
592,The Conversation,Gene Hackman|John Cazale|Frederic Forrest|Cindy Williams|Harrison Ford|Teri Garr|Allen Garfield|Elizabeth MacRae|Robert Duvall|Michael Higgins,Francis Ford Coppola,Francis Ford Coppola
74084,Dil Jo Bhi Kahey...,Amitabh Bachchan|Revathi|Karan Sharma|Annabelle Wallis|Malcolm Stoddard|Claire Oberman|Sara Zommorodi|Danny Denzongpa|Manuj Gulati|Caroline Ilea,Romesh Sharma,Romesh Sharma
1651,Mississippi Mermaid,Jean-Paul Belmondo|Catherine Deneuve|Michel Bouquet|Nelly Borgeaud|Martine Ferrière|Marcel Berbert|Yves Drouhet|Roland Thénot,François Truffaut,François Truffaut|Cornell Woolrich
25428,I Love Your Work,Marisa Coughlan|Judy Greer|Shalom Harlow|Jared Harris|Joshua Jackson|Nicky Katt|Jason Lee|Franka Potente|Giovanni Ribisi|Christina Ricci,Adam Goldberg,Adam Goldberg|Adrian Butchart
298584,Cabin Fever,Matthew Daddario|Samuel Davis|Dustin Ingram|Eli Roth|Gage Golightly|Nadine Crocker|Randy Schulman|Louise Linton|Jason Rouse|Teresa Decher,Travis Zariwny,Eli Roth|Randy Pearlstein
10758,Waitress,Keri Russell|Nathan Fillion|Andy Griffith|Cheryl Hines|Eddie Jemison|Jeremy Sisto|Adrienne Shelly|Lew Temple|Darby Stanchfield|Cindy Drummond,Adrienne Shelly,Adrienne Shelly
11690,Bloodsport,Jean-Claude Van Damme|Bolo Yeung|Roy Chiao|Philip Chan Yan-Kin|Donald Gibb|Ken Siu|Leah Ayres|Normann Burton|Forest Whitaker,Newt Arnold,Sheldon Lettich|Frank Dux|Mel Friedman|Christopher Cosby
3083,Mr. Smith Goes to Washington,James Stewart|Jean Arthur|Claude Rains|Edward Arnold|Guy Kibbee|Thomas Mitchell|Eugene Pallette|Beulah Bondi|Colin James Mackey|Harry Carey,Frank Capra,Lewis R. Foster|Sidney Buchman
9344,Kids,Leo Fitzpatrick|Rosario Dawson|Chloë Sevigny|Justin Pierce|Sajan Bhagat|Billy Valdes|Billy Waldeman|Javier Nunez|Luis Núñez|Christian Bruna,Larry Clark,Harmony Korine
10707,The Squid and the Whale,Jeff Daniels|Laura Linney|Jesse Eisenberg|Owen Kline|William Baldwin|Anna Paquin|David Benger|Elizabeth Meriwether|Alexandra Daddario|Halley Feiffer,Noah Baumbach,Noah Baumbach
15647,Kissing Jessica Stein,Jennifer Westfeldt|Tovah Feldshuh|Esther Wurmfeld|Hillel Friedman|Jon Hamm|Scott Cohen|Ben Weber|Brian Stepanek|Jennifer Carta,Charles Herman-Wurmfeld,Heather Juergensen|Jennifer Westfeldt
308529,Kickboxer: Vengeance,Alain Moussi|Dave Bautista|Sara Malakul Lane|Jean-Claude Van Damme|Darren Shahlavi|Georges St-Pierre|Gina Carano|Gino Galento,John Stockwell,Jean-Claude Van Damme|Dimitri Logothetis|Mark DiSalle|Jim McGrath
4174,Spellbound,Ingrid Bergman|Gregory Peck|Michael Chekhov|Rhonda Fleming|Leo G. Carroll|John Emery|Norman Lloyd|Bill Goodwin|Steven Geray|Donald Curtis,Alfred Hitchcock,Ben Hecht
20156,Exotica,Bruce Greenwood|Mia Kirshner|Elias Koteas|Don McKellar|Sarah Polley|Arsinée Khanjian|Victor Garber|David Hemblen|Calvin Green|Peter Krantz,Atom Egoyan,Atom Egoyan
9464,Buffalo '66,Vincent Gallo|Christina Ricci|Ben Gazzara|Mickey Rourke|Rosanna Arquette|Anjelica Huston|Jan-Michael Vincent|Kevin Pollak|Alex Karras|John Sansone,Vincent Gallo,Vincent Gallo|Alison Bagnall
49018,Insidious,Patrick Wilson|Rose Byrne|Ty Simpkins|Barbara Hershey|Lin Shaye|Leigh Whannell|Angus Sampson|Andrew Astor|Corbett Tuck|Heather Tocquigny,James Wan,Leigh Whannell
13820,Repo Man,Harry Dean Stanton|Emilio Estevez|Tracey Walter|Olivia Barash|Sy Richardson|Susan Barnes|Fox Harris|Tom Finnegan|Del Zamora|Eddie Velez,Alex Cox,Alex Cox
18079,Nine Queens,Ricardo Darín|Gastón Pauls|Leticia Brédice|María Mercedes Villagra|Gabriel Correa|Pochi Ducasse|Jorge Noya|Ignasi Abadal|Carlos Lanari|Tomás Fonzi,Fabián Bielinsky,Fabián Bielinsky
127918,The Gatekeepers,Ami Ayalon|Avraham Shalom|Yaakov Peri|Carmi Gillon|Avi Dichter|Yuval Diskin,Dror Moreh,
17113,The Ballad of Jack and Rose,Daniel Day-Lewis|Camilla Belle|Catherine Keener|Ryan McDonald|Paul Dano|Jason Lee|Jena Malone|Beau Bridges|Susanna Thompson,Rebecca Miller,Rebecca Miller
129139,The To Do List,Aubrey Plaza|Johnny Simmons|Bill Hader|Alia Shawkat|Sarah Steele|Scott Porter|Rachel Bilson|Christopher Mintz-Plasse|Andy Samberg|Donald Glover,Maggie Carey,Maggie Carey
507,Killing Zoe,Eric Stoltz|Julie Delpy|Jean-Hugues Anglade|Tai Thai|Bruce Ramsay|Kario Salem|Salvator Xuereb|Gary Kemp|Martin Raymond|Eric Pascal Chaltiel,Roger Avary,Roger Avary
4012,The Believer,Ryan Gosling|Summer Phoenix|Theresa Russell|Billy Zane|Joshua Harto|Glenn Fitzgerald|A.D. Miles|Ronald Guttman|Garret Dillahunt|Heather Goldenhersh,Henry Bean,Henry Bean|Mark Jacobson
14054,Snow Angels,Kate Beckinsale|Sam Rockwell|Michael Angarano|Olivia Thirlby|Amy Sedaris|Jeannetta Arnette|Griffin Dunne|Nicky Katt|Connor Paolo|Tom Noonan,David Gordon Green,David Gordon Green|Stewart O'Nan
323271,Unsullied,Rusty Joiner|Murray Gray|James Gaudioso|Erin Boyes,Simeon Rice,
10972,Session 9,Peter Mullan|David Caruso|Stephen Gevedon|Josh Lucas|Brendan Sexton III|Paul Guilfoyle|Larry Fessenden|Charley Broderick|Lonnie Farmer,Brad Anderson,Brad Anderson|Stephen Gevedon
13066,I Want Someone to Eat Cheese With,Jeff Garlin|Sarah Silverman|Bonnie Hunt|Elle Fanning|Jessy Schram,Jeff Garlin,Jeff Garlin
66025,Mooz-lum,Nia Long|Danny Glover|Evan Ross|Summer Bishil,Qasim Basir,
11908,Hatchet,Joel David Moore|Tamara Feldman|Deon Richmond|Kane Hodder|Mercedes McNab|Parry Shen|Joel Murray|Joleigh Fioravanti|Richard Riehle|Patrika Darbo,Adam Green,Adam Green
3082,Modern Times,Charlie Chaplin|Paulette Goddard|Henry Bergman|Tiny Sandford|Chester Conklin|Hank Mann|Stanley Blystone|Al Ernest Garcia|Richard Alexander|Cecil Reynolds,Charlie Chaplin,Charlie Chaplin
39541,Stolen Summer,Aidan Quinn|Bonnie Hunt|Kevin Pollak|Eddie Kaye Thomas|Lisa Dodson|Mike Weinberg|Adiel Stein|Brian Dennehy|Peggy Roeder|Martin Hughes,Pete Jones,Pete Jones
1961,My Name Is Bruce,Bruce Campbell|Grace Thorsen|Ted Raimi|Adam Boyd|Mike Estes|Janelle Farber|Dani Kelly,Bruce Campbell,Mark Verheiden
51820,The Salon,Dondre Whitfield|Kym Whitley|Monica Calhoun|Terrence Howard|Darrin Henson|Kelvin Davis|Vivica A. Fox,Mark Brown,
291362,Road Hard,Adam Carolla|Diane Farr|Larry Miller|Mindy Robinson|David Koechner|Vanessa Branch|Illeana Douglas|Heather Paige Cohn|Larry Clarke|Jonathan Klein,Adam Carolla|Kevin Hench,Adam Carolla|Kevin Hench
30082,Forty Shades of Blue,Dina Korzun|Rip Torn|Darren E. Burrows|Andrew Henderson|Elizabeth Morton|Joanne Pankow|Jenny O'Hara,Ira Sachs,Ira Sachs|Michael Rohatyn
72913,Amigo,Chris Cooper|DJ Qualls|Garret Dillahunt|Yul Vazquez|Lucas Neff|Dane DeHaan|Joel Torre|Bill Tangradi,John Sayles,John Sayles
23963,Pontypool,Stephen McHattie|Lisa Houle|Georgina Reilly|Hrant Alianak|Rick Roberts|Louis Negin|Daniel Fathers|Beatriz Yuste|Tony Burgess|Boyd Banks,Bruce McDonald,Tony Burgess
29406,Trucker,Michelle Monaghan|Nathan Fillion|Joey Lauren Adams|Jimmy Bennett|Mika Boorem|Benjamin Bratt|Brandon Hanson|Dennis Hayden|Bryce Johnson|Franklin Dennis Jones,James Mottern,James Mottern
361505,Me You and Five Bucks,,,
104755,The Lords of Salem,Sheri Moon Zombie|Bruce Davison|Jeff Daniel Phillips|Judy Geeson|Meg Foster|Patricia Quinn|Ken Foree|Dee Wallace|María Conchita Alonso|Richard Fancy,Rob Zombie,Rob Zombie
253306,Housebound,Morgana O'Reilly|Rima Te Wiata|Glen-Paul Waru|Cameron Rhodes|Millen Baird|Ross Harper|Bruce Hopkins|Ryan Lampp|Ian Mune|Wallace Chapman,Gerard Johnstone,Gerard Johnstone
29595,Wal-Mart: The High Cost of Low Price,Lee Scott|Don Hunter|Jon Hunter|Jeremy Hunter|Matt Hunter|Johnny Faenza|Frank Mormino|John Bruening|Tom Glassburner|Weldon Nicholson,Robert Greenwald,
46729,Fetching Cody,Jay Baruchel|Sarah Lind|Jim Byrnes|Neil Denis|Chilton Crane|Barclay Hope|Lucas Blaney|Liam McGuigan|Nicole Muñoz|Jessica McLeod,David Ray,David Ray
294600,Last I Heard,Paul Sorvino|Chazz Palminteri|Michael Rapaport|Renee Props,David Rodriguez,David Rodriguez
137347,Closer to the Moon,Vera Farmiga|Mark Strong|Harry Lloyd|Anton Lesser|Joe Armstrong|Christian McKay|Tim Plester|Monica Bârlădeanu|Allan Corduner,Nae Caranfil,Nae Caranfil
290370,Mutant World,Kim Coates|Holly Deveaux|Ashanti|Amber Marshall|Jason Cermak|Megan Tracz|Greg Lawson|David LeReaney|Jesse Lipscombe|John DeSantis,David Winning,Matthew Campagna
426469,Growing Up Smith,Roni Akurati|Brighton Sharbino|Jason Lee|Anjul Nigam|Hilarie Burton|Poorna Jagannathan|Jake Busey|Samrat Chakrabarti|Shoba Narayan|Tim Guinee,Frank Lotito,Gregory Scott Houghton
356841,Checkmate,Danny Glover|Sean Astin|Vinnie Jones|Mischa Barton|Michael Paré|Katrina Law|Johnny Messner|Matt Cinquanta|Kerry Knuppe|Sandra Henderson,Timothy Woodward Jr.,Calvin Cox Jr.|Jennifer Lynch|Henry Mitchell
301325,#Horror,Taryn Manning|Natasha Lyonne|Chloë Sevigny|Balthazar Getty|Timothy Hutton|Lydia Hearst|Jessica Blank|Annabelle Dexter-Jones|Tara Subkoff,Tara Subkoff,Tara Subkoff
347755,Wind Walkers,Zane Holtz|Glen Powell|Kiowa Gordon|Castille Landon|Johnny Sequoyah|Heather Rae,Russell Friedenberg,Russell Friedenberg
408,Snow White and the Seven Dwarfs,Adriana Caselotti|Lucille La Verne|Harry Stockwell|Roy Atwell|Pinto Colvig|Otis Harlan|Scotty Mattraw|Billy Gilbert|Eddie Collins|Moroni Olsen,David Hand,Jacob Grimm|Wilhelm Grimm|Ted Sears|Richard Creedon|Otto Englander|Dick Rickard|Earl Hurd|Merrill De Maris|Dorothy Ann Blank|Webb Smith|Ferdinand Horvath
44413,The Holy Girl,María Alché|Mercedes Morán|Carlos Belloso|Alejandro Urdapilleta|Mía Maestro,Lucrecia Martel,Lucrecia Martel
39209,Shalako,Sean Connery|Brigitte Bardot|Jack Hawkins|Stephen Boyd|Peter van Eyck|Honor Blackman|Woody Strode|Alexander Knox|Eric Sykes|Valerie French,Edward Dmytryk,James Griffith|Hal Hopper|Louis L'Amour|Scott Finch|Clarke Reynolds
48463,Incident at Loch Ness,Werner Herzog|Kitana Baker|Gabriel Beistain|Russell Williams II|David A. Davidson|Michael Karnow|Robert O'Meara|Zak Penn|Steve Gardner|John Bailey,Zak Penn,Werner Herzog|Zak Penn
394047,The Dog Lover,Allison Paige|James Remar|Lea Thompson|Jayson Blair|Sherry Stringfield|Michael King|Christina Moore|Annabelle Kavanagh|April Adams|Ali Afshar,Alex Ranarivelo,Ali Afshar|Alex Ranarivelo
312791,GirlHouse,Ali Cobrin|Erin Agostino|James Thomas|Alice Hunter|Alyson Bath|Adam DiMarco|Slaine|Elysia Rotaru|Chasty Ballesteros|Nicole Fox,Jon Knautz|Trevor Matthews,Nick Gordon
266034,The Blue Room,Mathieu Amalric|Léa Drucker|Stéphanie Cléau|Laurent Poitrenaux,Mathieu Amalric,Mathieu Amalric|Georges Simenon|Stéphanie Cléau
280381,House at the End of the Drive,James Oliver|Jonathan Mangum|Alison Raimondi|Angela Jones|Lance Henriksen|John Dylan Howard|Marco Greco|Ellen Geer|Gizelle D'Cole|Yusuf Gatewood,David Worth,David Oman|Jim Vines
2661,Batman,Adam West|Burt Ward|Lee Meriwether|Cesar Romero|Burgess Meredith|Frank Gorshin|Alan Napier|Neil Hamilton|Stafford Repp|Madge Blake,Leslie H. Martinson,Bob Kane|Lorenzo Semple Jr.
100,"Lock, Stock and Two Smoking Barrels",Jason Flemyng|Dexter Fletcher|Nick Moran|Jason Statham|Vinnie Jones|Sting|Steven Mackintosh|Nicholas Rowe|Lenny McLean|P.H. Moriarty,Guy Ritchie,Guy Ritchie
218500,The Ballad of Gregorio Cortez,Edward James Olmos|James Gammon|Tom Bower,Robert M. Young,Américo Paredes
309,The Celebration,Ulrich Thomsen|Henning Moritzen|Thomas Bo Larsen|Paprika Steen|Birthe Neumann|Trine Dyrholm|Helle Dolleris|Therese Glahn|Klaus Bondam|Bjarne Henriksen,Thomas Vinterberg,Thomas Vinterberg|Mogens Rukov
27845,Trees Lounge,Steve Buscemi|Chloë Sevigny|Carol Kane|Mark Boone Junior|Bronson Dudley|Anthony LaPaglia|Michael Buscemi|Elizabeth Bracco|Rockets Redglare|Samuel L. Jackson,Steve Buscemi,Steve Buscemi
25784,Journey from the Fall,Kiều Chinh|Long Nguyen|Diem Lien|Jayvee Mai The Hiep|Khanh Doan|Cat Ly|Nguyen Thai Nguyen|Tere Morris,Ham Tran,Ham Tran
52790,The Basket,Peter Coyote|Karen Allen|Robert Burke|Amber Willenborg|Jack MacDonald|Eric Dane|Brian Skala|Patrick Treadway,Rich Cowan,
100275,Eddie: The Sleepwalking Cannibal,Thure Lindhardt|Dylan Smith|Georgina Reilly|Alain Goulem|Stephen McHattie|Peter Michael Dillon|Paul Braunstein|Alexis Maitland|Sean Tucker|Karl Claude,Boris Rodriguez,Jonathan Rannells|Alex Epstein|Boris Rodriguez
295914,Queen of the Mountains,Elina Abai Kyzy|Aziz Muradillayev|Nasira Mambetov|Adilet Usubaliyev|Mirlan Abdulayev,Sadyk Sher-Niyaz,Sadyk Sher-Niyaz|Bakytbek Turdubaev
42033,Def-Con 4,Lenore Zann|Maury Chaykin|Kate Lynch|Kevin King|John Walsch|Tim Choate|Jeff Pustil|Donna King|Alan MacGillivray|Florence Patterson,Paul Donovan|Digby Cook,Paul Donovan
19187,The Hebrew Hammer,Adam Goldberg|Judy Greer|Andy Dick|Mario Van Peebles,Jonathan Kesselman,Jonathan Kesselman
46415,Neal 'n' Nikki,Uday Chopra|Tanisha Mukherjee|Abhishek Bachchan|Richa Pallod|Gaurav Gera|Kamini Khanna|Susheel Parashara|Sanaa Abdu Khazal|Zain Meghji|Garry Saran,Arjun Sablok,Anvita Dutt Guptan|Arjun Sablok
38570,The 41–Year–Old Virgin Who Knocked Up Sarah Marshall and Felt Superbad About It,Bryan Callen|Noureen DeWulf|Mircea Monroe|Stephen Kramer Glickman|Austin Michael Scott|Steven Sims|Chris Spencer|Randall Park|Frank Maharajh|Matt Crabtree,Craig Moss,Brad Kaaya|Craig Moss
27588,Forget Me Not,Carly Schroeder|Cody Linley|Brie Gabrielle|Chloe Bridges|Micah Alberti|Brittany Finamore|Sean Wing|Zachary Abel|Alex Mauriello|Courtney Biggs,Tyler Oliver,Jamieson Stern|Tyler Oliver
223,Rebecca,Laurence Olivier|Joan Fontaine|George Sanders|Judith Anderson|Nigel Bruce|Reginald Denny|Gladys Cooper|Florence Bates|Leo G. Carroll|Leonard Carey,Alfred Hitchcock,Daphne Du Maurier|Philip MacDonald|Robert E. Sherwood|Joan Harrison|Michael Hogan
9725,Friday the 13th Part 2,Amy Steel|John Furey|Adrienne King|Kirsten Baker|Betsy Palmer|Lauren-Marie Taylor|Walt Gorney|Stuart Charno|Marta Kober|Russell Todd,Steve Miner,Ron Kurz
28580,The Lost Weekend,Ray Milland|Jane Wyman|Phillip Terry|Howard Da Silva|Doris Dowling|Frank Faylen|Mary Young|Anita Sharp-Bolster|Lillian Fontaine|Frank Orth,Billy Wilder,Billy Wilder|Charles Brackett|Charles R. Jackson
23730,C.H.U.D.,John Heard|Daniel Stern|Christopher Curry|Kim Greist|Laure Mattos|Brenda Currin|Justin Hall|Michael O’Hare|Cordis Heard|Sam McMurray,Douglas Cheek,Shepard Abbott|Parnell Hall
84197,Filly Brown,Resmine Atis|Baby Bash|David Bianchi|Jorge Diaz|Chingo Bling|Marisol Doblado|Gina Rodriguez|Jenni Rivera|Edward James Olmos|Chrissie Fit,Michael D. Olmos|Youssef Delara,
46256,The Lion of Judah,Georgina Cordova|Ernest Borgnine|Michael Madsen|Scott Eastwood,Deryck Broom,
19997,Niagara,Marilyn Monroe|Joseph Cotten|Jean Peters|Max Showalter|Denis O'Dea|Richard Allan|Don Wilson|Lurene Tuttle|Russell Collins|Will Wright,Henry Hathaway,Charles Brackett|Walter Reisch|Richard L. Breen
43266,How Green Was My Valley,Walter Pidgeon|Maureen O'Hara|Roddy McDowall|Donald Crisp|Anna Lee|John Loder|Sara Allgood|Barry Fitzgerald|Patric Knowles|Morton Lowry,John Ford,Philip Dunne|Richard Llewellyn
278316,Da Sweet Blood of Jesus,Felicia Pearson|Zaraah Abrahams|Elvis Nolasco|Steven Hauck|Stephen Tyrone Williams|Lauren Macklin|Rami Malek|Thomas Jefferson Byrd|Stephen Henderson,Spike Lee,Spike Lee
1412,"Sex, Lies, and Videotape",Andie MacDowell|Peter Gallagher|James Spader|Laura San Giacomo|Ron Vawter|Steven Brill|Alexandra Root|Earl T. Taylor|David Foil,Steven Soderbergh,Steven Soderbergh
176,Saw,Cary Elwes|Danny Glover|Monica Potter|Michael Emerson|Ken Leung|Tobin Bell|Leigh Whannell|Dina Meyer|Mike Butters|Paul Gutrecht,James Wan,James Wan|Leigh Whannell
39939,Super Troopers,Jay Chandrasekhar|Steve Lemme|Kevin Heffernan|Paul Soter|Geoffrey Arend|Brian Cox|Erik Stolhanske|Marisa Coughlan|Joey Kern|Jim Gaffigan,Jay Chandrasekhar,Jay Chandrasekhar|Steve Lemme|Kevin Heffernan|Erik Stolhanske|Paul Soter
357834,The Algerian,Ben Youcef|Candice Coke|Harry Lennix|Tara Holt|Josh Pence|Alicia Mitchell,Giovanni Zelko,Giovanni Zelko
215924,The Amazing Catfish,Lisa Owen|Ximena Ayala|Sonia Franco|Wendy Guillén|Andrea Baeza|Alejandro Ramírez-Muñoz|Vera Wilson|Cynthia Bordes|José Manuel Orozco Angulo|Sara Isabel Quintero,Claudia Sainte-Luce,Claudia Sainte-Luce
480,Monsoon Wedding,Naseeruddin Shah|Lillete Dubey|Vijay Raaz|Tillotama Shome|Vasundhara Das|Parvin Dabas|Sameer Arya|Neha Dubey|Kemaya Kidwai|Ishaan Nair,Mira Nair,Sabrina Dhawan
14295,You Can Count on Me,Laura Linney|Mark Ruffalo|Matthew Broderick|Jon Tenney|Rory Culkin|Halley Feiffer|J. Smith-Cameron|Josh Lucas|Gaby Hoffmann|Amy Ryan,Kenneth Lonergan,Kenneth Lonergan
11219,The Trouble with Harry,Edmund Gwenn|John Forsythe|Shirley MacLaine|Mildred Natwick|Mildred Dunnock|Jerry Mathers|Royal Dano|Parker Fennelly|Barry Macollum|Dwight Marfield,Alfred Hitchcock,John Michael Hayes|Jack Trevor Story
20770,But I'm a Cheerleader,Natasha Lyonne|Brandt Wille|Bud Cort|Michelle Williams|RuPaul|Melanie Lynskey|Eddie Cibrian|Clea DuVall|Cathy Moriarty|Joel Michaely,Jamie Babbit,
176124,Home Run,Scott Elrod|Dorian Brown|Charles Henry Wyson|James Devoti|Nicole Leigh|Drew Waters|Vivica A. Fox|Robert Peters|Samantha Isler|Ty Fanning,David Boyd,Eric Newman|Candace Lee|Brian Brightly
500,Reservoir Dogs,Harvey Keitel|Tim Roth|Michael Madsen|Chris Penn|Steve Buscemi|Lawrence Tierney|Edward Bunker|Quentin Tarantino|Randy Brooks|Kirk Baltz,Quentin Tarantino,Quentin Tarantino
60400,The Blue Bird,Shirley Temple|Spring Byington|Nigel Bruce|Gale Sondergaard|Eddie Collins|Sybil Jason|Jessie Ralph|Helen Ericson|Johnny Russell|Laura Hope Crews,Walter Lang,Walter Bullock
429,"The Good, the Bad and the Ugly",Eli Wallach|Clint Eastwood|Lee Van Cleef|Aldo Giuffrè|Luigi Pistilli|Rada Rassimov|John Bartha|Livio Lorenzon|Antonio Casale|Angelo Novi,Sergio Leone,Sergio Leone|Sergio Donati|Luciano Vincenzoni|Agenore Incrocci|Furio Scarpelli|Mickey Knox
310569,The Second Mother,Regina Casé|Michel Joelsas|Camila Márdila|Karine Teles|Lourenço Mutarelli|Helena Albergaria|Luis Miranda|Luci Pereira|Hugo Villavicenzio|Theo Werneck,Anna Muylaert,Anna Muylaert
98369,Blue Like Jazz,Marshall Allman|Claire Holt|Tania Raymonde|Justin Welborn|Eric Lange|Jason Marsden|William McKinney|Barak Hardley|Valerie Jane Parker|Susan Isaacs,Steve Taylor,Steve Taylor|Donald Miller|Ben Pearson
114065,Down & Out With The Dolls,,,
89750,"Pink Ribbons, Inc.",Samantha King|Barbara Brenner|Barbara Ehrenreich|Nancy Brinker|Susan Love,Léa Pool,
49951,Certifiably Jonathan,Jonathan Winters|Robin Williams|Sarah Silverman|Patricia Arquette,James David Pasternak,
86331,Desire,Déborah Révy|Hélène Zimmer|Gowan Didi|Johnny Amaro|Johan Libéreau|Jean-François Gallotte|Brice Fournier|Christelle Benoit|Patrick Hauthier|Léticia Belliccini,Laurent Bouhnik,Laurent Bouhnik
355629,The Blade of Don Juan,Juan Carlos Montoya|Rodrigo Viaggio|Irma Maury|Antonio Arrué|Viviana Andrade|Jorge Gutiérrez|Nataniel Sánchez|Deyssi Pelaez|Claudia Solís,Tom Sanchez,
16433,Grand Theft Parsons,Johnny Knoxville|Christina Applegate|Gabriel Macht|Marley Shelton|Robert Forster|Michael Shannon,David Caffrey,
15544,Extreme Movie,Patrick J. Adams|Ryan Pinkston|Denise Boutte|Michael Cera|Frankie Muniz|Cherilyn Wilson|Matthew Lillard|Mindy Sterling|Jamie Kennedy|John Farley,Adam Jay Epstein|Andrew Jacobson,Will Forte|Akiva Schaffer|Andy Samberg|Jorma Taccone|Adam Jay Epstein|Phil Lord|John Solomon|Christopher Miller|Erica Rivinoja|Andy Jacobsen
43884,The Charge of the Light Brigade,Errol Flynn|Olivia de Havilland|Patric Knowles|Henry Stephenson|Nigel Bruce|Donald Crisp|David Niven|C. Henry Gordon|G.P. Huntley|Robert Barrat,Michael Curtiz,Rowland Leigh|Michael Jacoby
107315,Below Zero,Edward Furlong|Michael Berryman|Kristin Booth|Michael Eisner|Dee Hanna,Justin Thomas Ostensen,Signe Olynyk
137955,Crowsnest,,,
13064,Airborne,Shane McDermott|Seth Green|Brittney Powell|Chris Conrad|Edie McClurg|Patrick Thomas O'Brien|Alanna Ubach|Jacob Vargas|Daniel Betances|David Betances,Rob Bowman,Stephen McEveety|Bill Apablasa
59917,Cotton Comes to Harlem,Godfrey Cambridge|Raymond St. Jacques|Calvin Lockhart|Judy Pace|Redd Foxx|Emily Yancy|John Anderson|Lou Jacobi|Eugene Roche|J.D. Cannon,Ossie Davis,Ossie Davis|Arnold Perl|Chester Himes
157422,The Wicked Within,Sienna Guillory|Gianni Capaldi|Enzo Cilenti|Michele Hicks|Sonja Kinski|Heath Freeman|Eric Roberts|Karen Austin,Jay Alaimo,Enzo Cilenti|Shawna Waldron|Stephen Wallis|Gianni Capaldi
310933,Bleeding Hearts,Robert Loggia|Charles Durning|Tony Todd|Dustin Diamond|Wilson Jermaine Heredia|Rachael Robbins|Suzi Lorraine|Ken Del Vecchio|Melantha Blackthorne|Seregon O'Dassey,Dylan Bank,
7553,Waiting...,Ryan Reynolds|Anna Faris|Justin Long|David Koechner|Luis Guzmán|Chi McBride|John Francis Daley|Kaitlin Doubleday|Rob Benedict|Alanna Ubach,Rob McKittrick,Rob McKittrick
12877,Dead Man's Shoes,Paddy Considine|Gary Stretch|Toby Kebbell|Jo Hartley|Seamus O'Neill|Stuart Wolfenden|Paul Sadot|Paul Hurstfield|Emily Aston|George Newton,Shane Meadows,Paddy Considine|Shane Meadows
39895,From a Whisper to a Scream,Vincent Price|Clu Gulager|Terry Kiser|Rosalind Cash|Cameron Mitchell|Susan Tyrrell|Martine Beswick|Ron Brooks|Miriam Byrd-Nethery|Didi Lanier,Jeff Burr,
102840,Sex With Strangers,,,
55616,Dracula: Pages from a Virgin's Diary,Wei-Qiang Zhang|Tara Birtwhistle|David Moroni|CindyMarie Small|Johnny A. Wright|Stephane Leonard|Matthew Johnson|Keir Knight|Brent Neale|Stephanie Ballard,Guy Maddin,Bram Stoker|Mark Godden
29697,Faith Like Potatoes,Frank Rautenbach|Jeanne Neilson|Hamilton Dlamini|Sean Cameron Michael|Rochelle Buchan,Regardt van den Bergh,
50037,Beyond the Black Rainbow,Michael Rogers|Scott Hylands|Marilyn Norry|Eva Allan|Rondel Reynoldson|Ryley Zinger|Gerry South|Chris Gauthier|Geoffrey Conder,Panos Cosmatos,Panos Cosmatos
94329,The Raid,Iko Uwais|Joe Taslim|Donny Alamsyah|Yayan Ruhian|Ray Sahetapy|Pierre Gruno|Ananda George|Tegar Satrya|Verdi Solaiman|R. Iman Aji,Gareth Evans,Gareth Evans
53502,The Dead Undead,Luke Goss|Joshua Alba|Matthew R. Anderson|Laura Chinn|Cameron Goodman|Spice Williams-Crosby|Edward Conna|Hillary Enclade|Lance Frank|Luke LaFontaine,Matthew R. Anderson|Edward Conna,Edward Conna
202604,The Vatican Exorcisms,Joe Marino,Joe Marino,
289,Casablanca,Humphrey Bogart|Ingrid Bergman|Paul Henreid|Claude Rains|Conrad Veidt|Sydney Greenstreet|Peter Lorre|S.Z. Sakall|Madeleine Lebeau|Dooley Wilson,Michael Curtiz,Julius J. Epstein|Philip G. Epstein|Murray Burnett|Joan Alison|Howard Koch
27374,Lake Mungo,Talia Zucker|Rosie Traynor|David Pledger|Martin Sharpe|Steve Jodrell|Tamara Donnellan|Scott Terrill,Joel Anderson,Joel Anderson
26815,Rocket Singh: Salesman of the Year,Ranbir Kapoor|Sumeet Darshan Dobhal|Gauhar Khan|Shazahn Padamsee|Prem Chopra|Naveen Kaushik|Mukesh Bhatt|Kyra Dutt,Shimit Amin,Jaideep Sahni
811,Silent Running,Bruce Dern|Cliff Potts|Ron Rifkin|Jesse Vint|Steven Brown|Mark Persons|Cheryl Sparks,Douglas Trumbull,Deric Washburn|Michael Cimino|Steven Bochco
1366,Rocky,Sylvester Stallone|Talia Shire|Burt Young|Carl Weathers|Burgess Meredith|Thayer David|Joe Spinell|Tony Burton|Pedro Lovell|Joe Frazier,John G. Avildsen,Sylvester Stallone
244776,The Sleepwalker,Christopher Abbott|Brady Corbet|Stephanie Ellis|Gitte Witt,Mona Lerche,Brady Corbet|Mona Lerche
5769,Tom Jones,Albert Finney|Susannah York|Hugh Griffith|Edith Evans|Joan Greenwood|Diane Cilento|George Devine|David Tomlinson|Freda Jackson|Jack MacGowran,Tony Richardson,John Osborne|Henry Fielding
277685,Unfriended,Shelley Hennig|Moses Jacob Storm|Renee Olstead|William Peltz|Jacob Wysocki|Courtney Halverson|Heather Sossaman|Mickey River|Cal Barnes|Matthew Bohrer,Levan Gabriadze,Nelson Greaves
103,Taxi Driver,Robert De Niro|Cybill Shepherd|Harvey Keitel|Jodie Foster|Peter Boyle|Leonard Harris|Albert Brooks|Diahnne Abbott|Gino Ardito|Martin Scorsese,Martin Scorsese,Paul Schrader
11298,The Howling,Patrick Macnee|Dennis Dugan|Christopher Stone|Belinda Balaski|Kevin McCarthy|John Carradine|Slim Pickens|Elisabeth Brooks|Robert Picardo|Margie Impert,Joe Dante,Gary Brandner|Terence H. Winkless|John Sayles
646,Dr. No,Sean Connery|Ursula Andress|Joseph Wiseman|Jack Lord|Bernard Lee|Anthony Dawson|Zena Marshall|John Kitzmiller|Eunice Gayson|Lois Maxwell,Terence Young,Ian Fleming|Richard Maibaum|Johanna Harwood|Berkely Mather
93856,Chernobyl Diaries,Jesse McCartney|Jonathan Sadowski|Olivia Taylor Dudley|Ingrid Bolsø Berdal|Alex Feldman|Devin Kelley|Nathan Phillips|Dimitri Diatchenko|Milutin Milošević|Miloš Timotijević,Bradley Parker,Shane Van Dyke|Oren Peli|Carey Van Dyke
9003,Hellraiser,Andrew Robinson|Clare Higgins|Ashley Laurence|Sean Chapman|Oliver Smith|Robert Hines|Anthony Allen|Leon Davis|Michael Cassidy|Frank Baker,Clive Barker,Clive Barker
347126,God's Not Dead 2,Hayley Orrantia|Melissa Joan Hart|Jesse Metcalfe|David A.R. White|Ray Wise|Robin Givens|Ernie Hudson|Maria Canals-Barrera|Pat Boone|Gianna Simone,Harold Cronk,Cary Solomon|Chuck Konzelman
10092,Cry_Wolf,Julian Morris|Lindy Booth|Jared Padalecki|Jon Bon Jovi|Sandra McCoy|Paul James|Jesse Janzen|Ethan Cohn|Anna Deavere Smith|Erica Yates,Jeff Wadlow,Jeff Wadlow|Beau Bauman
10643,Godzilla 2000,Takehiro Murata|Naomi Nishida|Mayu Suzuki|Hiroshi Abe|Shirô Sano|Takeshi Ôbayashi|Shirô Namiki|Sakae Kimura|Bengaru|Ken'ichi Nagira,Takao Okawara,Hiroshi Kashiwabara
46705,Blue Valentine,Ryan Gosling|Michelle Williams|Mike Vogel|John Doman|Faith Wladyka|Marshall Johnson|Jen Jones|Maryann Plunkett|James Benatti|Barbara Troy,Derek Cianfrance,Derek Cianfrance|Cami Delavigne|Joey Curtis
546,Transamerica,Felicity Huffman|Kevin Zegers|Elizabeth Peña|Danny Burstein|Maurice Orozco|Graham Greene|Stella Maeve|Teala Dunn|Grant Monohon|Burt Young,Duncan Tucker,Duncan Tucker
76487,The Devil Inside,Fernanda Andrade|Simon Quarterman|Evan Helmuth|Ionut Grama|Suzan Crowley|Bonnie Morgan|Brian D. Johnson|John Prosky|Claudiu Istodor|Claudiu Trandafir,William Brent Bell,William Brent Bell|Matthew Peterman
5722,Beyond the Valley of the Dolls,Dolly Read|Cynthia Myers|Marcia McBroom|John Lazar|Michael Blodgett|Edy Williams|Erica Gavin|Phyllis Davis|Harrison Page|Duncan McLeod,Russ Meyer,Roger Ebert
39833,Love Me Tender,Richard Egan|Debra Paget|Elvis Presley|Robert Middleton|William Campbell|Neville Brand|Mildred Dunnock|Bruce Bennett|James Drury|Russ Conway,Robert D. Webb,Robert Buckner|Maurice Geraghty
1781,An Inconvenient Truth,Al Gore|Billy West|Ronald Reagan|George W. Bush|George H. W. Bush,Davis Guggenheim,Davis Guggenheim
18712,Sands of Iwo Jima,John Wayne|John Agar|Adele Mara|Forrest Tucker|Wally Cassell|James Brown|Richard Webb|Arthur Franz|Julie Bishop|James Holden,Allan Dwan,Harry Brown|James Edward Grant
7944,Shine a Light,Mick Jagger|Keith Richards|Charlie Watts|Ronnie Wood|Christina Aguilera|Jack White|Buddy Guy|Dorothy Howell Rodham|Blondie Chaplin|Tim Ries,Martin Scorsese,
171424,The Green Inferno,Lorenza Izzo|Ariel Levy|Sky Ferreira|Nicolas Martinez|Kirby Bliss Blanton|Magda Apanowicz|Matías López|Daryl Sabara|Aaron Burns|Ignacia Allamand,Eli Roth,Eli Roth|Guillermo Amoedo
361475,Departure,Juliet Stevenson|Alex Lawther|Phénix Brossard|Finbar Lynch|Niamh Cusack|Patrice Juiff,Andrew Steggall,Andrew Steggall
113947,The Sessions,John Hawkes|Helen Hunt|William H. Macy|Moon Bloodgood|Annika Marks|W. Earl Brown|Blake Lindsley|Adam Arkin|Robin Weigert|Robin Weigert,Ben Lewin,Ben Lewin
18570,"Food, Inc.",Michael Pollan|Eric Schlosser|Richard Lobb|Vince Edwards|Carole Morison,Robert Kenner,Robert Kenner|Elise Pearlstein|Kim Roberts
83860,October Baby,Rachel Hendrix |Jason Burkey|Robert Amaya |John Schneider,Andrew Erwin|Jon Erwin ,Jon Erwin|Cecil Stokes
41469,Next Stop Wonderland,Hope Davis|Philip Seymour Hoffman|Holland Taylor|Alan Gelfant|Jason Lewis,Brad Anderson,Brad Anderson
244772,The Skeleton Twins,Kristen Wiig|Bill Hader|Luke Wilson|Ty Burrell|Boyd Holbrook|Joanna Gleason|Kathleen Rose Perkins|Ian Hyland|Adriane Lenox|Sydney Lucas,Craig Johnson,Mark Heyman|Craig Johnson
50837,Martha Marcy May Marlene,Elizabeth Olsen|Hugh Dancy|John Hawkes|Sarah Paulson|Brady Corbet|Maria Dizzia|Julia Garner|Louisa Krause|Christopher Abbott|Adam David Thompson,Sean Durkin,Sean Durkin
248774,Obvious Child,Jenny Slate|Jake Lacy|Gaby Hoffmann|Paul Briganti|Stephen Singer|Richard Kind|Polly Draper|Gabe Liedman|Cindy Cheung|Ernest Mingione,Gillian Robespierre,Gillian Robespierre|Karen Maine|Elisabeth Holm
10183,Frozen River,Melissa Leo|Misty Upham|Charlie McDermott|John Canoe|Jay Klaitz|Dylan Carusona|James Reilly|Michael O'Keefe|Mark Boone Junior,Courtney Hunt,Courtney Hunt
159014,20 Feet from Stardom,Bette Midler|Mick Jagger|Sting|Sheryl Crow|Bruce Springsteen|Stevie Wonder|Darlene Love|Lou Adler|Stevvi Alexander|Patti Austin,Morgan Neville,
32456,Two Girls and a Guy,Robert Downey Jr.|Natasha Gregson Wagner|Heather Graham|Angel David|Frederique van der Wal,James Toback,James Toback
49963,Walking and Talking,Catherine Keener|Anne Heche|Liev Schreiber|Randall Batinkoff|Amy Braverman|Miranda Rhyne|Alice Drummond|Todd Field|Kevin Corrigan|Lynn Cohen,Nicole Holofcener,Nicole Holofcener
13508,Who Killed the Electric Car?,Martin Sheen|Mel Gibson|Tom Hanks,Chris Paine,Chris Paine
22597,The Broken Hearts Club: A Romantic Comedy,Ben Weber|Timothy Olyphant|Matt McGrath|Zach Braff|Dean Cain|Chris Payne Gilbert|Nora Burns|John Brandon|John Mahoney|Nia Long,Greg Berlanti,Greg Berlanti
9707,Bubba Ho-tep,Bruce Campbell|Ossie Davis|Ella Joyce|Heidi Marnhout|Bob Ivy|Edith Jefferson|Larry Pennell|Reggie Bannister|Daniel Roebuck|Daniel Schweiger,Don Coscarelli,Don Coscarelli|Joe R. Lansdale
37532,Slam,Saul Williams|Sonja Sohn|Bonz Malone|Beau Sia,Marc Levin,
26791,Brigham City,Richard Dutcher|Matthew A. Brown|Wilford Brimley,Richard Dutcher,Richard Dutcher
56666,Fiza,Hrithik Roshan|Karisma Kapoor|Jaya Bachchan|Neha|Bikram Saluja|Sushmita Sen|Isha Koppikar|Manoj Bajpayee|Johnny Lever|Savita Prabhune,Khalid Mohammed,Javed Siddiqui|Khalid Mohammed
8675,Orgazmo,Trey Parker|Dian Bachar|Matt Stone|Ron Jeremy|Michael Dean Jacobs|Robyn Lynne Raab|Andrew Kemler|David Dunn|Joseph Arsenault|Marcus Vaughn,Trey Parker,Trey Parker|Matt Stone
13132,All the Real Girls,Paul Schneider|Zooey Deschanel|Danny McBride|Maurice Compte|Heather McComb|Shea Whigham|Patricia Clarkson|Summer Shelton,David Gordon Green,David Gordon Green
47686,Dream with the Fishes,David Arquette|Brad Hunt|Kathryn Erbe|Patrick McGaw|Cathy Moriarty,,
46989,Blue Car,Margaret Colin|Agnes Bruckner|David Strathairn|Frances Fisher|A.J. Buckley|Regan Arnold|Sarah Buehler|Dustin Sterling|Michael Joseph Thomas Ward|Wayne Armstrong,Karen Moncrieff,Karen Moncrieff
192132,Palo Alto,Emma Roberts|Jack Kilmer|Nat Wolff|James Franco|Zoe Levin|Val Kilmer|Keegan Allen|Chris Messina|Margaret Qualley|Colleen Camp,Gia Coppola,James Franco|Gia Coppola
24424,Ajami,Fouad Habash|Nisrine Rihan|Elias Saba|Youssef Sahwani|Abu George Shibli|Ibrahim Frege|Scandar Copti|Shahir Kabaha|Hilal Kabob|Ranin Karim,Scandar Copti|Yaron Shani,Scandar Copti|Yaron Shani
13198,Wristcutters: A Love Story,Patrick Fugit|Shannyn Sossamon|Shea Whigham|Leslie Bibb|Will Arnett|Tom Waits|John Hawkes|Mark Boone Junior|Clayne Crawford|Abraham Benrubi,Goran Dukic,Etgar Keret|Goran Dukic
244267,I Origins,Michael Pitt|Brit Marling|Astrid Bergès-Frisbey|Steven Yeun|Archie Panjabi|Cara Seymour|Venida Evans|William Mapother|Crystal Anne Dickinson|Kashish,Mike Cahill,Mike Cahill
21413,The Battle of Shaker Heights,Shia LaBeouf|Elden Henson|Amy Smart|Billy Kay|Kathleen Quinlan|Shiri Appleby|William Sadler|Ray Wise,Kyle Rankin|Efram Potelle,Erica Beeney
123678,The Act of Killing,Anwar Congo|Herman Koto|Syamsul Arifin|Ibrahim Sinik|Yapto Soerjosoemarno|Safit Pardede|Jusuf Kalla|Adi Zulkadry|Haji Anif|Sakhyan Asmara,Joshua Oppenheimer|Christine Cynn|Anonymous,
13362,Taxi to the Dark Side,Brian Keith Allen|Moazzam Begg|Christopher Beiring|Alex Gibney,Alex Gibney,Alex Gibney
39183,Once in a Lifetime: The Extraordinary Story of the New York Cosmos,Pelé|Franz Beckenbauer|Carlos Alberto|Raphael de la Sierra|Phil Woosnam|Jay Emmett|Werner Roth|Peppe Pinton|Giorgio Chinaglia|Shep Messing,Paul Crowder|John Dower,Mark Monroe|John Dower
62402,Guiana 1838,Aasheekaa Bathija|Thomas Garvey|Kumar Gaurav|Rufus Graham|Asim Mujahid|Kiran Pande|Amit Patel|Henry Rodney|Bobby Routh|Shalini Singh,Rohit Jagessar,Rohit Jagessar
206412,Lisa Picard Is Famous,Laura Kirk|Nat DeWolf|Griffin Dunne|Daniel London|Sandra Bullock|Carrie Fisher|Melissa Gilbert|Spike Lee|Charlie Sheen|Mira Sorvino,Griffin Dunne,
201132,Antarctica: A Year on Ice,Genevieve Bachman|William Brotman|Michael Christiansen|Tom Hamann|George Lampman|Peter Lund|Keri Nelson|Casey O'Brien|Anthony Powell|Andrew Velman,Anthony Powell,Anthony Powell|Simon Price
251471,A LEGO Brickumentary,Jason Bateman|Matthias Klie,Kief Davidson|Daniel Junge,Kief Davidson|Daniel Junge|Davis Coombe
112456,Hardflip,Randy Wayne|John Schneider|Rosanna Arquette|Sean Michael Afable|Jason Dundas|Matthew Ziff,Johnny Remo,Daniel Backman|Johnny Remo
20296,Chocolate: Deep Dark Secrets,Anil Kapoor|Sunil Shetty|Arshad Warsi|Emraan Hashmi|Irrfan Khan|Sushma Reddy|Tanushree Dutta|Emma Bunton,Vivek Agnihotri,
25983,The House of the Devil,Jocelin Donahue|Mary Woronov|Greta Gerwig|AJ Bowen|Heather Robb|Darryl Nau|Brenda Cooney|Tom Noonan|Dee Wallace,Ti West,Ti West
66195,The Perfect Host,David Hyde Pierce|Clayne Crawford|Nathaniel Parker|Helen Reddy,Nick Tomnay,Nick Tomnay
16155,Safe Men,Sam Rockwell|Steve Zahn|Paul Giamatti|Mark Ruffalo|Josh Pais|Michael Lerner|Christina Kirk|Harvey Fierstein|Michael Showalter|John Hamburg,John Hamburg,John Hamburg
46727,Speedway Junky,Jesse Bradford|Jordan Brower|Jonathan Taylor Thomas|Daryl Hannah|Tiffani Thiessen|Patsy Kensit|Justin Urich|Adrienne Frantz|Patrick Renna|Erik Alexander Gavica,Nickolas Perry,Nickolas Perry
55180,The Last Big Thing,Dan Zukovic|Mark Ruffalo|Sibel Ergener|James Lorinz|Yul Vazquez|Louis Mustillo|Blaine Capatch,Dan Zukovic,
29015,The Specials,Jordan Ladd|Rob Lowe|Jamie Kennedy|Thomas Haden Church|James Gunn|Paget Brewster|Sean Gunn|Judy Greer|Jim Zulevic|Lauren Cohn,Craig Mazin,James Gunn
91122,16 to Life,Hallee Hirsh|Theresa Russell|Shiloh Fernandez|Will Rothhaar,Becky Smith,Becky Smith
18206,Alone With Her,Colin Hanks|Ana Claudia Talancón|Jordana Spiro|Jonathon Trent|Alex Boling|Tony Armatrading,Eric Nicholas,Eric Nicholas
320146,Creative Control,Benjamin Dickinson|Nora Zehetner|Dan Gill|Alexia Rasmussen|Gavin McInnes|Reggie Watts|H. Jon Benjamin|Paul Manza|Jay Eisenberg|Himanshu Suri,Benjamin Dickinson,Benjamin Dickinson|Micah Bloomberg
13856,Special,Michael Rapaport|Josh Peck|Robert Baker|Jack Kehler|Alexandra Holden|Ian Bohen|Christopher Darga|Paul Blackthorne,Hal Haberman|Jeremy Passmore,Hal Haberman|Jeremy Passmore
219716,Sparkler,Park Overall|Veronica Cartwright|Freddie Prinze Jr.|Don Harvey|Jamie Kennedy|Steven Petrarca|Grace Zabriskie|Octavia Spencer|Frances Bay,Darren Stein,
43630,The Helix... Loaded,,,
56491,In Her Line of Fire,Mariel Hemingway|David Keith|David Millbern|Jill Bennett|Sydney Jackson|Robbie Magasiva|Patrick Kake|Lee Tuson|James Gaylyn|Rene Naufahu,Brian Trenchard-Smith,Anna Lorenzo|Paula Goldberg
99826,The Jimmy Show,Frank Whaley|Carla Gugino|Ethan Hawke|Lynn Cohen|Jillian Stacom,Frank Whaley,Frank Whaley|Jonathan Marc Sherman
186935,Heli,Armando Espitia|Andrea Vergara|Linda Gonzalez|Juan Eduardo Palacios|Kenny Johnston,Amat Escalante,Amat Escalante|Gabriel Reyes
357441,Karachi se Lahore,Shehzad Sheikh|Ayesha Omar|Yasir Hussain|Javed Sheikh,,
19344,Loving Annabelle,Erin Kelly|Diane Gaidry|Laura Breckenridge|Michelle Horn|Gustine Fudickar|Ilene Graff|Kevin McCarthy|Markus Flanagan|Karen Teliha|Marla Maples,Katherine Brooks,Katherine Brooks
242083,Hits,Meredith Hagner|Matt Walsh|James Adomian|Jake Cherry|Derek Waters|Wyatt Cenac|Amy Sedaris|David Koechner|Jason Ritter|Amy Carlson,David Cross,David Cross
18869,Jimmy and Judy,Edward Furlong|Rachael Bella|William Sadler,Randall Rubin|Jon Schroder,Randall Rubin|Jon Schroder
26673,Frat Party,Randy Wayne|Caroline D'Amore|Jareb Dauplaise|Lauren C. Mayhew|Dan Levy|Katerina Mikailenko|Robert Parks-Valletta,Robert Bennett,Robert Bennett
41830,The Party's Over,Oliver Reed|Clifford David|Ann Lynn|Louise Sorel|Mike Pratt|Maurice Browning|Jonathan Burn|Roddy Maude-Roxby|Annette Robertson|Alison Seebohm,Guy Hamilton,Marc Behm
37694,Proud,Vernel Bagneris|Marcus Chait|Michael Ciesla,Mary Pat Kelly,
63287,The Poker House,Jennifer Lawrence|Selma Blair|Bokeem Woodbine|Chloë Grace Moretz|Sophia Bairley|Casey Tutton|Jayce Ryan|Natalie West|David Alan Grier|Andrew Rothenberg,Lori Petty,Lori Petty|David Alan Grier
335874,Childless,Barbara Hershey|Joe Mantegna|Diane Venora|James Naughton|Natalie Dreyfuss|Jordan Baker,Charlie Levi,Charlie Levi
34592,ZMD: Zombies of Mass Destruction,Janette Armand|Doug Fahl|Cooper Hopkins|Bill Johns|Russell Hodgkinson|Ali Hamedani|Cornelia Moore|James Mesher|Andrew Hyde|Brendon Ryan Barrett,Kevin Hamedani,Kevin Hamedani|Ramon Isao
92635,Snow White: A Deadly Summer,Shanley Caswell|Maureen McCormick|Eric Roberts|Tim Abell|R.J. Cantu|Chase Bennett|Chelsea Rae Bernier|Camille Cregan|Eileen Dietz|Aaron Jaeger ,David DeCoteau,Barbara Kymlicka
258755,Hidden Away,Germán Alcarazu|Adil Koukouh|Ana Wagener|Alex Angulo,Mikel Rueda,Mikel Rueda
96534,My Last Day Without You,Ken Duken|Nicole Beharie|Reg E. Cathey|Marlene Forte|Laith Nakli,Stefan C. Schaefer,Christoph Silber|Stefan C. Schaefer
21283,Steppin: The Movie,Wesley Jonathan|Chrystee Pharris|Anthony Anderson,Michael Taliferro,Sean Alexander Jefferson|Bryan Anthony Pierre
272724,Doc Holliday's Revenge,Tom Berenger|Ashley Hayes|Eric Roberts|Bart Voitila|Oliver Rayon|Randy Jay Burrell|Daniel Dannas,David DeCoteau,Rolfe Kanefsky
84178,Black Rock,Kate Bosworth|Lake Bell|Jay Paulson|Katie Aselton|Will Bouvier|Anslem Richardson|Carl K. Aselton III,Katie Aselton,Mark Duplass|Katie Aselton
101179,Truth or Dare,Liam Boyle|Jack Gordon|Florence Hall|David Oakes|Jennie Jacques|Tom Kane|Jason Maza|David Sterne|Alexander Vlahos,Robert Heath,Matthew McGuchan
52462,The Pet,Pierre Dulat|Andrea Edmondson|Summer Nguyen|Lydia McLane|Steven Wollenberg|Magi Avila,D. Stevens,D. Stevens
269057,Bang Bang Baby,Jane Levy|Peter Stormare|Justin Chatwin|David Reale|Kristian Bruun|Chloe Rose|Boyd Banks|Ian Matthews|Sidney Leeder|Stephen Joffe,Jeffrey St. Jules,Jeffrey St. Jules
287524,Fear Clinic,Thomas Dekker|Robert Englund|Cleopatra Coleman|Fiona Dourif|Kevin Gage|Bonnie Morgan|Brandon Beemer|Felisha Terrell|Angelina Armani|Ryder Gage,Robert Hall,Robert Hall|Aaron Drane
206213,Zombie Hunter,Martin Copping|Danny Trejo|Clare Niederpruem|Terry Guthrie|Jason Regier,Kevin King,Kevin King|Kurt Knight
248402,A Fine Step,Luke Perry|Anna Claire Sneed|Leonor Varela,Jonathan Meyers,
29146,Charly,Cliff Robertson|Claire Bloom|Lilia Skala|Leon Janney|Ruth White|Dick Van Patten|Edward McNally|Barney Martin,Ralph Nelson,Stirling Silliphant|Daniel Keyes
207769,Banshee Chapter,Ted Levine|Katia Winter|Michael McMillian|Monique Candelaria|Jenny Gabrielle|Chad Brummett|David Midthunder|Cyd Schulte|J.D. Garfield|Vivan Nesbitt,Blair Erickson,Blair Erickson|Daniel J. Healy
271185,Ask Me Anything,Britt Robertson|Christian Slater|Justin Long|Martin Sheen|Andy Buckley|Cathryn de Prume|Max Carver|Beckett Gandolfi|Katarina Garcia|Molly Hagan,Allison Burnett,Allison Burnett
29731,And Then Came Love,Kevin Daniels|Michael Boatman|Jeremy Gumbs|Eartha Kitt|Vanessa Williams,Richard Schenkman,Caytha Jentis
292539,Food Chains,,Sanjay Rawal,
654,On the Waterfront,Marlon Brando|Karl Malden|Lee J. Cobb|Rod Steiger|Pat Henning|Leif Erickson|James Westerfield|Tony Galento|Tami Mauriello|John F. Hamilton,Elia Kazan,Budd Schulberg
91070,L!fe Happens,Krysten Ritter|Kate Bosworth|Rachel Bilson|Geoff Stults|Justin Kirk|Fallon Goodson|Andrea Savage|Kristen Johnston|Rhys Coiro|Seymour Cassel,Kat Coiro,Krysten Ritter|Kat Coiro
2009,"4 Months, 3 Weeks and 2 Days",Anamaria Marinca|Laura Vasiliu|Vlad Ivanov|Alexandru Potocean|Luminița Gheorghiu|Adi Carauleanu|Liliana Mocanu|Doru Ana|Ion Sapdaru|Cerasela Iosifescu,Cristian Mungiu,Cristian Mungiu
323270,The Horror Network Vol. 1,Nick Frangione|Artem Mishin|Jan Cornet|Brian Dorton|Javier Botet|Macarena Gómez,Joseph Graham|Brian Dorton|Lee Matthews|Manuel Marín,Joseph Graham|Brian Dorton|Douglas Conner|Manuel Marín
2652,Hard Candy,Patrick Wilson|Ellen Page|Sandra Oh|Odessa Rae|G.J. Echternkamp,David Slade,Brian Nelson
9813,The Quiet,Elisha Cuthbert|Camilla Belle|Edie Falco|Martin Donovan|Shawn Ashmore|Katy Mixon|David Gallagher|Maria Cash|Jo Baker|Steve Uzzell,Jamie Babbit,Micah Schraft|Abdi Nazemian
60421,Circumstance,Nikohl Boosheri|Sarah Kazemy|Reza Sixo Safai|Soheil Parsa|Nasrin Pakkho|Sina Amedson|Keon Mohajeri,Maryam Keshavarz,Maryam Keshavarz
157354,Fruitvale Station,Michael B. Jordan|Octavia Spencer|Melonie Diaz|Ahna O'Reilly|Kevin Durand|Chad Michael Murray|Christina Elmore|Ariana Neal|Trestin George|Chris Riedell,Ryan Coogler,Ryan Coogler
127867,The Brass Teapot,Juno Temple|Michael Angarano|Alexis Bledel|Billy Magnussen|Alia Shawkat|Bobby Moynihan|Steve Park|Ben Rappaport|Lucy Walters|Jack McBrayer,Ramaa Mosley,Ramaa Mosley|Tim Macy
3170,Bambi,Donnie Dunagan|Peter Behn|Stan Alexander|Cammie King|Will Wright|Hardie Albright|Ann Gillis|Tim Davis|Sam Edwards|Sterling Holloway,David Hand|James Algar|Samuel Armstrong|William Roberts|Paul Satterfield|Graham Heid|Norman Wright,Felix Salten|Larry Morey
14014,The Hammer,Adam Carolla|Oswaldo Castillo|Harold House Moore|Christopher Darga|Jonathan Hernandez|Heather Juergensen,Charles Herman-Wurmfeld,Kevin Hench
15708,Latter Days,Steve Sandvoss|Wes Ramsey|Jacqueline Bisset|Joseph Gordon-Levitt|Rebekah Johnson|Mary Kay Place|Erik Palladino|Amber Benson|Khary Payton|Rob McElhenney,C. Jay Cox,C. Jay Cox
146882,Elza,Stana Roumillac|Vincent Byrd Le Sage|Christophe Cherki,Mariette Monpierre,Mariette Monpierre|Mama Keïta
215918,1982,Bokeem Woodbine|Sharon Leal|Wayne Brady|Quinton Aaron|Hill Harper|La La Anthony,Tommy Oliver,Tommy Oliver
84200,"For a Good Time, Call...",Ari Graynor|Lauren Miller|Mark Webber|Justin Long|Mimi Rogers|James Wolk|Nia Vardalos|Sugar Lyn Beard|Don McManus|Seth Rogen,Jamie Travis,Lauren Miller|Katie Anne Naylon
84184,Celeste & Jesse Forever,Rashida Jones|Andy Samberg|Elijah Wood|Emma Roberts|Ari Graynor|Eric Christian Olsen|Janel Parrish|Chris Messina|Sarah Haskins|Matthew Del Negro,Lee Toland Krieger,Will McCormack|Rashida Jones
45767,Time Changer,D. David Morin|Gavin MacLeod|Hal Linden|Jennifer O'Neill|Paul Rodríguez|Richard Riehle,Rich Christiano,Rich Christiano
14823,London to Brighton,Georgia Groome|Johnny Harris|Sam Spruell|Lorraine Stanley|Alexander Morton|Nathan Constance|Jamie Kenna|Chloe Bale,Paul Andrew Williams,Paul Andrew Williams
367551,American Hero,Stephen Dorff|Eddie Griffin|Bill Billions|Jonathan Billions,Nick Love,Nick Love
343409,Windsor Drive,Samaire Armstrong|Anna Gurji|Matt Cohen|Kyan DuBois,Natalie Bible',T.R. Gough
60243,A Separation,Leila Hatami|Kimia Hosseini|Merila Zarei|پیمان معادی|Sareh Bayat|Shahab Hosseini|Ali-Asghar Shahbazi|Shirin Yazdanbakhsh|Mohammad Sajadian|Armine Zeytounchian ,Asghar Farhadi,Asghar Farhadi
57294,Crying with Laughter,Stephen McCole|Malcolm Shields|Andrew Neil|Jo Hartley,Justin Molotnikov,Justin Molotnikov
11446,Welcome to the Dollhouse,Heather Matarazzo|Victoria Davis|Christina Brucato|Christina Vidal|Siri Howard|Brendan Sexton III|Daria Kalinina|Matthew Faber|Ken Leung|Josiah Trager,Todd Solondz,Todd Solondz
47889,Ruby in Paradise,Ashley Judd|Todd Field|Bentley Mitchum|Dorothy Lyman|Allison Dean|Betsy Douds|Felicia Hernández|Divya Satia|Bobby Barnes,Victor Nunez,Victor Nunez
25461,Raising Victor Vargas,Victor Rasuk|Judy Marte|Melonie Diaz|Altagracia Guzman|Silvestre Rasuk|Krystal Rodriguez|Kevin Rivera|Wilfree Vasquez|Donna Maldonado,Peter Sollett,Peter Sollett
905,Pandora's Box,Louise Brooks|Fritz Kortner|Francis Lederer|Carl Goetz|Krafft-Raschig|Alice Roberts,G.W. Pabst,Frank Wedekind|Ladislaus Vajda
279759,Harrison Montgomery,,,
78705,Live-In Maid,Norma Aleandro|Norma Argentina |Marcos Mundstock|Claudia Lapacó|Elsa Berenguer,Jorge Gaggero,
25212,Deterrence,Kevin Pollak|Timothy Hutton|Sheryl Lee Ralph|Clotilde Courau|Sean Astin|Mark Thompson|Michael Mantell|Kathryn Morris|Ryan Cutrona|Joe McCrackin,Rod Lurie,Rod Lurie
26899,The Mudge Boy,Emile Hirsch|Tom Guiry|Richard Jenkins|Pablo Schreiber|Zachary Knighton|Ryan Donowho,Michael Burke,Michael Burke
146269,The Young Unknowns,Devon Gummersall|Arly Jover|Eion Bailey|Leslie Bibb|Dale Godboldo|Simon Templeman,Catherine Jelski,Wolfgang Bauer|Catherine Jelski
292483,Not Cool,Shane Dawson|Cherami Leigh|Drew Monson|Michelle Veintimilla|Lisa Schwartz,Shane Dawson,Dan Schoffer
14451,Dead Snow,Charlotte Frogner|Stig Frode Henriksen|Vegar Hoel|Jeppe Beck Laursen|Evy Kasseth Røsten|Lasse Valdal|Jenny Skavlan|Bjørn Sundquist|Ane Dahl Torp|Ørjan Gamst,Tommy Wirkola,Stig Frode Henriksen|Tommy Wirkola
10105,Saints and Soldiers,Larry Bagby|Alexander Polinsky|Kirby Heyborne|Corbin Allred|Ethan Vincent|Melinda Renee|Ruby Chase O'Neil|Jeff Birk|Ben Gourley|Chris Clark,Ryan Little,Geoffrey Panos|Matt Whitaker
211557,Vessel,Brandon Bales|Brandy Maasch|Julie Mintz|Walter Phelan|Taylor Pigeon|Alan Pietruszewski|Whit Spurgeon,Clark Baker,Matt Duffer|Ross Duffer
838,American Graffiti,Richard Dreyfuss|Ron Howard|Paul Le Mat|Charles Martin Smith|Cindy Williams|Candy Clark|Mackenzie Phillips|Wolfman Jack|Bo Hopkins|Manuel Padilla Jr.,George Lucas,George Lucas|Willard Huyck|Gloria Katz
40862,Iraq for Sale: The War Profiteers,Shereef Akeel,Robert Greenwald,
13158,Aqua Teen Hunger Force Colon Movie Film for Theaters,Dana Snyder|Carey Means|Dave Willis|Andy Merrill|Bruce Campbell|Fred Armisen|Chris Kattan,Dave Willis|Matt Maiellaro,Dave Willis|Matt Maiellaro|Matt Whitlock
84332,Safety Not Guaranteed,Aubrey Plaza|Mark Duplass|Jake Johnson|Karan Soni|Jenica Bergere|Kristen Bell|Jeff Garlin|Mary Lynn Rajskub|William Hall Jr.|Tony Doupe,Colin Trevorrow,Derek Connolly
74510,Kevin Hart: Laugh at My Pain,Kevin Hart|Na'im Lynn,Tim Story|Leslie Small,Kevin Hart
74725,Kill List,Neil Maskell|MyAnna Buring|Harry Simpson|Michael Smiley|Struan Rodger|Emma Fryer|Esme Folley|Ben Crompton|Gemma Lise Thornton|Robin Hill,Ben Wheatley,Ben Wheatley|Amy Jump
58428,The Innkeepers,Sara Paxton|Pat Healy|Kelly McGillis|George Riddle|Lena Dunham|Alison Bartlett|Brenda Cooney|John Speredakos,Ti West,Ti West
8416,The Conformist,Jean-Louis Trintignant|Stefania Sandrelli|Gastone Moschin|Dominique Sanda|Enzo Tarascio|Fosco Giachetti|José Quaglio|Pierre Clémenti|Yvonne Sanson,Bernardo Bertolucci,Alberto Moravia|Bernardo Bertolucci
36584,Interview with the Assassin,Dylan Haggerty|Renee Faia|Dennis Lau|Raymond J. Barry|Kelsey Kemper|Jared McVay,Neil Burger,
13429,Donkey Punch,Nichola Burley|Sian Breckin|Jaime Winstone|Robert Boulter|Tom Burke|Julian Morris|Jay Taylor,Olly Blackburn,Olly Blackburn|David Bloom
9022,All the Boys Love Mandy Lane,Amber Heard|Anson Mount|Michael Welch|Whitney Able|Edwin Hodge|Aaron Himelstein|Luke Grimes|Melissa Price|Adam Powell|Peyton Hayslip,Jonathan Levine,Jacob Forman
22530,Bled,Sarah Farooqui|Chris Ivan Cevic|Alex Petrovitch|Michele Morrow|Ivan L. Moody|Jonathan Oldham|Dichen Lachman|Jennifer Lee Wiggins|Kimberly Rowe|Monica Huntington,Christopher Hutson,
288,High Noon,Gary Cooper|Grace Kelly|Thomas Mitchell|Lloyd Bridges|Katy Jurado|Otto Kruger|Lon Chaney Jr.|Harry Morgan|Ian MacDonald|Eve McVeagh,Fred Zinnemann,Carl Foreman|John W. Cunningham
14275,Hoop Dreams,William Gates|Arthur Agee|Steve James,Steve James,Steve James|Frederick Marx
2287,Rize,Christopher Toler|Tommy the Clown|Miss Prissy|Dragon|Ceasare Willis|La Niña|Larry Berry|Kevin Richardson,David LaChapelle,
18734,L.I.E.,Paul Dano|Bruce Altman|Brian Cox|Billy Kay|James Costa|Tony Michael Donnelly|Walter Masterson|Adam LeFevre|Chance Kelly,Michael Cuesta,Michael Cuesta|Stephen M. Ryder|Gerald Cuesta
206197,The Sisterhood of Night,Kara Hayward|Georgie Henley|Olivia DeJonge|Laura Fraser|Kal Penn|Louis Ozawa Changchien|Morgan Turner|Willa Cuthrell-Tuttleman|Gary Wilmes|Neal Huff,Caryn Waechter,Steven Millhauser|Marilyn Fu
26837,B-Girl,Julie 'Jules' Urich|Missy Yager|Wesley Jonathan|Drew Sidora|Aimee Garcia|James Martinez|Richard Yniguez,Emily Dell,
7859,Half Nelson,Ryan Gosling|Jeff Lima|Shareeka Epps|Nathan Corbett|Tyra Kwao-Vovo|Rosemary Ledee|Tristan Mack Wilds|Bryce Silver|Kaela C. Pabon|Erica Rivera,Ryan Fleck,Ryan Fleck|Anna Boden
302579,Naturally Native,Valerie Red-Horse|Yvonne Russo|Irene Bedard|Kimberly Guerrero|Pato Hoffmann|Mark Abbott|Collin Bernsen|Mary Kay Place|Carol Potter|Floyd Red Crow Westerman,Valerie Red-Horse|Jennifer Wynne Farmer,Valerie Red-Horse
51955,Hav Plenty,Christopher Scott Cherot|Chenoa Maxwell|Tammi Katherine Jones|Robinne Lee|Reginald James|Kim Harris|Betty Vaughn|Margie St. Juste|Chuck Baron|Hill Harper,Christopher Scott Cherot,Christopher Scott Cherot
376004,Adulterers,Sean Faris|Danielle Savre|Mehcad Brooks|Stephanie Charles|Steffinnie Phrommany|Rebecca Reaney,H.M. Coakley,H.M. Coakley|Tim Longo
158752,Escape from Tomorrow,Roy Abramsohn|Elena Schuber|Katelynn Rodriguez|Danielle Safady|Alison Lees-Taylor|Jack Dalton|Annet Mahendru|Lee Armstrong,Randy Moore,Randy Moore
40658,Starsuckers,Ellis Cashmore|Max Clifford|Richard Curtis|Josef d'Bache-Kane|Nick Davies|Charlotte de Barker|Rupert Degas|Park Dietz|Emma Freud|Robert Galinsky,Chris Atkins,
296943,The Hadza:  Last of the First,,Bill Benenson,
118612,After,Steven Strait|Karolina Wydra|Sandra Ellis Lafferty|Ric Reitz|Jackson Walker|Madison Lintz|Bob Penny|April Billingsley|Jennifer Spriggs|Tyrin Niles Wyche,Ryan Smith,Ryan Smith|Jason Parish
138976,Treachery,Matthew Ziff|Michael Biehn|Sarah Butler|Caitlin Keats,Travis Romero,
323967,Walter,Andrew J. West|Justin Kirk|Virginia Madsen|William H. Macy|Milo Ventimiglia|Neve Campbell|Leven Rambin|Peter Facinelli|Jim Gaffigan|Brian J. White,Anna Mastro,Paul Shoulberg
3080,Top Hat,Fred Astaire|Ginger Rogers|Edward Everett Horton|Helen Broderick|Erik Rhodes|Eric Blore|Lucille Ball|Gino Corrado,Mark Sandrich,Aladar Laszlo|Sándor Faragó|Károly Nóti|Allan Scott
2667,The Blair Witch Project,Michael C. Williams|Heather Donahue|Joshua Leonard|Bob Griffith|Jim King|Sandra Sánchez|Ed Swanson|Patricia DeCou|Mark Mason|Jackie Hallex,Daniel Myrick|Eduardo Sánchez,Daniel Myrick|Eduardo Sánchez
9459,Woodstock,Joe Cocker|Richie Havens|Joan Baez|Arlo Guthrie|Ten Years After|John Sebastian|Sly and the Family Stone|Jimi Hendrix|Canned Heat|Jefferson Airplane,Michael Wadleigh,Michael Wadleigh
11598,The Kentucky Fried Movie,Evan C. Kim|Bong Soo Han|Marilyn Joi|Saul Kahan|Marcy Goldman|Bill Bixby|John Landis|Dulcie Jordan|Gracia Lee|Sheila Rogers,John Landis,Jerry Zucker|Jim Abrahams|David Zucker
26916,Mercy Streets,Eric Roberts|David A.R. White|Cynthia Watros|Lawrence Taylor|Stacy Keach,Jon Gunn,
181940,Carousel of Revenge,Erik Allen|Randy Baranczyk|Chris Carlson|Ben Coler|Nancy Crocker|Jim Detmar|Crystal Donner,Gene Teigland,Gene Teigland|James A. Kreitel
125263,Broken Vessels,Todd Field|Jason London|Roxana Zal|Susan Traylor|James Hong|Patrick Cranshaw|Brent David Fraser|Stephanie Feury|William Smith|Charlie Spradling,Scott Ziehl,
263503,Water & Power,Enrique Murciano|Nicholas Gonzalez|Clancy Brown|Yvette Yates|Rafael Agustin|Tanya R. Barnes|Robert Beltran|Wanda De Jesus|Dan Donohue|Barry Shabaka Henley,Richard Montoya,Richard Montoya
324322,They Will Have to Kill Us First,Aliou Touré|Oumar Touré|Garba Touré|Nathanael Dembélé|Khaira Arby,Johanna Schwartz,Andy Morgan
331493,Light from the Darkroom,,,
375950,The Country Doctor,François Cluzet|Marianne Denicourt|Isabelle Sadoyan|Félix Moati|Christophe Odent|Patrick Descamps|Guy Faucher|Margaux Fabre|Julien Lucas|Yohann Goetzmann,Thomas Lilti,Thomas Lilti|Baya Kasmi|Shérazade Khalladi
278348,The Maid's Room,Paula Garcés|Annabella Sciorra|Bill Camp|Philip Ettinger|Julio C. Peña|Remy Auberjonois|John Brodsky|Stefanie Brown|Herman Chavez|Bonnie Dennison,Michael Walker,Michael Walker
704,A Hard Day's Night,John Lennon|Paul McCartney|George Harrison|Ringo Starr|Wilfrid Brambell|Norman Rossington|John Junkin|Victor Spinetti|Anna Quayle|Deryck Guyler,Richard Lester,Alun Owen
70875,The Harvest (La Cosecha),,U. Roberto Romano,
75986,Love Letters,Jamie Lee Curtis|Bonnie Bartlett|Matt Clark|James Keach|Amy Madigan|Sally Kirkland,Amy Holden Jones,Amy Holden Jones
385636,Juliet and Alfa Romeo,Dario Nožić Serini|Jan Gerl Korenc|Špela Colja|Katja Škofić|Ana Dolinar|Andrej Nahtigal|Lena Capuder,Blaž Završnik,Dimitrije Vojnov|Danilo Bećković|Blaž Završnik|Andrej Zupanec
14438,Fireproof,Kirk Cameron|Erin Bethea|Ken Bevel|Stephen Dervan|Eric Young|Jason McLeod|Harris Malcom|Phyllis Malcom|Perry Revell|Stephanie Makulinski,Alex Kendrick,Alex Kendrick|Stephen Kendrick
211086,Faith Connections,Bhole Baba|Hatha Yogi Baba|Pant Shirt Baba|Baby Bajrangi|Shriman Umeshanad Brahmachari|Vivekanand Brahmachari|Mamta Devi|Sony Nishaad|Indrapal Singh|Kishan Tiwari,Pan Nalin,Pan Nalin
23069,Benji,Patsy Garrett|Allen Fiuzat|Cynthia Smith|Peter Breck|Frances Bavier|Terry Carter|Edgar Buchanan|Tom Lester|Christopher Connelly|Deborah Walley,Joe Camp,
83,Open Water,Blanchard Ryan|Daniel Travis|Saul Stein|Michael E. Williamson|Christina Zenato|John Charles,Chris Kentis,Chris Kentis
89857,High Road,Kathryn Burns|Lizzy Caplan|Michael Coleman|Andrew Daly|Rich Fulcher|Kyle Gass|Curtis Gwinn|Brandon Johnson|Matt Jones|Ed Helms,Matt Walsh,Matt Walsh|Josh Weiner
30315,Kingdom of the Spiders,William Shatner|Tiffany Bolling|Woody Strode|Lieux Dressler|David McLean|Natasha Ryan|Altovise Davis|Joe Ross|Marcy Lafferty|Hoke Howell,John 'Bud' Cardos,Alan Caillou|Richard Robinson|Stephen Lodge|Jeffrey M. Sneller
14358,Mad Hot Ballroom,,Marilyn Agrelo,Amy Sewell
2056,The Station Agent,Peter Dinklage|Patricia Clarkson|Bobby Cannavale|Michelle Williams|Raven Goodwin|Josh Pais|John Slattery|Jayce Bartok|Joe Lo Truglio|Paul Benjamin,Tom McCarthy,Tom McCarthy
41144,To Save A Life,Randy Wayne|Deja Kreutzberg|Joshua Weigel|Steven Crowder|Kim Hidalgo|D. David Morin|Sean Michael Afable|Trinity Scott Brown,Brian Baugh,
35199,Wordplay,Will Shortz|Merl Reagle|Tyler Hinman|Trip Payne|Al Sanders|Ellen Ripstein|Jon Delfin|Bill Clinton|Jon Stewart,Patrick Creadon,Patrick Creadon|Christine O'Malley
14271,Beyond the Mat,Mick Foley|Terry Funk|Vince McMahon|Dwayne Johnson|Jake Roberts|Jesse Ventura|Noelle Foley|Barry W. Blaustein|Michael Manna|Scott Anthony Levy,Barry W. Blaustein,Barry W. Blaustein
16653,The Singles Ward,Will Swenson|Connie Young|Daryn Tufts|Michael Birkeland|Lincoln Hoppe|Kirby Heyborne,Kurt Hale,Kurt Hale
14757,Osama,Marina Golbahari|Arif Herati|Zubaida Sahar|Mohammad Nadir Khwaja,Siddiq Barmak,Siddiq Barmak
84401,Sholem Aleichem: Laughing In The Darkness,Rachel Dratch|Hillel Halkin|Jason Kravitz|Dan Miron|Peter Riegert|Alan Rosenberg|David Roskies|Ruth Wisse,Joseph Dorman,Joseph Dorman
23655,Groove,Hamish Linklater|Denny Kirkwood|Mackenzie Firgens|Lola Glaudini|Steve Van Wormer|Rachel True|Vincent Riverside|Dmitri Ponce|Ari Gold|Aaron Langridge,Greg Harrison,Greg Harrison
36825,The R.M.,Kirby Heyborne,Kurt Hale,
33430,Twin Falls Idaho,Mark Polish|Michael Polish|Michele Hicks|Jon Gries|Patrick Bauchau|Garrett Morris|Lesley Ann Warren,Michael Polish,Mark Polish
12281,Mean Creek,Rory Culkin|Scott Mechlowicz|Trevor Morgan|Josh Peck|Ryan Kelley|Carly Schroeder|Branden Williams,Jacob Aaron Estes,Jacob Aaron Estes
125052,Hurricane Streets,Brendan Sexton III|Antoine McLean|Mtume Gant|Carlo Alban|David Roland Frank,Morgan J. Freeman,Morgan J. Freeman
96238,Never Again,Jeffrey Tambor|Jill Clayburgh|Caroline Aaron|Bill Duke|Sandy Duncan|Michael McKean|Bill Weeden|Eric Axen|David Bailey|Tom Cappadona,Eric Schaeffer,Eric Schaeffer
30246,Civil Brand,LisaRaye McCoy|N'Bushe Wright|Monica Calhoun|Clifton Powell|Yasiin Bey|Da Brat|Tichina Arnold,Neema Barnette,
7301,Lonesome Jim,Casey Affleck|Kevin Corrigan|Liv Tyler|Mary Kay Place|Seymour Cassel|Rachel Strouse|Sarah Strouse|Rick Duplissie|Mark Boone Junior|Jake La Botz,Steve Buscemi,Jim Strouse
172533,Drinking Buddies,Olivia Wilde|Jake Johnson|Anna Kendrick|Ron Livingston|Ti West|Jason Sudeikis|Mike Brune|Frank V. Ross|Michael Gaertner|Kristin Davis,Joe Swanberg,Joe Swanberg
180383,Deceptive Practice: The Mysteries and Mentors of Ricky Jay,Ricky Jay|Dick Cavett|Winston Simon|David Mamet|Persi Diaconis,Molly Bernstein,
346,Seven Samurai,Toshirō Mifune|Takashi Shimura|Yoshio Inaba|Seiji Miyaguchi|Minoru Chiaki|Daisuke Katô|Isao Kimura|Keiko Tsushima|Yukiko Shimazaki|Kamatari Fujiwara,Akira Kurosawa,Akira Kurosawa|Shinobu Hashimoto|Hideo Oguni
84318,The Other Dream Team,Greg Speirs|Jim Lampley|Bill Walton|Dan Majerle|Mickey Hart|Arvydas Sabonis|David Stern|David Remnick|Jonas Valanciunas|Zydrunas Ilgauskas,Marius Markevicius,Marius A. Markevicius|Jon Weinbach
45145,Johnny Suede,Brad Pitt|Calvin Levels|Catherine Keener|Nick Cave|Alison Moir|Samuel L. Jackson,Tom DiCillo,Tom DiCillo
13983,Finishing The Game,Roger Fan|Sung Kang|Monique Gabriela Curnen|Meredith Scott Lynn|Sam Bottoms|Jake Sandvig|Ron Jeremy|Mousa Kraish|McCaleb Burnett|Dustin Nguyen,Justin Lin,Justin Lin
45649,Rubber,Thomas F. Duffy|David Bowe|Stephen Spinella|Roxane Mesquida|Jack Plotnick|Wings Hauser|Ethan Cohn|Charley Koontz|Daniel Quinn|Devin Brochu,Quentin Dupieux,Quentin Dupieux
19844,Kiss the Bride,Tori Spelling|Les Williams,C. Jay Cox,
21801,The Slaughter Rule,Ryan Gosling|David Morse|Clea DuVall|Amy Adams|David Cale|Eddie Spears|Kelly Lynch|Ken White|Noah Watts|Kim DeLong,Alex Smith|Andrew J. Smith,Alex Smith|Andrew J. Smith
43933,Monsters,Whitney Able|Scoot McNairy|Annalee Jefferies|Kevon Kane|Fernando Lara,Gareth Edwards,Gareth Edwards
73511,The Californians,Noah Wyle|Illeana Douglas|Kate Mara|Cloris Leachman|Joanne Whalley|Keith Carradine|Valerie Perrine|Jane Lynch|Michael Panes|Erika Luckett,Jonathan Parker,Henry James|Jonathan Parker|Catherine DiNapoli
43653,The Living Wake,Jesse Eisenberg|Mike O'Connell|Jim Gaffigan|Ann Dowd|Colombe Jacobsen-Derstine|Eddie Pepitone,Sol Tryon,Mike O'Connell|Peter Kline
139715,Detention of the Dead,Jacob Zachar|Alexa Nikolas|Christa Brittany  Allen|Jayson Blair|Justin Chon|Max Adler|Joseph Porter|Michele Messmer |Jonathan Coogan|Adam DeFilippi,Alex Craig Mann,Alex Craig Mann
45380,Crazy Stone,Guo Tao|Liu Hua|Liu Gang|Xu Zheng|Huang Bo|Yue Xiao-jun|Wang Xun|Peng Bo|Luo Lan|Hou Shu,Ning Hao,Zhou Zhiyong
30867,Scott Walker: 30 Century Man,Scott Walker|Damon Albarn|David Bowie|Jarvis Cocker|Marc Almond|Sting|Johnny Marr,Stephen Kijak,
81220,Everything Put Together,Radha Mitchell|Megan Mullally|Catherine Lloyd Burns|Jacqueline Heinze|Alan Ruck|Octavia Spencer,Marc Forster,Catherine Lloyd Burns|Adam Forgash
253626,Good Kill,Ethan Hawke|January Jones|Zoë Kravitz|Jake Abel|Bruce Greenwood|Alma Sisneros|Kristen Rakes|Dylan Kenin|Michael Sheets|Peter Coyote,Andrew Niccol,Andrew Niccol
294550,The Outrageous Sophie Tucker,,William Gazecki,
90369,Now Is Good,Dakota Fanning|Jeremy Irvine|Kaya Scodelario|Olivia Williams|Paddy Considine|Edgar Canham|Joe Cole|Rose Leslie|Franz Drameh|Julia Ford,Ol Parker,Ol Parker
117942,Girls Gone Dead,Katie Peterson|Shea Stewart|Brandy Whitford|Caley Hayes|Ryan Keely|Krystyna Ahlers|David Ausem|Tony Batman|Vincent Chimato|Ron Jeremy,Michael Hoffman Jr.|Aaron T. Wells,Michael Hoffman Jr.|Meghan Jones|Ryan Dee
380097,America Is Still the Place,,,
322194,Subconscious,Tim Abell|Naomi Brockwell|Aleisha Force|Tom Stedham|Cambridge Jones|Dominick Mancino|Peter Barry|Peter Barry,Georgia Hilton,Georgia Hilton
98568,Enter Nowhere,Katherine Waterston|Scott Eastwood|Sara Paxton|Shaun Sipos|Christopher Denham|Jesse Perez|Leigh Lezark,Jack Heller,Shawn Christensen|Jason Dolan
119657,El Rey de Najayo,Manny Pérez|Luz Garcia|Sergio Carlo|Juan Maria Almonte|Rafael Estephan|Socrates Montas|Omar Ramirez,Fernando Baez Mella,Fernando Baez Mella|Franklin Soto
380733,Fight to the Finish,Jennifer Hale|Evan Hannemann|Tonya Kay|Anna Ross|Tamara Rey|Vincent De Paul,Warren Sheppard,
285743,Alleluia! The Devil's Carnival,Terrance Zdunich|Paul Sorvino|Marc Senter|Emilie Autumn|Nivek Ogre|Adam Pascal|Dayton Callie|Tech N9ne|Briana Evigan|Barry Bostwick,Darren Lynn Bousman,Terrance Zdunich
362765,The Sound and the Shadow,Joseph E. Murray|Alex Anfanger|Rhomeyn Johnson|Mary Kate Wiles,Justin Paul Miller,Justin Paul Miller|Sam Zvibleman
379532,Rodeo Girl,Kevin Sorbo|Sophie Bolen|Derek Brandon|Carrie Bradstreet|Tiffany Burns|Rose Anne Nepa|Joel Paul Reisig|Mark Boyd|Sherryl Despres|Jacqueline Labadie,Joel Paul Reisig,Aletha Rodgers|Tricia Hopper
253261,Born to Fly: Elizabeth Streb vs. Gravity,Elizabeth Streb|Fabio Tavares|Sarah Callan|Jaclyn Carlson|Leonardo Giron|Felix Hess,Catherine Gund,
297100,The Little Ponderosa Zoo,,,
15239,The Toxic Avenger,Mitch Cohen|Andree Maranda|Jennifer Prichard|Cindy Manion|Robert Prichard|Gary Schneider|Pat Ryan|Mark Torgl|Dick Martinsen|Chris Liano,Lloyd Kaufman|Michael Herz,Lloyd Kaufman|Joe Ritter
94072,Straight Out of Brooklyn,,Matty Rich,
4107,Bloody Sunday,James Nesbitt|Allan Gildea|Gerard Crossan|Mary Moulds|Carmel McCallion|Tim Pigott-Smith|Nicholas Farrell|Christopher Villiers|James Hewitt|Declan Duddy,Paul Greengrass,Paul Greengrass
325579,Diamond Ruff,,,
15624,Conversations with Other Women,Helena Bonham Carter|Aaron Eckhart|Yury Tsykun|Brian Geraghty|Brianna Brown|Nora Zehetner|Olivia Wilde,Hans Canosa,Gabrielle Zevin
17287,Poultrygeist: Night of the Chicken Dead,Jason Yachanin|Kate Graham|Allyson Sereboff|Robin L. Watkins|Joshua Olatunde|Caleb Emerson|Rose Ghavami|Khalid Rivera|Joe Fleishaker|Lloyd Kaufman,Lloyd Kaufman,Lloyd Kaufman|Gabriel Friedman|Daniel Bova
198370,Mutual Friends,Caitlin Fitzgerald|Cheyenne Jackson|Peter Scanavino|Michael Stahl-David|Christina Cole|Jennifer Lafleur|Ross Partridge|Annika Peterson,Matthew Watts,
3062,42nd Street,Warner Baxter|Bebe Daniels|George Brent|Ruby Keeler|Guy Kibbee|Una Merkel|Ginger Rogers|Ned Sparks|Dick Powell|Allen Jenkins,Lloyd Bacon,Bradford Ropes|Rian James|James Seymour|Whitney Bolton
328307,Rise of the Entrepreneur: The Search for a Better Way,,,
15389,Metropolitan,Edward Clements|Chris Eigeman|Taylor Nichols|Carolyn Farina|Isabel Gillies|Dylan Hundley,Whit Stillman,Whit Stillman
464,As It Is in Heaven,Michael Nyqvist|Frida Hallgren|Helen Sjöholm|Lennart Jähkel|Ingela Olsson|Verena Buratti|Ulla-Britt Norrman-Olsson|Per Morberg|Barbro Kollberg|Niklas Falk,Kay Pollak,Kay Pollak|Anders Nyberg|Ola Olsson|Carin Pollak|Margaretha Pollak
308467,Roadside,Ace Marrero|Katie Stegeman,Eric England,
8193,Napoleon Dynamite,Jon Heder|Aaron Ruell|Jon Gries|Efren Ramirez|Shondrella Avery|Haylie Duff|Tina Majorino|Diedrich Bader|Sandy Martin|Trevor Snarr,Jared Hess,Jared Hess
188166,Blue Ruin,Macon Blair|Devin Ratray|Amy Hargreaves|Kevin Kolack|Eve Plumb|David W. Thompson|Brent Werzner|Stacy Rock|Sidné Anderson|Bonnie Johnson,Jeremy Saulnier,Jeremy Saulnier
23827,Paranormal Activity,Katie Featherston|Micah Sloat|Mark Fredrichs|Amber Armstrong|Ashley Palmer,Oren Peli,Oren Peli
1282,Dogtown and Z-Boys,Sean Penn|Jay Adams|Henry Rollins|Steve Caballero|Tony Hawk|Jeff Ament|Tony Alva|Jeff Ho|Jake Phelps,Stacy Peralta,Stacy Peralta|Craig Stecyk
762,Monty Python and the Holy Grail,Graham Chapman|John Cleese|Terry Gilliam|Eric Idle|Terry Jones|Michael Palin|Connie Booth|Carol Cleveland|Neil Innes|Bee Duffell,Terry Gilliam|Terry Jones,Terry Gilliam|Michael Palin|Terry Jones|Graham Chapman|John Cleese|Eric Idle
64499,Quinceañera,Emily Rios|Jesse Garcia|Chalo González|David W. Ross|Ramiro Iniguez|Araceli Guzman-Rico|Jesus Castanos|Johnny Chavez,Richard Glatzer|Wash Westmoreland,Richard Glatzer|Wash Westmoreland
281189,Gory Gory Hallelujah,,Sue Corcoran,
1435,Tarnation,Renee Leblanc|Adolph Davis|Jonathan Caouette|Rosemary Davis|David Sanin Paz,Jonathan Caouette,Jonathan Caouette
47546,I Want Your Money,,,
189711,Love in the Time of Monsters,Kane Hodder|Doug Jones|Gena Shaw|Marissa Skell|Michael McShane|Shawn Weatherly|Hugo Armstrong|Heather Rae Young,Matt Jackson,Michael Skvaria
19204,The Beyond,Catriona MacColl|David Warbeck|Cinzia Monreale|Antoine Saint-John|Veronica Lazar|Al Cliver|Michele Mirabella|Laura De Marchi|Giovanni De Nava|Anthony Flees,Lucio Fulci,Lucio Fulci|Dardano Sacchetti|Giorgio Mariuzzo
9029,What Happens in Vegas,Ashton Kutcher|Cameron Diaz|Lake Bell|Queen Latifah|Treat Williams|Michelle Krusiec|Dennis Miller|Dennis Farina|Jason Sudeikis|Zach Galifianakis,Tom Vaughan,Dana Fox
18045,The Dark Hours,Kate Greenhouse|Aidan Devine|Gordon Currie|Iris Graham|Dov Tiefenbach|David Calderisi|Jeff Seymour|Trevor Hayes|Bruce McFee,Paul Fox,Wil Zmak
11240,My Beautiful Laundrette,Gordon Warnecke|Daniel Day-Lewis|Roshan Seth|Saeed Jaffrey|Derrick Branche|Rita Wolf|Souad Faress|Shirley Anne Field|Richard Graham|Garry Cooper,Stephen Frears,Hanif Kureishi
43743,Fabled,,,
157909,Show Me,Michelle Nolden|Katharine Isabelle|Kett Turton|Gabriel Hogan|Allegra Fulton,Cassandra Nicolaou,Cassandra Nicolaou
10238,Cries and Whispers,Harriet Andersson|Ingrid Thulin|Kari Sylwan|Liv Ullmann|Erland Josephson|Henning Moritzen|Georg Årlin|Ingmar Bergman,Ingmar Bergman,Ingmar Bergman
3059,Intolerance,Lillian Gish|Mae Marsh|Robert Harron|F.A. Turner|Sam De Grasse|Vera Lewis|Lillian Langdon|Olga Grey|Erich von Ritzau|Bessie Love,D.W. Griffith,Tod Browning|Anita Loos|Frank E. Woods|D.W. Griffith
15800,Trekkies,Denise Crosby|Barbara Adams|Majel Barrett|James Doohan|DeForest Kelley|Leonard Nimoy|Michael Dorn|LeVar Burton|William Shatner|George Takei,Roger Nygard,
65203,The Broadway Melody,Charles King|Anita Page|Bessie Love|Nacio Herb Brown|Mary Doran|Arthur Freed|James Gleason|Eddie Kane|Carla Laemmle|Jed Prouty,Harry Beaumont,Edmund Goulding
764,The Evil Dead,Bruce Campbell|Ellen Sandweiss|Richard DeManincor|Betsy Baker|Theresa Tilly|Sam Raimi|Philip A. Gillis|Dorothy Tapert|Cheryl Guttridge|Barbara Carey,Sam Raimi,Sam Raimi
103620,Maniac,Elijah Wood|America Olivo|Nora Arnezeder|Zoe Aggeliki|Jan Broberg|Joshua De La Garza|Dan Hunter|Genevieve Alexandra|Liane Balaban|Megan Duffy,Franck Khalfoun,William Lustig|Grégory Levasseur|Alexandre Aja
319069,Censored Voices,Amos Oz,Mor Loushy,Mor Loushy|Daniel Sivan
14278,Murderball,Joe Bishop|Keith Cavill|Andy Cohn|Scott Hogsett|Christopher Igoe,Henry Alex Rubin|Dana Adam Shapiro,Jamie Saft
25678,American Ninja 2: The Confrontation,Michael Dudikoff|Steve James|Larry Poindexter|Gary Conway|Jeff Celentano|Michelle Botes|Mike Stone|Len Sparrowhawk|Jonathan Pienaar|Bill Curry,Sam Firstenberg,Gary Conway|James Booth|Avi Kleinberger|Gideon Amir
79161,51 Birch Street,Carol Block|Doug Block|Ellen Block,Doug Block,
371690,Rotor DR1,Christian Kapper|Natalie Welch|Tom E. Nicholson|Steve Moses|Patrick Casteel|Ryker Marsh|Rick Montgomery Jr.|David Windestål|Bruno Gunn|Scott Davis,Chad Kapper,Scott Windhauser|Seth Yergin|Steve Moses|Megan Ryberg
389,12 Angry Men,Henry Fonda|Martin Balsam|John Fiedler|Lee J. Cobb|E.G. Marshall|Jack Klugman|Edward Binns|Jack Warden|Joseph Sweeney|Ed Begley,Sidney Lumet,Reginald Rose
52032,My Dog Tulip,Christopher Plummer|Lynn Redgrave|Isabella Rossellini|Peter Gerety|Brian Murray|Paul Hecht|Euan Morton,Paul Fierlinger|Sandra Fierlinger,Paul Fierlinger|Sandra Fierlinger|J.R. Ackerley
3078,It Happened One Night,Clark Gable|Claudette Colbert|Walter Connolly|Roscoe Karns|Jameson Thomas|Alan Hale|Arthur Hoyt|Blanche Friderici|Charles C. Wilson|Ward Bond,Frank Capra,Robert Riskin|Samuel Hopkins Adams
38810,Dogtooth,Hristos Passalis|Angeliki Papoulia|Mary Tsoni|Christos Stergioglou|Michele Valley|Anna Kalaitzidou|Steve Krikris|Sissy Petropoulou|Alexander Voulgaris,Yorgos Lanthimos,Yorgos Lanthimos|Efthymis Filippou
21525,Tupac: Resurrection,Tupac Amaru Shakur,Lauren Lazin,
55123,Tumbleweeds,Janet McTeer|Kimberly J. Brown|Jennifer Paige,Gavin O'Connor,
11980,The Prophecy,Christopher Walken|Elias Koteas|Virginia Madsen|Eric Stoltz|Adam Goldberg|Viggo Mortensen|Amanda Plummer|Shawn Nelson|Emily Conforto,Gregory Widen,Gregory Widen
11956,When the Cat's Away,Garance Clavel|Zinedine Soualem|Renée Le Calm|Olivier Py|Simon Abkarian|Marilyne Canto|Antoine Chappey|Romain Duris|Hélène de Fougerolles|Eric Savin,Cédric Klapisch,Cédric Klapisch
1550,Pieces of April,Katie Holmes|Derek Luke|Patricia Clarkson|Oliver Platt|Alison Pill|John Gallagher Jr.|Alice Drummond|Lillias White|Isiah Whitlock Jr.|Vitali Baganov,Peter Hedges,Peter Hedges
162396,The Big Swap,Mark Adams|Mark Caven|Allison Egan|Jackie Sawiris|Kevin Howarth,Niall Johnson,
26518,Old Joy,Daniel London|Will Oldham|Tanya Smith|Robin Rosenberg|Keri Moran|Autumn Campbell|Steve Doughton|Matt McCormick|Darren Prolsen|Jillian Wieseneck,Kelly Reichardt,Kelly Reichardt|Jonathan Raymond
8942,Wendy and Lucy,Michelle Williams|Will Patton|Will Oldham|John Robinson,Kelly Reichardt,Kelly Reichardt|Jonathan Raymond
68412,3 Backyards,Edie Falco|Embeth Davidtz|Elias Koteas|Rachel Resheff|Kathryn Erbe|Danai Gurira|Dana Eskelson|Kathy Searle|Peyton List,Eric Mendelsohn,Eric Mendelsohn
2786,Pierrot le Fou,Jean-Paul Belmondo|Anna Karina|Graziella Galvani|Dirk Sanders|Jimmy Karoubi|Roger Dutoit|Hans Meyer|Samuel Fuller|Aicha Abadir|Raymond Devos,Jean-Luc Godard,Lionel White|Jean-Luc Godard
87943,Sisters in Law,,Kim Longinotto|Florence Ayisi,Kim Longinotto|Florence Ayisi
73981,Ayurveda: Art of Being,,Pan Nalin,
91721,Nothing But a Man,Ivan Dixon|Abbey Lincoln|Julius Harris|Gloria Foster|Martin Priest|Leonard Parker|Yaphet Kotto|Stanley Greene|Helen Lounck|Helene Arrindell,Michael Roemer,Michael Roemer|Robert M. Young	
118452,"First Love, Last Rites",Giovanni Ribisi|Natasha Gregson Wagner|Donal Logue|Robert John Burke|Jeannetta Arnette|Eli Marienthal,Jesse Peretz,Ian McEwan|David Ryan
47534,Fighting Tommy Riley,J.P. Davis|Eddie Jones|Christina Chambers|Diane Tayler,Eddie O'Flaherty,J.P. Davis
40914,Royal Kill,Pat Morita|Eric Roberts|Gail Kim|Lalaine|Alexander Wraith|Jeannie Crist|Nicole Brown|Darren Kendrick,Babar Ahmed,Babar Ahmed
365052,The Looking Glass,Dorothy Tristan|Jace Casey|Jace Casey|Harry Musselwhite|Elizabeth Stenholt|Jeff Puckett|Dallas Tolentino|Grace Tarnow,John D. Hancock,Dorothy Tristan
13282,Death Race 2000,David Carradine|Simone Griffeth|Sylvester Stallone|Mary Woronov|Roberta Collins|Martin Kove|Louisa Moritz|Don Steele|Joyce Jameson|Harriet Medin,Paul Bartel,Ib Melchior|Charles B. Griffith|Robert Thom
250184,Locker 13,Ricky Schroder|Jon Gries|Tatyana Ali|Jason Marsden|Rick Hoffman|Curtis Armstrong|David Huddleston|Marina Benedict|Jason Spisak|Jon Polito,Jason Marsden|Bruce Dellis,Jason Marsden|Bruce Dellis
426067,Midnight Cabaret,Lisa Hart Carroll|Michael Des Barres|Paul Drake|Laura Harrington|Thom Mathews|Carolyn Seymour|Leonard Termo|Norbert Weisser|Lydie Denier|Christina Whitaker,Pece Dingo,
324352,Anderson's Cross,Joanna Cassidy|Joyce Guy|Bill Moseley|Jerome Elston Scott|Alan Blumenfeld|Art Evans|Nicholas Downs|Heather Bergdahl|Micah Stuart|Michael Warren,Jerome Elston Scott,Jerome Elston Scott
318040,Bizarre,Pierre Prieur|Adrian James|Raquel Nave|Rebekah Underhill|Charlie Himmelstein|Luc Bierme|Pier Richard|Freddy Morgan|Michael Glover,Étienne Faure,Étienne Faure
27420,Graduation Day,Christopher George|Billy Hufsey|Patch Mackenzie|E. Danny Murphy|E. J. Peaker|Michael Pataki|Linnea Quigley|Richard Balin|Denise Cheshire|Carmen Argenziano,Herb Freed,Herb Freed|Anne Marisse|David Baughn
80468,Some Guy Who Kills People,Kevin Corrigan|Barry Bostwick|Karen Black|Leo Fitzpatrick|Ariel Gade|Lucy Davis|Ahmed Best|Janie Haddad Tompkins|Laura Kightlinger|Vanessa Mizzone,Jack Perez,Ryan Levin
84188,Compliance,Ann Dowd|Dreama Walker|Pat Healy|Philip Ettinger|James McCaffrey|Ashlie Atkinson|Bill Camp|Nikiya Mathis|Ralph Rodriguez|Stephen Payne,Craig Zobel,Craig Zobel
2255,Chasing Amy,Ben Affleck|Joey Lauren Adams|Jason Lee|Dwight Ewell|Jason Mewes|Kevin Smith|Ethan Suplee|Scott Mosier|Casey Affleck|Matt Damon,Kevin Smith,Kevin Smith
50035,Lovely & Amazing,Catherine Keener|Brenda Blethyn|Emily Mortimer|Jake Gyllenhaal|James Le Gros|Dermot Mulroney|Troy Ruptash|Raven Goodwin|Dreya Weber|Clark Gregg,Nicole Holofcener,Nicole Holofcener
300327,Death Calls,,,
14290,Better Luck Tomorrow,Parry Shen|Jason Tobin|Sung Kang|Karin Anna Cheung|Roger Fan|Jerry Mathers|John Cho|Aaron Takahashi|Darian Weiss|Ariadne Shaffer,Justin Lin,
29371,The Incredibly True Adventure of Two Girls In Love,Laurel Holloman|Maggie Moore|Kate Stafford|Nicole Ari Parker|Toby Poser|Nelson Edwin Rodríguez|Dale Dickey|Andrew Wright|Katlin Tyler|Anna Padgett,Maria Maggenti,
44490,Chuck & Buck,Mike White|Chris Weitz|Lupe Ontiveros|Maya Rudolph|Paul Weitz|Beth Colt|Mary Wigmore|Paul Sand|Pamela Gordon,Miguel Arteta,Mike White
32222,American Desi,Kal Penn|Purva Bedi|Deep Katdare|Ronobir Lahiri|Rizwan Manji|Anil Kumar|Sunita Param|Aladdin Ullah|Eric Axen|Sanjit De Silva,Piyush Dinker Pandya,Piyush Dinker Pandya
378237,Amidst the Devil's Wings,,,
431,Cube,Nicole de Boer|Nicky Guadagni|David Hewlett|Andrew Miller|Julian Richings|Wayne Robson|Maurice Dean Wint,Vincenzo Natali,Vincenzo Natali|André Bijelic|Graeme Manson
76996,Love and Other Catastrophes,Matt Day|Matthew Dyktynski|Alice Garner|Frances O'Connor|Radha Mitchell|Suzi Dougherty|Kym Gyngell,Emma-Kate Croghan,Stavros Kazantzidis|Emma-Kate Croghan|Yael Bergman|Helen Bandis
51942,I Married a Strange Person!,Charis Michelsen|Tom Larson|Richard Spore,Bill Plympton,
1424,November,Courteney Cox|James Le Gros|Michael Ealy|Nora Dunn|Nick Offerman|Anne Archer|Matthew Carey|Robert Wu,Greg Harrison,Benjamin Brand
60420,Like Crazy,Anton Yelchin|Felicity Jones|Jennifer Lawrence|Charlie Bewley|Alex Kingston|Oliver Muirhead|Finola Hughes|Chris Messina|Ben York Jones|Edy Ganem,Drake Doremus,Ben York Jones|Drake Doremus
325123,Teeth and Blood,Glenn Plummer|Michelle Van Der Water|Danielle Vega|Greg Eagles,,
142132,Sugar Town,John Taylor|Michael Des Barres|Martin Kemp|Jade Gordon|Larry Klein|John Doe|Lucinda Jenney|Marion Moseley|Veronica Nommenson|Elena Nommenson,Allison Anders|Kurt Voss,Allison Anders|Kurt Voss
20520,The Motel,Jeffrey Chyau|Sung Kang|Jade Wu|Samantha Futerman|Alexis Chang|Stephen Chen|Conor J. White|Jackson Budinger|Clint Jordan|Eleanor Hutchins,Michael Kang,Michael Kang
109729,The Canyons,Lindsay Lohan|James Deen|Gus Van Sant|Nolan Gerard Funk|Amanda Brooks|Tenille Houston|Jarod Einsohn|Chris Zeischegg|Victor of Aquitaine|Jim Boeven,Paul Schrader,Bret Easton Ellis
78307,On the Outs,Judy Marte|Paola Mendoza|Flaco Navaja|Dominic Colón|Edward O'Blenis|Adepero Oduye,Lori Silverbush|Michael Skolnik,
12247,Shotgun Stories,Michael Shannon|Glenda Pannell|Lynnsee Provence|Douglas Ligon|Barlow Jacobs|Natalie Canerday|Tucker Prentiss|Vivian Morrison Norman|Michael Abbott Jr.|Coley Canpany,Jeff Nichols,Jeff Nichols
29917,Exam,Luke Mably|Adar Beck|Chris Carey|Gemma Chan|Nathalie Cox|John Lloyd Fillingham|Chukwudi Iwuji|Pollyanna McIntosh|Jimi Mistry|Colin Salmon,Stuart Hazeldine,Stuart Hazeldine|Simon Garrity
70687,The Sticky Fingers of Time,Terumi Matthews|Nicole Zaray|Belinda Becker|James Urbaniak|Thomas Pasley|Samantha Buck|Julie Anderson|Amanda Vogel|Leo Marks|Justin X. McAvoy,Hilary Brougher,Hilary Brougher
60463,Sunday School Musical,Chris Chatman|Candise Lakota|Krystle Connor|Robert Acinapura|Amy Ganser|Millena Gay|Dustin Fitzsimons|Cliff Tan|Mark Hengst|Rae Silva,Rachel Goldenberg,Rachel Goldenberg|Ashley Holloway
46252,Rust,Corbin Bernsen|Frank Gallacher|Lloyd Warner|Audrey Lynn Tennent,Corbin Bernsen,Corbin Bernsen
24869,Ink,Chris Kelly|Jessica Duffy|Quinn Hunchar|Jeremy Make|Jennifer Batter|Eme Ikwuakor|Shelby Malone|Steve Sealy|Shannan Steele|Steven Brown,Jamin Winans,Jamin Winans
77934,The Christmas Bunny,Sophie Bolen|Madeline Vail |Colby French|Florence Henderson|Charles Beale |Andrew Twifford |Michael J. Blashill |Kimberly Harsch |Michele Messmer |Derek Brandon,Tom Seidman ,Tom Seidman 
34697,Butterfly,Stacy Keach|Pia Zadora|Orson Welles|Ed McMahon|June Lockhart|Lois Nettleton|Edward Albert|James Franciscus|Stuart Whitman,Matt Cimber,James M. Cain|John F. Goff|Matt Cimber
320435,UnDivided,,,
150211,The Frozen,Brit Morgan|Noah Segan,Andrew Hyatt,
306667,Horse Camp,Jordan Trovillion|Dean Cain|Sherryl Despres|Dana Blackstone|Annelyse Ahmad|Joshua Ray Bell|Carl Harry Carlson|Kristin Mellian|Sharron Nelson|Joel Paul Reisig,Joel Paul Reisig,Joel Paul Reisig
274758,Give Me Shelter,Katie Cleary|Robert Davi|Carole Davis|Alison Eastwood|Tippi Hedren|Elaine Hendrix|Andrea C. Kelley|Carly Lyn|Esai Morales|Richard O'Barry,Kristin Rizzo,Katie Cleary
3060,The Big Parade,John Gilbert|Renée Adorée|Hobart Bosworth|Claire McDowell|Claire Adams|Robert Ober|Tom O'Brien|Karl Dane|Kathleen Key|Rosita Marstini,King Vidor,Joseph Farnham|Harry Behn
40963,Little Big Top,Sid Haig|Richard Riehle|Mel England|Jacob Zachar|Travis Betz,,
173224,Along the Roadside,Michael Madsen|Iman Crosson|Lazar Ristovski,Zoran Lisinac,Zoran Lisinac
18533,Bronson,Tom Hardy|Matt King|James Lance|Kelly Adams|Katy Barker|Amanda Burton|Andrew Forbes|Jon House|Juliet Oldfield|Mark Powley,Nicolas Winding Refn,Nicolas Winding Refn|Brock Norman Brock
376010,Western Religion,Peter Shinkoda|Merik Tadros|Peter Sherayko|Miles Szanto|Jonathan Erickson Eisley|Jen Kuhn|Ardeshir Radpour|Claude Duhamel|James Anthony Cotton|Stig Eldred,James O'Brien,James O'Brien
139948,Burn,"Donald Austin|Brendan ""Doogie"" Milewski|Dave Parnell",Tom Putnam|Brenna Sanchez,
77332,Urbania,Dan Futterman|Matt Keeslar|Samuel Ball|Lothaire Bluteau|Alan Cumming|Josh Hamilton|James Simon|Megan Dodds|Gabriel Olds|Barbara Sukowa,Jon Matthews,
70478,The Stewardesses,Christina Hart|Ronald South|William Condos|Anita de Moulin|Paula Erikson|Kathy Ferrick|Janet Wass|Donna Stanley|Jerry Litvinoff|Patricia Fein,Al Silliman Jr.,
35073,"The Beast from 20,000 Fathoms",Paul Hubschmid|Paula Raymond|Cecil Kellaway|Kenneth Tobey|Donald Woods|Lee Van Cleef|Steve Brodie|Ross Elliott|Jack Pennick|Ray Hyke,Eugène Lourié,Louis Morheim|Ray Bradbury|Fred Freiberger
9659,Mad Max,Mel Gibson|Joanne Samuel|Hugh Keays-Byrne|Steve Bisley|Tim Burns|Roger Ward|Lisa Aldenhoven|David Bracks|Bertrand Cadart|David Cameron,George Miller,George Miller|James McCausland|Byron Kennedy
10218,Swingers,Jon Favreau|Vince Vaughn|Ron Livingston|Patrick Van Horn|Alex Désert|Heather Graham|Deena Martin|Katherine Kendall|Brooke Langton|Blake Lindsley,Doug Liman,Jon Favreau
391,A Fistful of Dollars,Clint Eastwood|Marianne Koch|Gian Maria Volonté|Wolfgang Lukschy|José Calvo|Sieghardt Rupp|Antonio Prieto|Margarita Lozano|Daniel Martín|Bruno Carotenuto,Sergio Leone,Sergio Leone|Víctor Andrés Catena|Jaime Comas Gil
43595,She Done Him Wrong,Mae West|Cary Grant|Owen Moore|Gilbert Roland|Noah Beery|David Landau|Rafaela Ottiano|Dewey Robinson|Rochelle Hudson|Tammany Young,Lowell Sherman,Mae West|Harvey F. Thew
194588,Short Cut to Nirvana: Kumbh Mela,,,
54897,The Grace Card,"Michael Joiner|Michael Higgenbottom|Louis Gossett, Jr.|Cindy Hodge",David Evans ,Howard Klausner
83588,Middle of Nowhere,David Oyelowo|Maya Gilbert|Sharon Lawrence|Emayatzy Corinealdi|Dondre Whitfield|Omari Hardwick|Lorraine Toussaint|Andy Spencer|Edwina Findley Dickerson,Ava DuVernay,Ava DuVernay
53256,Three,Sophie Rois|Sebastian Schipper|Devid Striesow|Annedore Kleist|Alexander Hörbe|Winnie Böwe|Hans-Uwe Bauer|Peter Benedict|Georgette Dee|Cedric Eich,Tom Tykwer,Tom Tykwer
40920,The Business of Fancydancing,Evan Adams|Michelle St. John|Gene Tagaban|Swil Kanim|Rebecca Carroll|Cynthia Geary|Leo Rossi|Leo Rossi|Arthur Tulee|Jim Boyd,Sherman Alexie,Sherman Alexie
287815,Call + Response,,Justin Dillon,
54702,Malevolence,Samantha Dark|Heather Magee|Richard Glover|R. Brandon Johnson,Stevan Mena,Stevan Mena
176074,Reality Show,Adam Rifkin|Kelley Menighan Hensley|Kendra Sue Waldman|Scott Anderson,Adam Rifkin,Adam Rifkin
69270,Super Hybrid,Shannon Beckner|Oded Fehr|Ryan Kennedy|Adrien Dorval|Duncan Fisher|Josh Strait|Kent Nolan|Melanie Papalia,Eric Valette,Benjamin Carr
5759,Baghead,Ross Partridge|Steve Zissis|Greta Gerwig|Elise Muller|Jett Garner|Jennifer Lafleur|Darrell Bryant|Cass Naumann|Anthony Cristo|Jen Tracy,Jay Duplass|Mark Duplass,Jay Duplass|Mark Duplass
402515,American Beast,Armin Habibovich|Victoria Lachelle|Livingston Oden|Taylor Scott Olson,Livingston Oden|Taylor Scott Olson,
126141,The Case of the Grinning Cat,,Chris Marker,
48035,Ordet,Birgitte Federspiel|Preben Lerdorff Rye|Henrik Malberg|Emil Hass Christensen|Ejner Federspiel,Carl Theodor Dreyer,Carl Theodor Dreyer|Kaj Munk
14758,Good Dick,Marianna Palka|Jason Ritter|Eric Edelstein|Martin Starr|Mark Webber|Tom Arnold|Amanda Barnett|Amberlee Colson|Charles Durning|Seth Gabel,Marianna Palka,Marianna Palka
13363,The Man from Earth,David Lee Smith|Tony Todd|John Billingsley|Ellen Crawford|Annika Peterson|Alexis Thorpe|William Katt|Richard Riehle|Steven Littles|Chase Sprague,Richard Schenkman,Jerome Bixby
37985,The Trials Of Darryl Hunt,,Ricki Stern|Anne Sundberg,
25786,Samantha: An American Girl Holiday,Mia Farrow|AnnaSophia Robb|Olivia Ballantyne|Kelsey Lewis|Jordan Bridges|Rebecca Mader|Keir Gilchrist,Nadia Tass,Marsha Norman
36549,Yesterday Was a Lie,Chase Masterson|John Newton|Kipleigh Brown|Mik Scriba|Nathan Mobley|Warren Davis|Megan Henning|Jennifer Slimko|Peter Mayhew,James Kerwin,James Kerwin
361398,Theresa Is a Mother,Edie McClurg|C. Fraser Press|Richard Poe|Robert Turano|Matthew Gumley|Schuyler Press|Maeve Press|Amaya Press,Darren Press|C. Fraser Press,C. Fraser Press
289180,H.,Robin Bartlett|Rebecca Dayan|Will Janowitz|Julian Gamble,Rania Attieh|Daniel Garcia,Rania Attieh|Daniel Garcia
288927,Archaeology of a Woman,Sally Kirkland|Victoria Clark|James Murtaugh|Karl Geary|Mary Testa|Elaine Bromka,Sharon Greytak,Sharon Greytak
21334,Children of Heaven,Mohammad Amir Naji|Amir Farrokh Hashemian|Bahare Seddiqi,Majid Majidi,Majid Majidi
79120,Weekend,Tom Cullen|Chris New|Jonathan Race|Laura Freeman|Loreto Murray,Andrew Haigh,Andrew Haigh
27995,She's Gotta Have It,Tracy Camilla Johns|Tommy Redmond Hicks|John Canada Terrell|Spike Lee|Raye Dowell|Joie Lee|S. Epatha Merkerson,Spike Lee,Spike Lee
253290,Butterfly Girl,,Cary Bell,
344466,The World Is Mine,Ana Maria Guran|Iulia Ciochina|Oana Rusu|Ana Vatamanu|Florin Hritcu,Nicolae Constantin Tanase,Raluca Manescu
55420,Another Earth,William Mapother|Brit Marling|Matthew-Lee Erlbach|DJ Flava|Meggan Lennon|AJ Diana|Bruce Colbert|Paul S. Mezey|Ana Valle|Jeffrey Goldenberg,Mike Cahill,Mike Cahill|Brit Marling
5822,Sweet Sweetback's Baadasssss Song,Simon Chuckster|Melvin Van Peebles|Hubert Scales|Mario Van Peebles|John Dullaghan|John Amos|Lavelle Roby|Rhetta Hughes|Norman Fields|Joe Tornatore,Melvin Van Peebles,Melvin Van Peebles
408429,Perfect Cowboy,Ken Roht|Jeffrey Watkins|William Nicol|Sharon Bollum|Paul Sutherland|Paul Goldowitz|Joe Lev|Sienna Beckman|Asha Noel Iyer|Charla Cochran,Ken Roht,
39141,Tadpole,Aaron Stanford|Kate Mara|Bebe Neuwirth|John Ritter|Sigourney Weaver|Robert Iler|Peter Appel|Ron Rifkin|Alicia Van Couvering|Paul Butler,Gary Winick,Niels Mueller|Heather McGowan
5723,Once,Glen Hansard|Markéta Irglová|Hugh Walsh|Gerard Hendrick|Alaistair Foley|Geoff Minogue|Bill Hodnett|Danuse Ktrestova|Darren Healy|Mal Whyte,John Carney,John Carney
28666,The Woman Chaser,Patrick Warburton|Eugene Roche|Ron Morgan|Emily Newman|Paul Malevich|Lynette Bennett,Robinson Devor,Charles Willeford|Robinson Devor
30979,The Horse Boy,Simon Baron-Cohen|Temple Grandin|Roy Richard Grinker|Rowan Isaacson|Rupert Isaacson|Kristin Neff,Michel O. Scott,
50497,When the Lights Went Out,Kate Ashfield|Jo Hartley|Martin Compston|Steven Waddington|Craig Parkinson|Tasha Connor|Gary Lewis|Andrea Lowe|Tony Pitts|Molly Windsor,Pat Holden,Pat Holden
354624,Heroes of Dirt,Joel Moody|William Martinez|Vivienne VanHorn,Eric Bugbee,Eric Bugbee|Bob Massey
13187,A Charlie Brown Christmas,Ann Altieri|Chris Doran|Sally Dryer|Bill Melendez|Karen Mendelson|Geoffrey Ornstein|Peter Robbins|Tracy Stratford|Kathy Steinberg|Christopher Shea,Bill Melendez,Charles M. Schulz
335244,Antarctic Edge: 70° South,,Dena Seidel,
178862,Aroused,Lisa Ann|Kayden Kross|Belladonna|Katsuni|Teagan Presley|Ash Hollywood|Misty Stone|Tanya Tate|Asphyxia Noir|Jesse Jane,Deborah Anderson,
331745,Top Spin,,Sara Newens|Mina T. Son,
1779,Roger & Me,Michael Moore|Roger B. Smith|Rhonda Britton|Fred Ross,Michael Moore,Michael Moore
282128,An American in Hollywood,J.D. Williams|Hassan Johnson|Anil Raman|Richard Carroll Jr.|Richard Carroll Jr.|Samantha Esteban|Amber Lee Ettinger|Silvestre Rasuk|Gregory Woo,Sai Varadan,
86812,Sound of My Voice,Brit Marling|Christopher Denham|Nicole Vicius|Davenia McFadden|Kandice Stroh|Richard Wharton|Christy Meyers|Alvin Lam|Constance Wu|Matthew Carey,Zal Batmanglij,Brit Marling|Zal Batmanglij
38786,The Blood of My Brother: A Story of Death in Iraq,,,
84355,Your Sister's Sister,Mark Duplass|Emily Blunt|Rosemarie DeWitt|Mike Birbiglia|Kate Bayley|Jeanette Maus,Lynn Shelton,Lynn Shelton
18632,A Dog's Breakfast,David Hewlett|Kate Hewlett|Paul McGillion|Christopher Judge|Rachel Luttrell|Amanda Byram|Michael Lenic,David Hewlett,David Hewlett|Jane Loughman
40652,The Married Woman,Macha Méril|Bernard Noël|Philippe Leroy|Christophe Bourseiller|Roger Leenhardt|Margaret Le Van|Véronique Duval|Rita Maiden|Georges Liron|Jean-Luc Godard,Jean-Luc Godard,Jean-Luc Godard
339408,The Birth of a Nation,Nate Parker|Armie Hammer|Aja Naomi King|Jackie Earle Haley|Penelope Ann Miller|Gabrielle Union|Mark Boone Junior|Aunjanue Ellis|Dwight Henry|Esther Scott,Nate Parker,Nate Parker|Jean McGianni Celestin
266857,The Work and The Story,Kirby Heyborne|Christopher Robin Miller|Eric Artell,Nathan Smith Jones,
18925,Facing the Giants,James Blackwell|Alex Kendrick|Shannen Fields|Chris WIllis|Tracy Goode,Alex Kendrick,Alex Kendrick
299245,The Gallows,Cassidy Gifford|Ryan Shoos|Pfeifer Brown|Reese Mishler|Price T. Morgan|Mackie Burt|Travis Cluff|Melissa Bratton|Theo Burkhardt|David Herrera,Travis Cluff|Chris Lofing,Travis Cluff|Chris Lofing
985,Eraserhead,Jack Nance|Charlotte Stewart|Allen Joseph|Jeanne Bates|Judith Roberts|Laurel Near|T. Max Graham|Jennifer Chambers Lynch|Hal Landon Jr.|Jean Lange,David Lynch,David Lynch
34101,Hollywood Shuffle,Robert Townsend|Craigus R. Johnson|Helen Martin|Starletta DuPois|Keenen Ivory Wayans|Anne-Marie Johnson|John Witherspoon|Lou B. Washington|Steve James|Christopher Jackson,Robert Townsend,Keenen Ivory Wayans|Robert Townsend
9821,The Mighty,Sharon Stone|Elden Henson|Kieran Culkin|Gena Rowlands|Harry Dean Stanton|Meat Loaf|Jenifer Lewis|James Gandolfini|Gillian Anderson,Peter Chelsom,Rodman Philbrick
65448,Penitentiary,Wilbur 'Hi-Fi' White|Leon Isaac Kennedy|Thommy Pollard |Hazel Spears |Donovan Womack |Floyd 'Wildcat' Chatman |Gloria Delaney |Badja Djola|Chuck Mitchell |Cepheus Jaxon ,Jamaa Fanaka,Jamaa Fanaka
18841,The Lost Skeleton of Cadavra,Fay Masterson|Andrew Parks|Susan McConnell|Brian Howe|Jennifer Blaire|Dan Conroy|Robert Deveau|Darrin Reed|Larry Blamire,Larry Blamire,Larry Blamire
272726,Dude Where's My Dog?,Gabriela Castillo|Trish Cook|Alexander G. Eckert|Kevin Farley|Dan Glenn|Kim Hamilton|Brandon Middleton|Janina Washington|Monti Washington,Stephen Langford,Stephen Langford
175291,Cheap Thrills,Pat Healy|Ethan Embry|Sara Paxton|David Koechner|Amanda Fuller|Laura Covelli|Elissa Dowling|Todd Farmer|Eric Neil Gutierrez|Sam Ketcherside,E.L. Katz,Trent Haaga|David Chirchirillo
80215,Indie Game: The Movie,Jonathan Blow|Phil Fish|Edmund McMillen|Tommy Refenes,Lisanne Pajot|James Swirsky,
13538,Straightheads,Gillian Anderson|Danny Dyer|Adam Rayner|Antony Byrne|Anthony Calf|Ralph Brown|Steven Robertson|Gugu Mbatha-Raw|Francesca Fowler,Dan Reed,Dan Reed
51130,Open Secret,John Ireland|Jane Randolph|Sheldon Leonard|Roman Bohnen|George Tyne|Morgan Farley|Ellen Lowe|Arthur O'Connell|Rory Mallinson|John Alvin,John Reinhardt,Henry Blankfort
270554,Echo Dr.,Johnathan Hurley|Jordan Savage|Dane Bowman|Claire Gordon-Harper,Patrick Ryan Sims,Patrick Ryan Sims
72086,The Night Visitor,Max von Sydow|Trevor Howard|Liv Ullmann|Per Oscarsson|Rupert Davies,László Benedek,Guy Elmes
268917,The Past Is a Grotesque Animal,Dottie Alexander|Derek Almstead|David Barnes|Kevin Barnes|Nina Barnes|Janelle Monae|Solange Knowles|Susan Sarandon|Jon Brion,Jason Miller,Andrew Napier|Jason Miller
64973,"Peace, Propaganda & the Promised Land",,Sut Jhally,
473,Pi,Sean Gullette|Mark Margolis|Ben Shenkman|Samia Shoaib|Pamela Hart|Ajay Naidu|Joanne Gordon|Stephen Pearlman|Kristyn Mae-Anne Lao|Lauren Fox,Darren Aronofsky,Darren Aronofsky|Sean Gullette|Eric Watson
90414,"I Love You, Don't Touch Me!",Marla Schaffel|Mitchell Whitfield|Michael Harris|Meredith Scott Lynn|Jack McGee|Darryl Theirse|Julie Ariola|Nancy Sorel|Julie Davis|Shannon McLeod,Julie Davis,
111794,20 Dates,Myles Berkowitz|Tia Carrere|Elisabeth Wagner|Richard Arlook|Robert McKee|Elie Samaha,Myles Berkowitz,Myles Berkowitz
360188,Queen Crab,Michelle Simone Miller|Kathryn Metz|A.J. DeLucia|Steve Diasparra|Danielle Donahue|Ken Van Sant|Rich Lounello,Brett Piper,Brett Piper
9372,Super Size Me,Morgan Spurlock|Daryl Isaacs|Lisa Ganjhu|Stephen Siegel|Bridget Bennett|Eric Rowley|Mark Fenton|Alexandra Jamieson|John Banzhaf|David Satcher,Morgan Spurlock,Morgan Spurlock
85860,The FP,Jason Trost|Lee Valmassy|Art Hsu|Caitlyn Folley|Brandon Barrera|James DeBello,Brandon Trost|Jason Trost,Brandon Trost|Jason Trost
244534,Happy Christmas,Anna Kendrick|Melanie Lynskey|Mark Webber|Lena Dunham|Joe Swanberg|Jude Swanberg|Chris Swanson|Eldar Kim|Megan Mercier|Chris Renton,Joe Swanberg,Joe Swanberg
33468,The Brain That Wouldn't Die,Jason Evers|Virginia Leith|Doris Brent|Audrey Devereal|Eddie Carmel|Adele Lamont|Bonnie Sharie|Paula Maurice|Marilyn Hanold|Bruce Brighton,Joseph Green,Rex Carlton|Joseph Green
294086,Tiger Orange,Mark Strano|Frankie Valenti|Johnny Hazzard|Darryl Stephens|Gregory Marcel|Shaun Cozzens|Will McFadden|Vincent Duvall|Tara Samuel|Loanne Bishop,Wade Gasque,Mark Strano|Wade Gasque
139998,Supporting Characters,Alex Karpovsky|Tarik Lowe|Arielle Kebbel|Melonie Diaz|Kevin Corrigan|Sophia Takal|Mike Landry|Lena Dunham,Daniel Schechter,Daniel Schechter|Tarik Lowe
74777,Absentia,Katie Parker|Courtney Bell|Morgan Peter Brown|Dave Levine|Justin Gordon|Doug Jones|Connie Ventress|Ian Gregory|Erin Cipolletti|Damon Pfaff,Mike Flanagan,Mike Flanagan
16388,The Brothers McMullen,Shari Albert|Maxine Bahns|Catharine Bolz|Connie Britton|Edward Burns|Peter Johansen|Jennifer Jostyn|Michael McGlone|Elizabeth McKay|Jack Mulcahy,Edward Burns,Edward Burns
159770,The Dirties,Matt Johnson|Owen Williams|Krista Madison|Brandon Wickens|Jay McCarroll|Shailene Garnett,Matt Johnson,Evan Morgan|Matt Johnson|Josh Boles|Matthew Miller
42109,Gabriela,Sônia Braga|Marcello Mastroianni|Antonio Cantafora|Paulo Goulart|Tania Boscoli|Nicole Puzzi|Flávio Galvão|Ricardo Petráglia|Lutero Luiz|Joffre Soares,Bruno Barreto,Bruno Barreto|Leopoldo Serran|Jorge Amado|Flávio R. Tambellini
47607,Tiny Furniture,Lena Dunham|Laurie Simmons|Grace Dunham|Rachel Howe|Merritt Wever|Amy Seimetz|Alex Karpovsky|Jemima Kirke|Garland Hunter|Isen Ritchie,Lena Dunham,Lena Dunham
193603,Hayride,Richard Tyson|Sherri Eakin|Jeremy Ivy|Jeremy Sande|Corlandos Scott ,Terron R. Parsons,Terron R. Parsons
84659,The Naked Ape,Josh Wise|Chelse Swain|Sean Shanks|Amanda MacDonald|Corbin Bernsen|Tony LaThanh|Michael Jackson|Lydia Blanco Garza,Daniel Mellitz,Daniel Mellitz
322745,Counting,,Jem Cohen,
20981,The Call of Cthulhu,Matt Foyer|John Bolen|Ralph Lucas|Chad Fifer|Susan Zucker|Kalafatic Poole,Andrew Leman,H.P. Lovecraft|Sean Branney
174362,Bending Steel,,Dave Carroll,Dave Carroll|Ryan Scafuro
242095,The Signal,Brenton Thwaites|Olivia Cooke|Beau Knapp|Laurence Fishburne|Robert Longstreet|Lin Shaye|Jeffrey Grover|Patrick Davidson|Roy Kenny|Timothy Holmes,William Eubank,William Eubank|David Frigerio|Carlyle Eurbank
250902,The Image Revolution,Todd McFarlane|Rob Liefeld|Jim Lee|Marc Silvestri|Erik Larsen|Jim Valentino|Robert Kirkman|Bryan J.L. Glass|Enrique Carron|Rob Guillory,Patrick Meaney,Patrick Meaney
158895,This Is Martin Bonner,Paul Eenhoorn|Richmond Arquette|Sam Buchanan|Robert Longstreet|Kristin Slaysman|Demetrius Grosse|Jan Haley|Tom Plunkett|Moira Price|Allie Braun,Chad Hartigan,Chad Hartigan
222250,A True Story,Katrina Bowden|Jon Gries|Malcolm Goodwin|Cameron Fife|Tyler McGee|Keith Loneker|Kelen Coleman|Chelsea Logan|Sugar Lyn Beard|Kassidy Serbus,Malcolm Goodwin,
18292,George Washington,Candace Evanofski|Donald Holden|Damian Jewan Lee|Curtis Cotton III|Rachael Handy|Paul Schneider|Eddie Rouse|Janet Taylor|Derricka Rolle|Ebony Jones,David Gordon Green,David Gordon Green
125537,Smiling Fish & Goat On Fire,Derick Martini|Amy Hathaway|Steven Martini,Kevin Jordan,
326576,Dawn of the Crescent Moon,Barry Corbin|Brooke Coleman|Kurt Cole|Brandon Smith|Alan Pietruszewski|Tracey Birdsall|Kerry Beyer|Michelle Ellen Jones,Kirk Loudon,Kirk Loudon|Kevin B. Coleman
228550,Raymond Did It,Kyle Hoskins|Elissa Dowling|Linda Cieslik|Steven Lee Edwards|Valerie Meachum|Jessica Palette|Patricia Raven|Lindsay Felton,Travis Legge,
13963,The Last Waltz,Robbie Robertson|Rick Danko|Levon Helm|Richard Manuel|Garth Hudson|Eric Clapton|Neil Diamond|Bob Dylan|Neil Young|Joni Mitchell,Martin Scorsese,Mardik Martin
290391,"Run, Hide, Die",Alison Monda|Alicia Mendez|Ivey Bronwen|Tabitha Bastien|Keiko Green|Gail Harvey|Nathan Christopher Haase|Philip D. Clarke|Ronee Collins|Julianne Gabert,Collin Joseph Neal,Alison Monda
44770,The Exploding Girl,Zoe Kazan|Mark Rendall|Maryann Urbano|Hunter Canning|Franklin Pipp|Kay Goldberg|Margot Ruth Tenenbaum|Nichael Alexander Eisner|Genevieve T. Eisner|Caseyarnoux Charlot,Bradley Rust Gray,Bradley Rust Gray
69382,The Legend of God's Gun,Robert Bones|Kirpatrick Thomas|Dave Koenig|Julie Patterson,Mike Bruce,
40769,Mutual Appreciation,Justin Rice|Rachel Clift|Andrew Bujalski,Andrew Bujalski,Andrew Bujalski
220490,Her Cry: La Llorona Investigation,Nichole Ceballos|James Ezrin|Everardo Guzman|Parker Riggs|Gabrielle Santamauro,Damir Catic,Damir Catic
42151,Down Terrace,Robert Hill|Robin Hill|Julia Deakin|David Schaal|Tony Way|Michael Smiley|Kerry Peacock|Mark Kempner|Gareth Tunley,Ben Wheatley,Ben Wheatley|Robin Hill
2292,Clerks,Brian O'Halloran|Jeff Anderson|Jason Mewes|Kevin Smith|Lisa Spoonhauer|Marilyn Ghigliotti|Scott Mosier|Walt Flanagan|Scott Schiaffo|David Klein,Kevin Smith,Kevin Smith
42497,Pink Narcissus,Bobby Kendall|Donald L. Brooks|Charles Ludlam,James Bidgood,James Bidgood
33693,Funny Ha Ha,Kate Dollenmayer|Mark Herlehy|Christian Rudder|Jennifer L. Schaper|Myles Paige|Marshall Lewy|Danny Miller|Mark Capraro|Sabrina Hawthorne|Lissa Patton Rudder,Andrew Bujalski,Andrew Bujalski
14585,In the Company of Men,Aaron Eckhart|Stacy Edwards|Matt Malloy|Michael Martin|Mark Rector,Neil LaBute,Neil LaBute
185465,Manito,Franky G|Leo Minaya|Manuel Cabral|Jessica Morales|Julissa Lopez|Hector Gonzalez,Eric Eason,Eric Eason
38780,Rampage,Brendan Fletcher|Shaun Sipos|Michael Paré|Lynda Boyd|Matt Frewer|Robert Clarke|Malcolm Stewart|Katey Grace|Steffen Mennekes|Julie Patzwald,Uwe Boll,Uwe Boll
14022,Slacker,Richard Linklater|Mark James,Richard Linklater,Richard Linklater
366967,Dutch Kills,R.L. Mann|Tama Filianga|Mikaal Bates|Celestine Rae|Lodric D. Collins,Joseph Mazzella,Joseph Mazzella|Tama Filianga|R.L. Mann
255266,Dry Spell,Suzi Lorraine|Jared Degado|Heather Dorff|Rachael Robbins|Kris Eivers|Travis Legge,Travis Legge,Travis Legge|Kyle Hoskins
17345,Flywheel,Alex Kendrick,Alex Kendrick,Alex Kendrick|Stephen Kendrick
226458,Backmask,Stephen Lang|Kelly Blatz|Brittany Curran|Gage Golightly|Nick Nicotera|Michael Ormsby|Brett Dier|Kevin Chapman|Nick Nordella|Laura Putnam,Marcus Nispel,Kirsten Elms
24055,The Puffy Chair,Mark Duplass|Katie Aselton|Rhett Wilkins,Jay Duplass|Mark Duplass,Mark Duplass
287625,Stories of Our Lives,Louis Brooke|Allan Bryan Weku|Judy Gichohi|Kelly Gichohi|Olwenya Maina|Janice Mugo|Tim Mutungi|Rose Njenga|Mugambi Nthiga|Paul Ogola,Jim Chuchu,Jim Chuchu|Njoki Ngumi
44990,Breaking Upwards,Zoe Lister-Jones|Daryl Wein|Julie White|Andrea Martin|Peter Friedman|LaChanze|Ebon Moss-Bachrach|Olivia Thirlby|Pablo Schreiber|Heather Burns,Daryl Wein,Zoe Lister-Jones|Daryl Wein|Peter Duchan
86304,All Superheroes Must Die,Jason Trost|Lucas Till|James Remar|Sophie Merkley|Nick Principe,Jason Trost,Jason Trost
692,Pink Flamingos,Divine|David Lochary|Mary Vivian Pearce|Mink Stole|Danny Mills|Edith Massey|Channing Wilroy|Cookie Mueller|Susan Walsh|Linda Olgeirson,John Waters,John Waters
39851,Clean,Maggie Cheung|Nick Nolte|Béatrice Dalle|Jeanne Balibar|Don McKellar|Martha Henry|James Johnston|James Dennis|Rémi Martin|Laëtitia Spigarelli,Olivier Assayas,Olivier Assayas
13898,The Circle,Nargess Mamizadeh|Maryiam Palvin Almani|Mojgan Faramarzi|Elham Saboktakin|Monir Arab|Maedeh Tahmasebi|Maryam Shayegan,Jafar Panahi,Kambuzia Partovi
157185,Tin Can Man,Michael Parle|Emma Eliza Regan|Patrick O'Donnell|Kreeta Taponen,Ivan Kavanagh,Ivan Kavanagh
36095,Cure,Koji Yakusho|Masato Hagiwara|Tsuyoshi Ujiki|Anna Nakagawa|Yukijiro Hotaru|Denden|Ren Osugi|Masahiro Toda|Misayo Haruki|Shun Nakayama,Kiyoshi Kurosawa,Kiyoshi Kurosawa
182291,On The Downlow,Tony Sancho|Michael Cortez|Donato Cruz|Felipe Camacho|Carmen Cenko|Jonathan Rodriguez|Adelina Quinones|Beatriz Jamaica|Tatiana Suarez-Pico|Eric Ambriz,Tadeo Garcia,Tadeo Garcia|Roger B. Domian
286939,Sanctuary: Quite a Conundrum,Sasha Ramos|Erin Cline|Emily Rogers|Anthony Rutowicz|Joe Coffey,Thomas L. Phillips,Thomas L. Phillips
124606,Bang,Darling Narita|Peter Greene|Michael Newland|Erik Schrody|Michael Artura|James Sharpe|Luis Guizar|Art Cruz|David Alan Graf|Stanley B. Herman,Ash Baron-Cohen,Ash Baron-Cohen
14337,Primer,Shane Carruth|David Sullivan|Casey Gooden|Anand Upadhyaya|Carrie Crawford|Jay Butler|John Carruth|Juan Tapia|Ashley Warren|Samantha Thomson,Shane Carruth,Shane Carruth
67238,Cavite,,Neill Dela Llana|Ian Gamazon,
9367,El Mariachi,Carlos Gallardo|Jaime de Hoyos|Peter Marquardt|Reinol Martinez|Ramiro Gomez|Consuelo Gómez|Juan García,Robert Rodriguez,Robert Rodriguez
72766,Newlyweds,Edward Burns|Kerry Bishé|Marsha Dietlein|Caitlin Fitzgerald|Daniella Pineda,Edward Burns,Edward Burns
231617,"Signed, Sealed, Delivered",Eric Mabius|Kristin Booth|Crystal Lowe|Geoff Gustafson|Benjamin Hollingsworth|Laci J Mailey|Daphne Zuniga,Scott Smith,Martha Williamson
126186,Shanghai Calling,Daniel Henney|Eliza Coupe|Bill Paxton|Alan Ruck|Zhu Shimao,Daniel Hsia,Daniel Hsia
25975,My Date with Drew,Drew Barrymore|Brian Herzlinger|Corey Feldman|Eric Roberts|Griffin Dunne|Samuel L. Jackson|Matt LeBlanc|Bill D'Elia,Brian Herzlinger|Jon Gunn|Brett Winn,
